{
  "type": "FeatureCollection",
  "features": [
    {
      "type": "Feature",
      "id": 1,
      "geometry": {
        "type": "MultiPolygon",
        "coordinates": [
          [
            [
              [
                80.35377116182305,
                7.065437189675774
              ],
              [
                80.35376208877781,
                7.065434902188102
              ],
              [
                80.35376936498189,
                7.065429023732184
              ],
              [
                80.35377116182305,
                7.065437189675774
              ]
            ]
          ],
          [
            [
              [
                80.35380386032016,
                7.0654300086423225
              ],
              [
                80.3537947872761,
                7.065427720250733
              ],
              [
                80.35380206257425,
                7.065421841793017
              ],
              [
                80.35380386032016,
                7.0654300086423225
              ]
            ]
          ],
          [
            [
              [
                80.35381203449253,
                7.065428212704559
              ],
              [
                80.3538029614472,
                7.065425925217663
              ],
              [
                80.35381023765066,
                7.065420046761062
              ],
              [
                80.35381203449253,
                7.065428212704559
              ]
            ]
          ],
          [
            [
              [
                80.3538202086636,
                7.065426417671164
              ],
              [
                80.3538111356195,
                7.065424129279907
              ],
              [
                80.35381841182284,
                7.06541825082315
              ],
              [
                80.3538202086636,
                7.065426417671164
              ]
            ]
          ]
        ]
      },
      "properties": {
        "OBJECTID": 1,
        "Entity": "Insert",
        "Handle": "18D52",
        "Layer": "0",
        "LyrFrzn": 0,
        "LyrOn": 1,
        "Color": 7,
        "Linetype": "Continuous",
        "Elevation": -100.6104908369852,
        "LineWt": 25,
        "RefName": "ARROW",
        "DocUpdate": 1783359710000,
        "DocId": 1.1061215596273316e+19,
        "t0": null,
        "t00": null,
        "Shape_Length": 11.965396114880056,
        "Shape_Area": 1.708950589577969
      }
    },
    {
      "type": "Feature",
      "id": 2,
      "geometry": {
        "type": "MultiPolygon",
        "coordinates": [
          [
            [
              [
                80.35924329166848,
                7.062226444545895
              ],
              [
                80.35923736198761,
                7.062215867769043
              ],
              [
                80.35924938950146,
                7.0622174753743066
              ],
              [
                80.35924329166848,
                7.062226444545895
              ]
            ]
          ],
          [
            [
              [
                80.35927920425092,
                7.0622508124018335
              ],
              [
                80.35927327456895,
                7.062240235625347
              ],
              [
                80.3592853020836,
                7.06224184322975
              ],
              [
                80.35927920425092,
                7.0622508124018335
              ]
            ]
          ],
          [
            [
              [
                80.35928818239744,
                7.062256904139301
              ],
              [
                80.35928225362063,
                7.06224632736415
              ],
              [
                80.35929428023007,
                7.062247934967093
              ],
              [
                80.35928818239744,
                7.062256904139301
              ]
            ]
          ],
          [
            [
              [
                80.35929716054423,
                7.062262995876615
              ],
              [
                80.35929123176713,
                7.062252419101556
              ],
              [
                80.35930325837678,
                7.062254026704285
              ],
              [
                80.35929716054423,
                7.062262995876615
              ]
            ]
          ]
        ]
      },
      "properties": {
        "OBJECTID": 2,
        "Entity": "Insert",
        "Handle": "18D53",
        "Layer": "0",
        "LyrFrzn": 0,
        "LyrOn": 1,
        "Color": 7,
        "Linetype": "Continuous",
        "Elevation": -63.99,
        "LineWt": 25,
        "RefName": "ARROW",
        "DocUpdate": 1783359710000,
        "DocId": 1.1061215596273316e+19,
        "t0": null,
        "t00": null,
        "Shape_Length": 15.515921458437779,
        "Shape_Area": 2.8736165311032433
      }
    },
    {
      "type": "Feature",
      "id": 3,
      "geometry": {
        "type": "MultiPolygon",
        "coordinates": [
          [
            [
              [
                80.36144642130847,
                7.063253117264947
              ],
              [
                80.3614394620906,
                7.063243186751444
              ],
              [
                80.3614515899984,
                7.0632435832623806
              ],
              [
                80.36144642130847,
                7.063253117264947
              ]
            ]
          ],
          [
            [
              [
                80.36148459465686,
                7.063273771311036
              ],
              [
                80.36147763634334,
                7.06326384079925
              ],
              [
                80.36148976425054,
                7.0632642382137805
              ],
              [
                80.36148459465686,
                7.063273771311036
              ]
            ]
          ],
          [
            [
              [
                80.36149413821964,
                7.063278935726956
              ],
              [
                80.36148717990584,
                7.063269005215306
              ],
              [
                80.36149930781444,
                7.063269401725049
              ],
              [
                80.36149413821964,
                7.063278935726956
              ]
            ]
          ],
          [
            [
              [
                80.3615036817839,
                7.063284099238163
              ],
              [
                80.3614967234698,
                7.0632741687266325
              ],
              [
                80.36150885137857,
                7.063274565236139
              ],
              [
                80.3615036817839,
                7.063284099238163
              ]
            ]
          ]
        ]
      },
      "properties": {
        "OBJECTID": 3,
        "Entity": "Insert",
        "Handle": "18D54",
        "Layer": "0",
        "LyrFrzn": 0,
        "LyrOn": 1,
        "Color": 7,
        "Linetype": "Continuous",
        "Elevation": -63.99,
        "LineWt": 25,
        "RefName": "ARROW",
        "DocUpdate": 1783359710000,
        "DocId": 1.1061215596273316e+19,
        "t0": null,
        "t00": null,
        "Shape_Length": 15.515847692386263,
        "Shape_Area": 2.873606600107869
      }
    },
    {
      "type": "Feature",
      "id": 4,
      "geometry": {
        "type": "MultiPolygon",
        "coordinates": [
          [
            [
              [
                80.35569410623818,
                7.065135011607713
              ],
              [
                80.3557023889696,
                7.065130661370083
              ],
              [
                80.35570090302511,
                7.065139891032626
              ],
              [
                80.35569410623818,
                7.065135011607713
              ]
            ]
          ],
          [
            [
              [
                80.35567456888468,
                7.065162171407275
              ],
              [
                80.35568285161678,
                7.065157821170056
              ],
              [
                80.35568136567176,
                7.065167050832482
              ],
              [
                80.35567456888468,
                7.065162171407275
              ]
            ]
          ],
          [
            [
              [
                80.35566968454594,
                7.065168961356994
              ],
              [
                80.3556779672782,
                7.065164611119898
              ],
              [
                80.35567648133305,
                7.065173840782276
              ],
              [
                80.35566968454594,
                7.065168961356994
              ]
            ]
          ],
          [
            [
              [
                80.35566480020704,
                7.0651757513066675
              ],
              [
                80.35567308293948,
                7.065171401069654
              ],
              [
                80.3556715969942,
                7.065180630732022
              ],
              [
                80.35566480020704,
                7.0651757513066675
              ]
            ]
          ]
        ]
      },
      "properties": {
        "OBJECTID": 4,
        "Entity": "Insert",
        "Handle": "18D55",
        "Layer": "0",
        "LyrFrzn": 0,
        "LyrOn": 1,
        "Color": 7,
        "Linetype": "Continuous",
        "Elevation": 43.8895091630148,
        "LineWt": 25,
        "RefName": "ARROW",
        "DocUpdate": 1783359710000,
        "DocId": 1.1061215596273316e+19,
        "t0": null,
        "t00": null,
        "Shape_Length": 11.965413012953245,
        "Shape_Area": 1.708953039541985
      }
    },
    {
      "type": "Feature",
      "id": 5,
      "geometry": {
        "type": "MultiPolygon",
        "coordinates": [
          [
            [
              [
                80.35592057679351,
                7.0639458531979304
              ],
              [
                80.35592402861046,
                7.063937163544213
              ],
              [
                80.35592891604428,
                7.063945135657369
              ],
              [
                80.35592057679351,
                7.0639458531979304
              ]
            ]
          ],
          [
            [
              [
                80.35592344893507,
                7.063979174923897
              ],
              [
                80.35592690075102,
                7.063970486174723
              ],
              [
                80.35593178818644,
                7.063978457383339
              ],
              [
                80.35592344893507,
                7.063979174923897
              ]
            ]
          ],
          [
            [
              [
                80.35592416719624,
                7.063987505807968
              ],
              [
                80.35592761810804,
                7.0639788161530115
              ],
              [
                80.3559325055423,
                7.063986788266161
              ],
              [
                80.35592416719624,
                7.063987505807968
              ]
            ]
          ],
          [
            [
              [
                80.35592488455322,
                7.063995835786253
              ],
              [
                80.35592833636927,
                7.063987147037083
              ],
              [
                80.35593322380487,
                7.063995118245696
              ],
              [
                80.35592488455322,
                7.063995835786253
              ]
            ]
          ]
        ]
      },
      "properties": {
        "OBJECTID": 5,
        "Entity": "Insert",
        "Handle": "18D56",
        "Layer": "0",
        "LyrFrzn": 0,
        "LyrOn": 1,
        "Color": 7,
        "Linetype": "Continuous",
        "Elevation": 18.8895091630148,
        "LineWt": 25,
        "RefName": "ARROW",
        "DocUpdate": 1783359710000,
        "DocId": 1.1061215596273316e+19,
        "t0": null,
        "t00": null,
        "Shape_Length": 11.965425713790374,
        "Shape_Area": 1.7089621604505647
      }
    },
    {
      "type": "Feature",
      "id": 6,
      "geometry": {
        "type": "MultiPolygon",
        "coordinates": [
          [
            [
              [
                80.35438132499948,
                7.066336411083003
              ],
              [
                80.35438741495304,
                7.066329312563005
              ],
              [
                80.35438944498694,
                7.066338438542734
              ],
              [
                80.35438132499948,
                7.066336411083003
              ]
            ]
          ],
          [
            [
              [
                80.35437320697363,
                7.0663688573712005
              ],
              [
                80.3543792960211,
                7.066361759754632
              ],
              [
                80.35438132696034,
                7.066370885735652
              ],
              [
                80.35437320697363,
                7.0663688573712005
              ]
            ]
          ],
          [
            [
              [
                80.35437117656122,
                7.06637696916808
              ],
              [
                80.35437726651425,
                7.066369871552808
              ],
              [
                80.35437929654803,
                7.0663789975325795
              ],
              [
                80.35437117656122,
                7.06637696916808
              ]
            ]
          ],
          [
            [
              [
                80.35436914705414,
                7.066385080966196
              ],
              [
                80.35437523700733,
                7.066377983350982
              ],
              [
                80.35437726704109,
                7.0663871093307415
              ],
              [
                80.35436914705414,
                7.066385080966196
              ]
            ]
          ]
        ]
      },
      "properties": {
        "OBJECTID": 6,
        "Entity": "Insert",
        "Handle": "18D57",
        "Layer": "0",
        "LyrFrzn": 0,
        "LyrOn": 1,
        "Color": 7,
        "Linetype": "Continuous",
        "Elevation": 57.3895091630148,
        "LineWt": 25,
        "RefName": "ARROW",
        "DocUpdate": 1783359710000,
        "DocId": 1.1061215596273316e+19,
        "t0": null,
        "t00": null,
        "Shape_Length": 11.965621761959003,
        "Shape_Area": 1.7090126489492379
      }
    },
    {
      "type": "Feature",
      "id": 7,
      "geometry": {
        "type": "Polygon",
        "coordinates": [
          [
            [
              80.35385660404248,
              7.064936091046295
            ],
            [
              80.35382292990424,
              7.064937770240532
            ],
            [
              80.35378526604613,
              7.06493576424347
            ],
            [
              80.3537454270325,
              7.064930692463873
            ],
            [
              80.35370394259182,
              7.064922525785752
            ],
            [
              80.35365538704602,
              7.064906217508208
            ],
            [
              80.35357571626683,
              7.064848495249304
            ],
            [
              80.35354670771567,
              7.064822938024494
            ],
            [
              80.35352816435719,
              7.0647934533316565
            ],
            [
              80.35347878592773,
              7.064700133363746
            ],
            [
              80.35349742610656,
              7.064695766772316
            ],
            [
              80.35349526298828,
              7.064657315492526
            ],
            [
              80.35349713798708,
              7.064623555316708
            ],
            [
              80.35350028193143,
              7.06459014876526
            ],
            [
              80.35350120511701,
              7.064549353584244
            ],
            [
              80.35354239736091,
              7.064530579120023
            ],
            [
              80.35357302575744,
              7.064543087014098
            ],
            [
              80.35359916062647,
              7.064545016440183
            ],
            [
              80.35362870626987,
              7.064552846369695
            ],
            [
              80.35365785168705,
              7.0645587346046534
            ],
            [
              80.35368760027136,
              7.064564523270158
            ],
            [
              80.35371664842297,
              7.064568080372903
            ],
            [
              80.3537485544221,
              7.064574714149351
            ],
            [
              80.35376304037668,
              7.064565801009698
            ],
            [
              80.3537756179278,
              7.064576247760636
            ],
            [
              80.3537801677745,
              7.064588656183417
            ],
            [
              80.3538121172064,
              7.064630525380874
            ],
            [
              80.35385029684615,
              7.064663396726864
            ],
            [
              80.35386481124002,
              7.064671825422156
            ],
            [
              80.35387501090428,
              7.064684362880927
            ],
            [
              80.35386831685712,
              7.064700718503225
            ],
            [
              80.3538614727773,
              7.064724051522018
            ],
            [
              80.35385433855839,
              7.064747016896226
            ],
            [
              80.35385620658208,
              7.0647763011820235
            ],
            [
              80.35386256053758,
              7.064807947100266
            ],
            [
              80.35387184233761,
              7.064840515181325
            ],
            [
              80.35387693570263,
              7.0648697026280605
            ],
            [
              80.3538810950959,
              7.064897913688872
            ],
            [
              80.3538660339443,
              7.0649154688928375
            ],
            [
              80.35385660404248,
              7.064936091046295
            ]
          ]
        ]
      },
      "properties": {
        "OBJECTID": 7,
        "Entity": "LWPolyline",
        "Handle": "18F64",
        "Layer": "0",
        "LyrFrzn": 0,
        "LyrOn": 1,
        "Color": 3,
        "Linetype": "Continuous",
        "Elevation": -58.089999999999996,
        "LineWt": 25,
        "RefName": "",
        "DocUpdate": 1783359710000,
        "DocId": 1.1061215596273316e+19,
        "t0": null,
        "t00": null,
        "Shape_Length": 149.55124832941354,
        "Shape_Area": 1429.7056023398043
      }
    },
    {
      "type": "Feature",
      "id": 8,
      "geometry": {
        "type": "MultiPolygon",
        "coordinates": [
          [
            [
              [
                80.32179015671485,
                7.050468990221483
              ],
              [
                80.32178644420344,
                7.0504411912586065
              ],
              [
                80.32181093201358,
                7.0504549042416285
              ],
              [
                80.32179015671485,
                7.050468990221483
              ]
            ]
          ],
          [
            [
              [
                80.32184655556254,
                7.050552011395453
              ],
              [
                80.32184284395295,
                7.050524212434069
              ],
              [
                80.32186733086375,
                7.050537925413348
              ],
              [
                80.32184655556254,
                7.050552011395453
              ]
            ]
          ],
          [
            [
              [
                80.32186065527783,
                7.050572766462012
              ],
              [
                80.321856943666,
                7.05054496840518
              ],
              [
                80.32188143057965,
                7.050558680479322
              ],
              [
                80.32186065527783,
                7.050572766462012
              ]
            ]
          ],
          [
            [
              [
                80.3218747549943,
                7.05059352152823
              ],
              [
                80.32187104338159,
                7.050565723471456
              ],
              [
                80.32189553029674,
                7.050579435544991
              ],
              [
                80.3218747549943,
                7.05059352152823
              ]
            ]
          ]
        ]
      },
      "properties": {
        "OBJECTID": 8,
        "Entity": "Insert",
        "Handle": "1EE40",
        "Layer": "0",
        "LyrFrzn": 0,
        "LyrOn": 1,
        "Color": 7,
        "Linetype": "Continuous",
        "Elevation": -100.6104908369852,
        "LineWt": 25,
        "RefName": "ARROW",
        "DocUpdate": 1783359710000,
        "DocId": 1.1061215596273316e+19,
        "t0": null,
        "t00": null,
        "Shape_Length": 35.89602095495119,
        "Shape_Area": 15.380374503941054
      }
    },
    {
      "type": "Feature",
      "id": 9,
      "geometry": {
        "type": "MultiPolygon",
        "coordinates": [
          [
            [
              [
                80.3240432104311,
                7.053986358588733
              ],
              [
                80.32403669655189,
                7.053959080206875
              ],
              [
                80.32406244956721,
                7.053970241428313
              ],
              [
                80.3240432104311,
                7.053986358588733
              ]
            ]
          ],
          [
            [
              [
                80.32410774513598,
                7.054063239602984
              ],
              [
                80.32410123125355,
                7.054035960317124
              ],
              [
                80.3241269842735,
                7.054047122440047
              ],
              [
                80.32410774513598,
                7.054063239602984
              ]
            ]
          ],
          [
            [
              [
                80.3241238790418,
                7.054082459855766
              ],
              [
                80.32411736425284,
                7.054055180568712
              ],
              [
                80.32414311817972,
                7.054066342692201
              ],
              [
                80.3241238790418,
                7.054082459855766
              ]
            ]
          ],
          [
            [
              [
                80.32414001204354,
                7.054101680106775
              ],
              [
                80.32413349815886,
                7.05407440082118
              ],
              [
                80.32415925118312,
                7.054085562038051
              ],
              [
                80.32414001204354,
                7.054101680106775
              ]
            ]
          ]
        ]
      },
      "properties": {
        "OBJECTID": 9,
        "Entity": "Insert",
        "Handle": "1EE41",
        "Layer": "0",
        "LyrFrzn": 0,
        "LyrOn": 1,
        "Color": 7,
        "Linetype": "Continuous",
        "Elevation": -100.6104908369852,
        "LineWt": 25,
        "RefName": "ARROW",
        "DocUpdate": 1783359710000,
        "DocId": 1.1061215596273316e+19,
        "t0": null,
        "t00": null,
        "Shape_Length": 35.89613137001582,
        "Shape_Area": 15.380460639009153
      }
    },
    {
      "type": "Feature",
      "id": 10,
      "geometry": {
        "type": "MultiPolygon",
        "coordinates": [
          [
            [
              [
                80.32702868832367,
                7.054334608370969
              ],
              [
                80.32701673898043,
                7.054309231651139
              ],
              [
                80.3270442302846,
                7.054314907417237
              ],
              [
                80.32702868832367,
                7.054334608370969
              ]
            ]
          ],
          [
            [
              [
                80.32710757053832,
                7.054396713338616
              ],
              [
                80.32709562118934,
                7.054371336620315
              ],
              [
                80.32712311249848,
                7.05437701238219
              ],
              [
                80.32710757053832,
                7.054396713338616
              ]
            ]
          ],
          [
            [
              [
                80.32712729177506,
                7.054412239127454
              ],
              [
                80.32711534151923,
                7.054386862408228
              ],
              [
                80.32714283282962,
                7.05439253816905
              ],
              [
                80.32712729177506,
                7.054412239127454
              ]
            ]
          ],
          [
            [
              [
                80.32714701210644,
                7.05442776581878
              ],
              [
                80.32713506184915,
                7.054402389099938
              ],
              [
                80.32716255316079,
                7.05440806485972
              ],
              [
                80.32714701210644,
                7.05442776581878
              ]
            ]
          ]
        ]
      },
      "properties": {
        "OBJECTID": 10,
        "Entity": "Insert",
        "Handle": "1EE42",
        "Layer": "0",
        "LyrFrzn": 0,
        "LyrOn": 1,
        "Color": 7,
        "Linetype": "Continuous",
        "Elevation": -100.6104908369852,
        "LineWt": 25,
        "RefName": "ARROW",
        "DocUpdate": 1783359710000,
        "DocId": 1.1061215596273316e+19,
        "t0": null,
        "t00": null,
        "Shape_Length": 35.89605247728494,
        "Shape_Area": 15.380405970814229
      }
    },
    {
      "type": "Feature",
      "id": 11,
      "geometry": {
        "type": "MultiPolygon",
        "coordinates": [
          [
            [
              [
                80.32815980526397,
                7.057034773726378
              ],
              [
                80.32814678119456,
                7.057009930058697
              ],
              [
                80.3281744898661,
                7.057014427479367
              ],
              [
                80.32815980526397,
                7.057034773726378
              ]
            ]
          ],
          [
            [
              [
                80.32824127257254,
                7.057093454995049
              ],
              [
                80.32822824759178,
                7.057068611327834
              ],
              [
                80.32825595717475,
                7.057073107840834
              ],
              [
                80.32824127257254,
                7.057093454995049
              ]
            ]
          ],
          [
            [
              [
                80.3282616389506,
                7.057108125083488
              ],
              [
                80.32824861487381,
                7.057083281418016
              ],
              [
                80.32827632355252,
                7.057087777928604
              ],
              [
                80.3282616389506,
                7.057108125083488
              ]
            ]
          ],
          [
            [
              [
                80.32828200533,
                7.057122795171149
              ],
              [
                80.32826898125171,
                7.057097951506121
              ],
              [
                80.32829669083571,
                7.057102448921429
              ],
              [
                80.32828200533,
                7.057122795171149
              ]
            ]
          ]
        ]
      },
      "properties": {
        "OBJECTID": 11,
        "Entity": "Insert",
        "Handle": "1EE43",
        "Layer": "0",
        "LyrFrzn": 0,
        "LyrOn": 1,
        "Color": 7,
        "Linetype": "Continuous",
        "Elevation": -182.6744908369852,
        "LineWt": 25,
        "RefName": "ARROW",
        "DocUpdate": 1783359710000,
        "DocId": 1.1061215596273316e+19,
        "t0": null,
        "t00": null,
        "Shape_Length": 35.89625107997596,
        "Shape_Area": 15.380593616484708
      }
    },
    {
      "type": "Feature",
      "id": 12,
      "geometry": {
        "type": "MultiPolygon",
        "coordinates": [
          [
            [
              [
                80.3306614100256,
                7.061150652641052
              ],
              [
                80.33064925013203,
                7.061125375183514
              ],
              [
                80.33067678749325,
                7.061130823803587
              ],
              [
                80.3306614100256,
                7.061150652641052
              ]
            ]
          ],
          [
            [
              [
                80.33074080545771,
                7.061212102982869
              ],
              [
                80.33072864555835,
                7.06118682552691
              ],
              [
                80.33075618383124,
                7.061192273239478
              ],
              [
                80.33074080545771,
                7.061212102982869
              ]
            ]
          ],
          [
            [
              [
                80.3307606540934,
                7.061227465113905
              ],
              [
                80.33074849419127,
                7.06120218856287
              ],
              [
                80.3307760324654,
                7.061207636274373
              ],
              [
                80.3307606540934,
                7.061227465113905
              ]
            ]
          ],
          [
            [
              [
                80.33078050363454,
                7.0612428281500375
              ],
              [
                80.33076834373227,
                7.061217550694869
              ],
              [
                80.33079588110219,
                7.061222998404021
              ],
              [
                80.33078050363454,
                7.0612428281500375
              ]
            ]
          ]
        ]
      },
      "properties": {
        "OBJECTID": 12,
        "Entity": "Insert",
        "Handle": "1EE44",
        "Layer": "0",
        "LyrFrzn": 0,
        "LyrOn": 1,
        "Color": 7,
        "Linetype": "Continuous",
        "Elevation": -20.720999999999997,
        "LineWt": 25,
        "RefName": "ARROW",
        "DocUpdate": 1783359710000,
        "DocId": 1.1061215596273316e+19,
        "t0": null,
        "t00": null,
        "Shape_Length": 35.8962666971632,
        "Shape_Area": 15.380612636820743
      }
    },
    {
      "type": "Feature",
      "id": 13,
      "geometry": {
        "type": "MultiPolygon",
        "coordinates": [
          [
            [
              [
                80.32216323836036,
                7.050442051923273
              ],
              [
                80.32216026833245,
                7.050419813296362
              ],
              [
                80.32217985913418,
                7.050430782945122
              ],
              [
                80.32216323836036,
                7.050442051923273
              ]
            ]
          ],
          [
            [
              [
                80.32220835731079,
                7.050508468469666
              ],
              [
                80.32220538818596,
                7.0504862298441715
              ],
              [
                80.32222497808618,
                7.050497199490064
              ],
              [
                80.32220835731079,
                7.050508468469666
              ]
            ]
          ],
          [
            [
              [
                80.322219637276,
                7.05052507305833
              ],
              [
                80.32221666815062,
                7.050502834432878
              ],
              [
                80.32223625805182,
                7.05051380407838
              ],
              [
                80.322219637276,
                7.05052507305833
              ]
            ]
          ],
          [
            [
              [
                80.32223091724332,
                7.0505416767422755
              ],
              [
                80.32222794721196,
                7.0505194381155185
              ],
              [
                80.3222475380182,
                7.050530408666474
              ],
              [
                80.32223091724332,
                7.0505416767422755
              ]
            ]
          ]
        ]
      },
      "properties": {
        "OBJECTID": 13,
        "Entity": "Insert",
        "Handle": "1EE45",
        "Layer": "0",
        "LyrFrzn": 0,
        "LyrOn": 1,
        "Color": 7,
        "Linetype": "Continuous",
        "Elevation": -63.99,
        "LineWt": 25,
        "RefName": "ARROW",
        "DocUpdate": 1783359710000,
        "DocId": 1.1061215596273316e+19,
        "t0": null,
        "t00": null,
        "Shape_Length": 28.71714514549104,
        "Shape_Area": 9.843682949191098
      }
    },
    {
      "type": "Feature",
      "id": 14,
      "geometry": {
        "type": "MultiPolygon",
        "coordinates": [
          [
            [
              [
                80.32699543411911,
                7.053790858063898
              ],
              [
                80.32698541741789,
                7.053810937839165
              ],
              [
                80.32697534820564,
                7.053790884294342
              ],
              [
                80.32699543411911,
                7.053790858063898
              ]
            ]
          ],
          [
            [
              [
                80.32699532819171,
                7.053710589613476
              ],
              [
                80.32698531149252,
                7.053730669388972
              ],
              [
                80.32697524137626,
                7.053710615842938
              ],
              [
                80.32699532819171,
                7.053710589613476
              ]
            ]
          ],
          [
            [
              [
                80.326995301936,
                7.053690522501142
              ],
              [
                80.32698528523734,
                7.053710602276694
              ],
              [
                80.32697521512144,
                7.053690548730701
              ],
              [
                80.326995301936,
                7.053690522501142
              ]
            ]
          ],
          [
            [
              [
                80.32699527568023,
                7.053670455388808
              ],
              [
                80.32698525807665,
                7.053690535163113
              ],
              [
                80.32697518886651,
                7.053670481618449
              ],
              [
                80.32699527568023,
                7.053670455388808
              ]
            ]
          ]
        ]
      },
      "properties": {
        "OBJECTID": 14,
        "Entity": "Insert",
        "Handle": "1EE48",
        "Layer": "0",
        "LyrFrzn": 0,
        "LyrOn": 1,
        "Color": 7,
        "Linetype": "Continuous",
        "Elevation": -65.99000000000001,
        "LineWt": 25,
        "RefName": "ARROW",
        "DocUpdate": 1783359710000,
        "DocId": 1.1061215596273316e+19,
        "t0": null,
        "t00": null,
        "Shape_Length": 28.716473547129503,
        "Shape_Area": 9.843226301232939
      }
    },
    {
      "type": "Feature",
      "id": 15,
      "geometry": {
        "type": "MultiPolygon",
        "coordinates": [
          [
            [
              [
                80.3230960132183,
                7.051927840298345
              ],
              [
                80.32307623704622,
                7.0519384724645064
              ],
              [
                80.32307958851663,
                7.051916288226992
              ],
              [
                80.3230960132183,
                7.051927840298345
              ]
            ]
          ],
          [
            [
              [
                80.32314226758992,
                7.0518622065808
              ],
              [
                80.32312249142161,
                7.051872838749316
              ],
              [
                80.3231258428891,
                7.051850654511137
              ],
              [
                80.32314226758992,
                7.0518622065808
              ]
            ]
          ],
          [
            [
              [
                80.32315383095336,
                7.051845798828545
              ],
              [
                80.32313405478604,
                7.051856430997648
              ],
              [
                80.32313740625408,
                7.051834245854779
              ],
              [
                80.32315383095336,
                7.051845798828545
              ]
            ]
          ],
          [
            [
              [
                80.32316539431729,
                7.051829390171386
              ],
              [
                80.3231456181509,
                7.051840022341078
              ],
              [
                80.32314896961691,
                7.051817838102576
              ],
              [
                80.32316539431729,
                7.051829390171386
              ]
            ]
          ]
        ]
      },
      "properties": {
        "OBJECTID": 15,
        "Entity": "Insert",
        "Handle": "1EE4A",
        "Layer": "0",
        "LyrFrzn": 0,
        "LyrOn": 1,
        "Color": 7,
        "Linetype": "Continuous",
        "Elevation": -13.990000000000002,
        "LineWt": 25,
        "RefName": "ARROW",
        "DocUpdate": 1783359710000,
        "DocId": 1.1061215596273316e+19,
        "t0": null,
        "t00": null,
        "Shape_Length": 28.717230382013284,
        "Shape_Area": 9.843741108154482
      }
    },
    {
      "type": "Feature",
      "id": 16,
      "geometry": {
        "type": "MultiPolygon",
        "coordinates": [
          [
            [
              [
                80.32274495732955,
                7.052307563556162
              ],
              [
                80.32272342447273,
                7.052313936426945
              ],
              [
                80.32273124162369,
                7.052292903807475
              ],
              [
                80.32274495732955,
                7.052307563556162
              ]
            ]
          ],
          [
            [
              [
                80.32280365642833,
                7.052252754377237
              ],
              [
                80.32278212448139,
                7.052259126347842
              ],
              [
                80.32278994072323,
                7.052238093725689
              ],
              [
                80.32280365642833,
                7.052252754377237
              ]
            ]
          ],
          [
            [
              [
                80.32281833142855,
                7.05223905117694
              ],
              [
                80.32279679857568,
                7.052245424051504
              ],
              [
                80.32280461572199,
                7.052224391430337
              ],
              [
                80.32281833142855,
                7.05223905117694
              ]
            ]
          ],
          [
            [
              [
                80.3228330064266,
                7.0522253488806035
              ],
              [
                80.32281147357583,
                7.052231720851416
              ],
              [
                80.32281929072123,
                7.052210688229889
              ],
              [
                80.3228330064266,
                7.0522253488806035
              ]
            ]
          ]
        ]
      },
      "properties": {
        "OBJECTID": 16,
        "Entity": "Insert",
        "Handle": "1EE4B",
        "Layer": "0",
        "LyrFrzn": 0,
        "LyrOn": 1,
        "Color": 7,
        "Linetype": "Continuous",
        "Elevation": -5.610490836985214,
        "LineWt": 25,
        "RefName": "ARROW",
        "DocUpdate": 1783359710000,
        "DocId": 1.1061215596273316e+19,
        "t0": null,
        "t00": null,
        "Shape_Length": 28.716704921496724,
        "Shape_Area": 9.843356668704779
      }
    },
    {
      "type": "Feature",
      "id": 17,
      "geometry": {
        "type": "Polygon",
        "coordinates": [
          [
            [
              80.34133086155138,
              7.0544669984868875
            ],
            [
              80.34135387942413,
              7.054423331915453
            ],
            [
              80.3414193735826,
              7.054457788515478
            ],
            [
              80.34137688757383,
              7.0545383860683915
            ],
            [
              80.34133792438394,
              7.054517887693731
            ],
            [
              80.34135739252702,
              7.054480955813078
            ],
            [
              80.34133086155138,
              7.0544669984868875
            ]
          ]
        ]
      },
      "properties": {
        "OBJECTID": 17,
        "Entity": "LWPolyline",
        "Handle": "32EA3",
        "Layer": "0",
        "LyrFrzn": 0,
        "LyrOn": 1,
        "Color": 7,
        "Linetype": "Continuous",
        "Elevation": -63.99,
        "LineWt": 25,
        "RefName": "",
        "DocUpdate": 1783359710000,
        "DocId": 1.1061215596273316e+19,
        "t0": null,
        "t00": null,
        "Shape_Length": 36.49140269960985,
        "Shape_Area": 67.04641845607499
      }
    },
    {
      "type": "Feature",
      "id": 18,
      "geometry": {
        "type": "MultiPolygon",
        "coordinates": [
          [
            [
              [
                80.33496604571208,
                7.062471997413882
              ],
              [
                80.33494623318904,
                7.062452129105312
              ],
              [
                80.33497403126022,
                7.062448215922394
              ],
              [
                80.33496604571208,
                7.062471997413882
              ]
            ]
          ],
          [
            [
              [
                80.33506126600545,
                7.062503908558167
              ],
              [
                80.33504145438216,
                7.062484040254435
              ],
              [
                80.33506925245501,
                7.062480127065968
              ],
              [
                80.33506126600545,
                7.062503908558167
              ]
            ]
          ],
          [
            [
              [
                80.33508507130776,
                7.0625118861155745
              ],
              [
                80.33506525968308,
                7.062492017812734
              ],
              [
                80.33509305775632,
                7.062488104622874
              ],
              [
                80.33508507130776,
                7.0625118861155745
              ]
            ]
          ],
          [
            [
              [
                80.33510887661099,
                7.06251986367184
              ],
              [
                80.33508906407944,
                7.062499995368601
              ],
              [
                80.33511686305856,
                7.06249608217864
              ],
              [
                80.33510887661099,
                7.06251986367184
              ]
            ]
          ]
        ]
      },
      "properties": {
        "OBJECTID": 18,
        "Entity": "Insert",
        "Handle": "32EA4",
        "Layer": "0",
        "LyrFrzn": 0,
        "LyrOn": 1,
        "Color": 7,
        "Linetype": "Continuous",
        "Elevation": -63.824,
        "LineWt": 25,
        "RefName": "ARROW",
        "DocUpdate": 1783359710000,
        "DocId": 1.1061215596273316e+19,
        "t0": null,
        "t00": null,
        "Shape_Length": 35.89617669090981,
        "Shape_Area": 15.380544771488793
      }
    },
    {
      "type": "Feature",
      "id": 19,
      "geometry": {
        "type": "MultiPolygon",
        "coordinates": [
          [
            [
              [
                80.33686419997181,
                7.063150614413525
              ],
              [
                80.33685119175317,
                7.063145345997906
              ],
              [
                80.33686321636574,
                7.0631381114387555
              ],
              [
                80.33686419997181,
                7.063150614413525
              ]
            ]
          ],
          [
            [
              [
                80.33691426382121,
                7.063146683929573
              ],
              [
                80.33690125560199,
                7.0631414155153065
              ],
              [
                80.33691328021379,
                7.063134180954765
              ],
              [
                80.33691426382121,
                7.063146683929573
              ]
            ]
          ],
          [
            [
              [
                80.33692677933078,
                7.063145701307086
              ],
              [
                80.33691377201686,
                7.063140432894444
              ],
              [
                80.33692579572303,
                7.063133198332271
              ],
              [
                80.33692677933078,
                7.063145701307086
              ]
            ]
          ],
          [
            [
              [
                80.33693929574451,
                7.063144719590075
              ],
              [
                80.33692628752627,
                7.063139450271954
              ],
              [
                80.33693831213769,
                7.063132215710741
              ],
              [
                80.33693929574451,
                7.063144719590075
              ]
            ]
          ]
        ]
      },
      "properties": {
        "OBJECTID": 19,
        "Entity": "Insert",
        "Handle": "32EA5",
        "Layer": "0",
        "LyrFrzn": 0,
        "LyrOn": 1,
        "Color": 7,
        "Linetype": "Continuous",
        "Elevation": -17.740000000000002,
        "LineWt": 25,
        "RefName": "ARROW",
        "DocUpdate": 1783359710000,
        "DocId": 1.1061215596273316e+19,
        "t0": null,
        "t00": null,
        "Shape_Length": 17.948169444189723,
        "Shape_Area": 3.8451502601513416
      }
    },
    {
      "type": "Feature",
      "id": 20,
      "geometry": {
        "type": "MultiPolygon",
        "coordinates": [
          [
            [
              [
                80.33847918284627,
                7.061455311460138
              ],
              [
                80.33846642505632,
                7.061461158375607
              ],
              [
                80.33846939716346,
                7.061447454359056
              ],
              [
                80.33847918284627,
                7.061455311460138
              ]
            ]
          ],
          [
            [
              [
                80.33851064173517,
                7.06141620687926
              ],
              [
                80.3384978839454,
                7.0614220547002855
              ],
              [
                80.33850085605127,
                7.0614083506834024
              ],
              [
                80.33851064173517,
                7.06141620687926
              ]
            ]
          ],
          [
            [
              [
                80.33851850668259,
                7.061406430960093
              ],
              [
                80.33850574889317,
                7.061412278781353
              ],
              [
                80.33850872100001,
                7.061398573859854
              ],
              [
                80.33851850668259,
                7.061406430960093
              ]
            ]
          ],
          [
            [
              [
                80.33852637162968,
                7.061396655040742
              ],
              [
                80.33851361384063,
                7.061402502862253
              ],
              [
                80.33851658594715,
                7.061388797940673
              ],
              [
                80.33852637162968,
                7.061396655040742
              ]
            ]
          ]
        ]
      },
      "properties": {
        "OBJECTID": 20,
        "Entity": "Insert",
        "Handle": "32EA6",
        "Layer": "0",
        "LyrFrzn": 0,
        "LyrOn": 1,
        "Color": 7,
        "Linetype": "Continuous",
        "Elevation": -12.240000000000002,
        "LineWt": 25,
        "RefName": "ARROW",
        "DocUpdate": 1783359710000,
        "DocId": 1.1061215596273316e+19,
        "t0": null,
        "t00": null,
        "Shape_Length": 17.948165286082993,
        "Shape_Area": 3.8451565139577415
      }
    },
    {
      "type": "Feature",
      "id": 21,
      "geometry": {
        "type": "MultiPolygon",
        "coordinates": [
          [
            [
              [
                80.3372798615035,
                7.06080329653997
              ],
              [
                80.3372748528213,
                7.0608133370003765
              ],
              [
                80.33726981746892,
                7.060803310313401
              ],
              [
                80.3372798615035,
                7.06080329653997
              ]
            ]
          ],
          [
            [
              [
                80.33727980725584,
                7.060763163148464
              ],
              [
                80.33727479857542,
                7.060773202704395
              ],
              [
                80.33726976322342,
                7.060763176017442
              ],
              [
                80.33727980725584,
                7.060763163148464
              ]
            ]
          ],
          [
            [
              [
                80.33727979346847,
                7.06075312912187
              ],
              [
                80.33727478569234,
                7.060763169583631
              ],
              [
                80.33726975034041,
                7.060753142896668
              ],
              [
                80.33727979346847,
                7.06075312912187
              ]
            ]
          ],
          [
            [
              [
                80.33727978058525,
                7.060743096001071
              ],
              [
                80.33727477190509,
                7.06075313555703
              ],
              [
                80.33726973655325,
                7.0607431088700885
              ],
              [
                80.33727978058525,
                7.060743096001071
              ]
            ]
          ]
        ]
      },
      "properties": {
        "OBJECTID": 21,
        "Entity": "Insert",
        "Handle": "32ECF",
        "Layer": "0",
        "LyrFrzn": 0,
        "LyrOn": 1,
        "Color": 7,
        "Linetype": "Continuous",
        "Elevation": -12.365499999999997,
        "LineWt": 25,
        "RefName": "ARROW",
        "DocUpdate": 1783359710000,
        "DocId": 1.1061215596273316e+19,
        "t0": null,
        "t00": null,
        "Shape_Length": 14.358453986458946,
        "Shape_Area": 2.4608898049089083
      }
    },
    {
      "type": "Feature",
      "id": 22,
      "geometry": {
        "type": "MultiPolygon",
        "coordinates": [
          [
            [
              [
                80.3367342927729,
                7.0606604767208685
              ],
              [
                80.33672767058543,
                7.060671158005106
              ],
              [
                80.33672309125582,
                7.060659456762986
              ],
              [
                80.3367342927729,
                7.0606604767208685
              ]
            ]
          ],
          [
            [
              [
                80.33673837939146,
                7.060615712573887
              ],
              [
                80.33673175630068,
                7.060626392952451
              ],
              [
                80.3367271769713,
                7.060614691710381
              ],
              [
                80.33673837939146,
                7.060615712573887
              ]
            ]
          ],
          [
            [
              [
                80.3367394012726,
                7.0606045213113084
              ],
              [
                80.33673277818203,
                7.0606152016898935
              ],
              [
                80.3367281988527,
                7.060603500447836
              ],
              [
                80.3367394012726,
                7.0606045213113084
              ]
            ]
          ],
          [
            [
              [
                80.33674042224823,
                7.060593330047414
              ],
              [
                80.336733800062,
                7.06060401133187
              ],
              [
                80.33672921982858,
                7.060592309184006
              ],
              [
                80.33674042224823,
                7.060593330047414
              ]
            ]
          ]
        ]
      },
      "properties": {
        "OBJECTID": 22,
        "Entity": "Insert",
        "Handle": "32ED0",
        "Layer": "0",
        "LyrFrzn": 0,
        "LyrOn": 1,
        "Color": 7,
        "Linetype": "Continuous",
        "Elevation": -14.810480000000005,
        "LineWt": 25,
        "RefName": "ARROW",
        "DocUpdate": 1783359710000,
        "DocId": 1.1061215596273316e+19,
        "t0": null,
        "t00": null,
        "Shape_Length": 16.08140263734514,
        "Shape_Area": 3.0868972494116202
      }
    },
    {
      "type": "Feature",
      "id": 23,
      "geometry": {
        "type": "Polygon",
        "coordinates": [
          [
            [
              80.34003875355488,
              7.057758896145285
            ],
            [
              80.34003875355488,
              7.057758896145285
            ],
            [
              80.34004029377755,
              7.0577587635917896
            ],
            [
              80.34004178758309,
              7.057758365595221
            ],
            [
              80.340043189583,
              7.0577577142485035
            ],
            [
              80.34004445717821,
              7.057756829342477
            ],
            [
              80.34004555185348,
              7.057755737764563
            ],
            [
              80.34004644034765,
              7.057754472681806
            ],
            [
              80.34004709566429,
              7.057753072533103
            ],
            [
              80.34004749789193,
              7.057751579861265
            ],
            [
              80.34004763480908,
              7.0577500400203705
            ],
            [
              80.34004750225559,
              7.057748499797706
            ],
            [
              80.34004710425901,
              7.057747005992157
            ],
            [
              80.34004645291229,
              7.057745603992251
            ],
            [
              80.34004556800626,
              7.057744336397043
            ],
            [
              80.34004447642835,
              7.057743241721774
            ],
            [
              80.3400432113456,
              7.057742353227597
            ],
            [
              80.3400418111969,
              7.057741697910959
            ],
            [
              80.34004031852506,
              7.057741295683323
            ],
            [
              80.34003877868416,
              7.0577411587661745
            ],
            [
              80.34003723846149,
              7.05774129131967
            ],
            [
              80.34003574465595,
              7.057741689316238
            ],
            [
              80.34003434265604,
              7.057742340662956
            ],
            [
              80.34003307506083,
              7.0577432255689825
            ],
            [
              80.34003198038556,
              7.057744317146896
            ],
            [
              80.34003109189139,
              7.0577455822296535
            ],
            [
              80.34003043657475,
              7.057746982378356
            ],
            [
              80.34003003434711,
              7.057748475050194
            ],
            [
              80.34002989742996,
              7.057750014891089
            ],
            [
              80.34003002998345,
              7.057751555113754
            ],
            [
              80.34003042798003,
              7.057753048919302
            ],
            [
              80.34003107932675,
              7.057754450919209
            ],
            [
              80.34003196423278,
              7.057755718514416
            ],
            [
              80.3400330558107,
              7.057756813189686
            ],
            [
              80.34003432089344,
              7.057757701683863
            ],
            [
              80.34003572104214,
              7.0577583570005
            ],
            [
              80.34003721371398,
              7.057758759228136
            ],
            [
              80.34003875355488,
              7.057758896145285
            ]
          ]
        ]
      },
      "properties": {
        "OBJECTID": 23,
        "Entity": "Circle",
        "Handle": "33EDF",
        "Layer": "0",
        "LyrFrzn": 0,
        "LyrOn": 1,
        "Color": 2,
        "Linetype": "Continuous",
        "Elevation": 16.009999999999998,
        "LineWt": 25,
        "RefName": "",
        "DocUpdate": 1783359710000,
        "DocId": 1.1061215596273316e+19,
        "t0": null,
        "t00": null,
        "Shape_Length": 6.16047944572507,
        "Shape_Area": -3.0200849685139115
      }
    },
    {
      "type": "Feature",
      "id": 24,
      "geometry": {
        "type": "MultiPolygon",
        "coordinates": [
          [
            [
              [
                80.33989970401537,
                7.058978968670374
              ],
              [
                80.3398740112226,
                7.058970161951095
              ],
              [
                80.3398784189567,
                7.058957328303736
              ],
              [
                80.33990411174885,
                7.058966135022719
              ],
              [
                80.33989970401537,
                7.058978968670374
              ]
            ]
          ],
          [
            [
              [
                80.33990026647285,
                7.058980117321585
              ],
              [
                80.33987286143032,
                7.058970723850331
              ],
              [
                80.33987785650056,
                7.058956178747972
              ],
              [
                80.33990526244655,
                7.0589655731246985
              ],
              [
                80.33990026647285,
                7.058980117321585
              ]
            ]
          ]
        ]
      },
      "properties": {
        "OBJECTID": 24,
        "Entity": "Insert",
        "Handle": "34891",
        "Layer": "0",
        "LyrFrzn": 0,
        "LyrOn": 1,
        "Color": 7,
        "Linetype": "Continuous",
        "Elevation": -1.9899999997266349,
        "LineWt": 25,
        "RefName": "SUMP",
        "DocUpdate": 1783359710000,
        "DocId": 1.1061215596273316e+19,
        "t0": null,
        "t00": null,
        "Shape_Length": 18.7999970122999,
        "Shape_Area": 9.939988434696387
      }
    },
    {
      "type": "Feature",
      "id": 25,
      "geometry": {
        "type": "Polygon",
        "coordinates": [
          [
            [
              80.33985404158337,
              7.059058521298686
            ],
            [
              80.33985404158337,
              7.059058521298686
            ],
            [
              80.33985431649106,
              7.059058497639968
            ],
            [
              80.339854583114,
              7.059058426603458
            ],
            [
              80.33985483335097,
              7.059058310347564
            ],
            [
              80.33985505959866,
              7.059058152404664
            ],
            [
              80.33985525498265,
              7.059057957573773
            ],
            [
              80.33985541356628,
              7.059057731774729
            ],
            [
              80.33985553053107,
              7.0590574818683205
            ],
            [
              80.33985560232313,
              7.059057215447829
            ],
            [
              80.33985562676105,
              7.059056940608304
            ],
            [
              80.33985560310234,
              7.0590566657006075
            ],
            [
              80.33985553206583,
              7.05905639907767
            ],
            [
              80.33985541580994,
              7.059056148840694
            ],
            [
              80.33985525786703,
              7.0590559225930045
            ],
            [
              80.33985506303614,
              7.059055727209023
            ],
            [
              80.3398548372371,
              7.059055568625392
            ],
            [
              80.33985458733069,
              7.059055451660595
            ],
            [
              80.33985432091019,
              7.059055379868548
            ],
            [
              80.33985404607067,
              7.059055355430617
            ],
            [
              80.33985377116298,
              7.059055379089336
            ],
            [
              80.33985350454003,
              7.059055450125846
            ],
            [
              80.33985325430307,
              7.05905556638174
            ],
            [
              80.33985302805537,
              7.059055724324639
            ],
            [
              80.33985283267138,
              7.05905591915553
            ],
            [
              80.33985267408775,
              7.059056144954575
            ],
            [
              80.33985255712297,
              7.059056394860983
            ],
            [
              80.33985248533091,
              7.059056661281475
            ],
            [
              80.33985246089298,
              7.059056936120999
            ],
            [
              80.3398524845517,
              7.059057211028696
            ],
            [
              80.33985255558821,
              7.059057477651634
            ],
            [
              80.3398526718441,
              7.059057727888609
            ],
            [
              80.339852829787,
              7.059057954136299
            ],
            [
              80.3398530246179,
              7.059058149520281
            ],
            [
              80.33985325041694,
              7.0590583081039115
            ],
            [
              80.33985350032334,
              7.0590584250687085
            ],
            [
              80.33985376674384,
              7.0590584968607555
            ],
            [
              80.33985404158337,
              7.059058521298686
            ]
          ],
          [
            [
              80.33985533230128,
              7.059057548035206
            ],
            [
              80.3398552116221,
              7.059057755427253
            ],
            [
              80.33985505788651,
              7.059057939656175
            ],
            [
              80.33985487544493,
              7.059058095508663
            ],
            [
              80.3398546694601,
              7.0590582185744
            ],
            [
              80.33985444576096,
              7.059058305370872
            ],
            [
              80.33985421067779,
              7.059058353441911
            ],
            [
              80.33985397086293,
              7.059058361427201
            ],
            [
              80.3398537331027,
              7.059058329100782
            ],
            [
              80.33985414223454,
              7.059057139310755
            ],
            [
              80.33985533230128,
              7.059057548035206
            ]
          ],
          [
            [
              80.33985510129165,
              7.059057635448373
            ],
            [
              80.33985498324178,
              7.059057787702587
            ],
            [
              80.33985484348389,
              7.059057920310461
            ],
            [
              80.33985468524568,
              7.059058030209432
            ],
            [
              80.33985451218165,
              7.059058114861391
            ],
            [
              80.33985432828868,
              7.05905817231131
            ],
            [
              80.33985413781379,
              7.059058201232388
            ],
            [
              80.33985394515595,
              7.059058200956701
            ],
            [
              80.33985424064078,
              7.059057341161382
            ],
            [
              80.33985510129165,
              7.059057635448373
            ]
          ],
          [
            [
              80.3398548367951,
              7.059057712864279
            ],
            [
              80.33985469321406,
              7.059057836509856
            ],
            [
              80.33985453067291,
              7.059057933896262
            ],
            [
              80.33985435392071,
              7.059058002178075
            ],
            [
              80.33985416812183,
              7.05905803936025
            ],
            [
              80.33985433904829,
              7.0590575421074915
            ],
            [
              80.3398548367951,
              7.059057712864279
            ]
          ],
          [
            [
              80.33985275444606,
              7.059056329597366
            ],
            [
              80.33985287505753,
              7.05905612210379
            ],
            [
              80.33985302874339,
              7.05905593776344
            ],
            [
              80.33985321115465,
              7.059055781792787
            ],
            [
              80.3398534171294,
              7.059055658605494
            ],
            [
              80.33985364083898,
              7.059055571687522
            ],
            [
              80.33985387595284,
              7.05905552349848
            ],
            [
              80.33985411581772,
              7.059055515402023
            ],
            [
              80.3398543536459,
              7.059055547627262
            ],
            [
              80.33985394541952,
              7.059056737418569
            ],
            [
              80.33985275444606,
              7.059056329597366
            ]
          ],
          [
            [
              80.33985298545697,
              7.059056241279668
            ],
            [
              80.33985310362861,
              7.059056088965936
            ],
            [
              80.33985324351588,
              7.0590559563176685
            ],
            [
              80.33985340188809,
              7.059055846398365
            ],
            [
              80.33985357508766,
              7.059055761746598
            ],
            [
              80.33985375911455,
              7.059055704317394
            ],
            [
              80.33985394971869,
              7.0590556754370715
            ],
            [
              80.33985414249808,
              7.0590556757726235
            ],
            [
              80.339853847012,
              7.059056536472458
            ],
            [
              80.33985298545697,
              7.059056241279668
            ]
          ],
          [
            [
              80.33985324995223,
              7.059056164768296
            ],
            [
              80.33985339369815,
              7.0590560408416
            ],
            [
              80.3398535564497,
              7.059055943206289
            ],
            [
              80.33985373345159,
              7.059055874715058
            ],
            [
              80.3398539195322,
              7.059055837369074
            ],
            [
              80.33985374860448,
              7.059056335526364
            ],
            [
              80.33985324995223,
              7.059056164768296
            ]
          ]
        ]
      },
      "properties": {
        "OBJECTID": 25,
        "Entity": "Insert",
        "Handle": "34894",
        "Layer": "0",
        "LyrFrzn": 0,
        "LyrOn": 1,
        "Color": 7,
        "Linetype": "Continuous",
        "Elevation": -1.9900000001393678,
        "LineWt": 25,
        "RefName": "11111",
        "DocUpdate": 1783359710000,
        "DocId": 1.1061215596273316e+19,
        "t0": "59.60 ",
        "t00": "",
        "Shape_Length": 3.181391169453546,
        "Shape_Area": -0.04961955485824465
      }
    },
    {
      "type": "Feature",
      "id": 26,
      "geometry": {
        "type": "Polygon",
        "coordinates": [
          [
            [
              80.3398664131179,
              7.058966757385899
            ],
            [
              80.3398664131179,
              7.058966757385899
            ],
            [
              80.3398666880256,
              7.058966733727168
            ],
            [
              80.33986695464854,
              7.058966662690645
            ],
            [
              80.33986720488551,
              7.05896654643474
            ],
            [
              80.33986743113319,
              7.058966388491829
            ],
            [
              80.33986762651716,
              7.058966193660928
            ],
            [
              80.3398677851008,
              7.058965967861875
            ],
            [
              80.33986790206558,
              7.058965717955459
            ],
            [
              80.33986797385761,
              7.058965451534962
            ],
            [
              80.33986799829553,
              7.058965176695435
            ],
            [
              80.3398679746368,
              7.058964901787737
            ],
            [
              80.33986790360028,
              7.058964635164801
            ],
            [
              80.33986778734437,
              7.05896438492783
            ],
            [
              80.33986762940145,
              7.058964158680145
            ],
            [
              80.33986743457056,
              7.058963963296171
            ],
            [
              80.33986720877151,
              7.0589638047125485
            ],
            [
              80.33986695886509,
              7.058963687747762
            ],
            [
              80.33986669244459,
              7.058963615955727
            ],
            [
              80.33986641760507,
              7.058963591517808
            ],
            [
              80.33986614269737,
              7.058963615176539
            ],
            [
              80.33986587607443,
              7.058963686213062
            ],
            [
              80.33986562583746,
              7.058963802468967
            ],
            [
              80.33986539958978,
              7.058963960411878
            ],
            [
              80.33986520420581,
              7.058964155242779
            ],
            [
              80.33986504562218,
              7.058964381041832
            ],
            [
              80.33986492865739,
              7.058964630948248
            ],
            [
              80.33986485686536,
              7.058964897368745
            ],
            [
              80.33986483242744,
              7.058965172208272
            ],
            [
              80.33986485608617,
              7.05896544711597
            ],
            [
              80.33986492712269,
              7.058965713738906
            ],
            [
              80.3398650433786,
              7.0589659639758775
            ],
            [
              80.33986520132152,
              7.058966190223562
            ],
            [
              80.3398653961524,
              7.058966385607536
            ],
            [
              80.33986562195146,
              7.058966544191159
            ],
            [
              80.33986587185788,
              7.058966661155945
            ],
            [
              80.33986613827838,
              7.05896673294798
            ],
            [
              80.3398664131179,
              7.058966757385899
            ]
          ],
          [
            [
              80.3398677038368,
              7.058965783217804
            ],
            [
              80.33986758315767,
              7.058965990609844
            ],
            [
              80.33986742942213,
              7.058966174838766
            ],
            [
              80.3398672469806,
              7.05896633069126
            ],
            [
              80.33986704099581,
              7.058966453757009
            ],
            [
              80.33986681729672,
              7.058966540553494
            ],
            [
              80.33986658221359,
              7.058966588624551
            ],
            [
              80.33986634239876,
              7.05896659660986
            ],
            [
              80.33986610463856,
              7.058966564283457
            ],
            [
              80.33986651376898,
              7.058965375397938
            ],
            [
              80.3398677038368,
              7.058965783217804
            ]
          ],
          [
            [
              80.33986747282593,
              7.0589658715355155
            ],
            [
              80.33986735471655,
              7.0589660236680265
            ],
            [
              80.3398672149183,
              7.05896615614661
            ],
            [
              80.3398670566598,
              7.058966265911688
            ],
            [
              80.339866883596,
              7.05896635042825
            ],
            [
              80.33986669972381,
              7.058966407744397
            ],
            [
              80.3398665092897,
              7.058966436536419
            ],
            [
              80.33986631669177,
              7.058966436139367
            ],
            [
              80.3398666121765,
              7.058965576344028
            ],
            [
              80.33986747282593,
              7.0589658715355155
            ]
          ],
          [
            [
              80.33986720833073,
              7.058965948046902
            ],
            [
              80.33986706480795,
              7.05896607191541
            ],
            [
              80.33986690228618,
              7.058966169531365
            ],
            [
              80.339866725514,
              7.058966238042626
            ],
            [
              80.33986653965631,
              7.058966275447437
            ],
            [
              80.339866710584,
              7.058965777290135
            ],
            [
              80.33986720833073,
              7.058965948046902
            ]
          ],
          [
            [
              80.33986512598202,
              7.058964564780074
            ],
            [
              80.33986524666115,
              7.058964357388034
            ],
            [
              80.33986540039668,
              7.058964173159114
            ],
            [
              80.33986558283821,
              7.058964017306623
            ],
            [
              80.33986578882299,
              7.058963894240878
            ],
            [
              80.33986601252208,
              7.0589638074443934
            ],
            [
              80.33986624760523,
              7.058963759373339
            ],
            [
              80.33986648742004,
              7.0589637513880295
            ],
            [
              80.33986672518024,
              7.058963783714424
            ],
            [
              80.33986631604982,
              7.058964972599943
            ],
            [
              80.33986512598202,
              7.058964564780074
            ]
          ],
          [
            [
              80.33986535699289,
              7.058964476462364
            ],
            [
              80.33986547510226,
              7.058964324329855
            ],
            [
              80.33986561490052,
              7.058964191851274
            ],
            [
              80.33986577315902,
              7.058964082086197
            ],
            [
              80.3398659462228,
              7.058963997569636
            ],
            [
              80.339866130095,
              7.058963940253489
            ],
            [
              80.3398663205291,
              7.058963911461466
            ],
            [
              80.33986651312703,
              7.058963911858515
            ],
            [
              80.33986621764232,
              7.058964771653837
            ],
            [
              80.33986535699289,
              7.058964476462364
            ]
          ],
          [
            [
              80.3398656214881,
              7.058964399950979
            ],
            [
              80.33986576506909,
              7.058964276305402
            ],
            [
              80.3398659276102,
              7.0589641789189885
            ],
            [
              80.33986610436236,
              7.058964110637164
            ],
            [
              80.33986629016121,
              7.058964073454979
            ],
            [
              80.33986611923481,
              7.058964570707746
            ],
            [
              80.3398656214881,
              7.058964399950979
            ]
          ]
        ]
      },
      "properties": {
        "OBJECTID": 26,
        "Entity": "Insert",
        "Handle": "348CC",
        "Layer": "0",
        "LyrFrzn": 0,
        "LyrOn": 1,
        "Color": 7,
        "Linetype": "Continuous",
        "Elevation": -1.9900000001393678,
        "LineWt": 25,
        "RefName": "11111",
        "DocUpdate": 1783359710000,
        "DocId": 1.1061215596273316e+19,
        "t0": "59.60 ",
        "t00": "",
        "Shape_Length": 3.1805299504004196,
        "Shape_Area": -0.04965753315681058
      }
    },
    {
      "type": "Feature",
      "id": 27,
      "geometry": {
        "type": "Polygon",
        "coordinates": [
          [
            [
              80.33984393809713,
              7.059333654054053
            ],
            [
              80.33984650737901,
              7.059334534183665
            ],
            [
              80.33984445947489,
              7.059336316839717
            ],
            [
              80.33984393809713,
              7.059333654054053
            ]
          ]
        ]
      },
      "properties": {
        "OBJECTID": 27,
        "Entity": "LWPolyline",
        "Handle": "3490E",
        "Layer": "0",
        "LyrFrzn": 0,
        "LyrOn": 1,
        "Color": 7,
        "Linetype": "Continuous",
        "Elevation": -1.990000000000535,
        "LineWt": 25,
        "RefName": "",
        "DocUpdate": 1783359710000,
        "DocId": 1.1061215596273316e+19,
        "t0": null,
        "t00": null,
        "Shape_Length": 0.8999381317586566,
        "Shape_Area": 0.03896578513775781
      }
    },
    {
      "type": "Feature",
      "id": 28,
      "geometry": {
        "type": "Polygon",
        "coordinates": [
          [
            [
              80.33989757559446,
              7.059177467796164
            ],
            [
              80.33989757559446,
              7.059177467796164
            ],
            [
              80.33989785050215,
              7.0591774441374255
            ],
            [
              80.33989811712509,
              7.059177373100896
            ],
            [
              80.33989836736205,
              7.059177256844984
            ],
            [
              80.33989859360973,
              7.059177098902068
            ],
            [
              80.33989878899371,
              7.059176904071162
            ],
            [
              80.33989894757732,
              7.059176678272106
            ],
            [
              80.3398990645421,
              7.059176428365689
            ],
            [
              80.33989913633413,
              7.0591761619451905
            ],
            [
              80.33989916077203,
              7.059175887105663
            ],
            [
              80.3398991371133,
              7.059175612197968
            ],
            [
              80.33989906607677,
              7.059175345575034
            ],
            [
              80.33989894982086,
              7.059175095338067
            ],
            [
              80.33989879187794,
              7.059174869090388
            ],
            [
              80.33989859704704,
              7.059174673706419
            ],
            [
              80.33989837124798,
              7.059174515122804
            ],
            [
              80.33989812134156,
              7.059174398158024
            ],
            [
              80.33989785492106,
              7.059174326365997
            ],
            [
              80.33989758008154,
              7.059174301928086
            ],
            [
              80.33989730517385,
              7.059174325586824
            ],
            [
              80.33989703855092,
              7.059174396623353
            ],
            [
              80.33989678831395,
              7.059174512879265
            ],
            [
              80.33989656206627,
              7.059174670822181
            ],
            [
              80.3398963666823,
              7.0591748656530875
            ],
            [
              80.33989620809868,
              7.059175091452143
            ],
            [
              80.33989609113391,
              7.059175341358561
            ],
            [
              80.33989601934188,
              7.059175607779059
            ],
            [
              80.33989599490397,
              7.059175882618586
            ],
            [
              80.3398960185627,
              7.059176157526282
            ],
            [
              80.33989608959924,
              7.059176424149215
            ],
            [
              80.33989620585514,
              7.059176674386182
            ],
            [
              80.33989636379806,
              7.059176900633862
            ],
            [
              80.33989655862896,
              7.05917709601783
            ],
            [
              80.33989678442802,
              7.059177254601446
            ],
            [
              80.33989703433444,
              7.059177371566225
            ],
            [
              80.33989730075494,
              7.059177443358252
            ],
            [
              80.33989757559446,
              7.059177467796164
            ]
          ],
          [
            [
              80.33989886721936,
              7.059176493629339
            ],
            [
              80.33989874654011,
              7.059176701021407
            ],
            [
              80.33989859280449,
              7.059176885250349
            ],
            [
              80.33989841036286,
              7.059177041102854
            ],
            [
              80.33989820437799,
              7.059177164168606
            ],
            [
              80.33989798067881,
              7.059177250965091
            ],
            [
              80.33989774559558,
              7.059177299036143
            ],
            [
              80.33989750578068,
              7.0591773070214465
            ],
            [
              80.33989726802041,
              7.059177274695029
            ],
            [
              80.33989767624556,
              7.059176085808222
            ],
            [
              80.33989886721936,
              7.059176493629339
            ]
          ],
          [
            [
              80.33989863620837,
              7.059176581947056
            ],
            [
              80.33989851803669,
              7.059176734260803
            ],
            [
              80.33989837814939,
              7.059176866909083
            ],
            [
              80.33989821977714,
              7.0591769768283985
            ],
            [
              80.33989804657753,
              7.059177061480176
            ],
            [
              80.3398978625506,
              7.059177118909391
            ],
            [
              80.33989767194643,
              7.059177147789724
            ],
            [
              80.33989747916699,
              7.059177147454186
            ],
            [
              80.33989777465311,
              7.05917628675431
            ],
            [
              80.33989863620837,
              7.059176581947056
            ]
          ],
          [
            [
              80.33989837171306,
              7.05917665845843
            ],
            [
              80.33989822796708,
              7.05917678238514
            ],
            [
              80.33989806521551,
              7.059176880020465
            ],
            [
              80.33989788821357,
              7.059176948511708
            ],
            [
              80.33989770213292,
              7.059176985857701
            ],
            [
              80.33989787306066,
              7.059176487700397
            ],
            [
              80.33989837171306,
              7.05917665845843
            ]
          ],
          [
            [
              80.33989628845792,
              7.059175275190378
            ],
            [
              80.33989640913717,
              7.059175067798311
            ],
            [
              80.3398965628728,
              7.05917488356937
            ],
            [
              80.33989674531442,
              7.059174727716869
            ],
            [
              80.33989695129931,
              7.059174604651118
            ],
            [
              80.33989717499847,
              7.0591745178546335
            ],
            [
              80.3398974100817,
              7.059174469783582
            ],
            [
              80.3398976498966,
              7.059174461798279
            ],
            [
              80.33989788765687,
              7.059174494124691
            ],
            [
              80.33989747943173,
              7.059175683011499
            ],
            [
              80.33989628845792,
              7.059175275190378
            ]
          ],
          [
            [
              80.3398965194689,
              7.059175186872664
            ],
            [
              80.33989663770012,
              7.059175034680607
            ],
            [
              80.33989677762784,
              7.059174902161621
            ],
            [
              80.33989693602042,
              7.059174792376206
            ],
            [
              80.3398971092198,
              7.05917470785984
            ],
            [
              80.339897293226,
              7.059174650564414
            ],
            [
              80.33989748378941,
              7.059174621813157
            ],
            [
              80.339897676509,
              7.059174622270067
            ],
            [
              80.33989738102417,
              7.0591754820654105
            ],
            [
              80.3398965194689,
              7.059175186872664
            ]
          ],
          [
            [
              80.33989678396422,
              7.059175110361272
            ],
            [
              80.3398969277684,
              7.059174986657494
            ],
            [
              80.33989709053934,
              7.059174889251713
            ],
            [
              80.33989726752124,
              7.059174820989909
            ],
            [
              80.33989745354307,
              7.059174783866536
            ],
            [
              80.33989728261662,
              7.059175281119323
            ],
            [
              80.33989678396422,
              7.059175110361272
            ]
          ]
        ]
      },
      "properties": {
        "OBJECTID": 28,
        "Entity": "Insert",
        "Handle": "3491B",
        "Layer": "0",
        "LyrFrzn": 0,
        "LyrOn": 1,
        "Color": 7,
        "Linetype": "Continuous",
        "Elevation": -1.9900000001393678,
        "LineWt": 25,
        "RefName": "11111",
        "DocUpdate": 1783359710000,
        "DocId": 1.1061215596273316e+19,
        "t0": "56.80",
        "t00": "",
        "Shape_Length": 3.1815453533401583,
        "Shape_Area": -0.049621516484458575
      }
    },
    {
      "type": "Feature",
      "id": 29,
      "geometry": {
        "type": "Polygon",
        "coordinates": [
          [
            [
              80.33992786968385,
              7.0590892614441945
            ],
            [
              80.33992786968385,
              7.0590892614441945
            ],
            [
              80.33992814459154,
              7.059089237785433
            ],
            [
              80.33992841121447,
              7.0590891667488815
            ],
            [
              80.33992866145144,
              7.059089050492949
            ],
            [
              80.3399288876991,
              7.059088892550013
            ],
            [
              80.33992908308306,
              7.059088697719089
            ],
            [
              80.33992924166665,
              7.059088471920017
            ],
            [
              80.33992935863142,
              7.059088222013587
            ],
            [
              80.33992943042342,
              7.05908795559308
            ],
            [
              80.33992945486132,
              7.0590876807535485
            ],
            [
              80.33992943120255,
              7.059087405845852
            ],
            [
              80.339929360166,
              7.059087139222921
            ],
            [
              80.33992924391006,
              7.05908688898596
            ],
            [
              80.33992908596713,
              7.0590866627382916
            ],
            [
              80.33992889113621,
              7.059086467354336
            ],
            [
              80.33992866533714,
              7.059086308770738
            ],
            [
              80.3399284154307,
              7.059086191805977
            ],
            [
              80.3399281490102,
              7.05908612001397
            ],
            [
              80.33992787417067,
              7.059086095576081
            ],
            [
              80.33992759926298,
              7.059086119234842
            ],
            [
              80.33992733264004,
              7.059086190271394
            ],
            [
              80.33992708240308,
              7.059086306527327
            ],
            [
              80.33992685615542,
              7.059086464470263
            ],
            [
              80.33992666077145,
              7.059086659301187
            ],
            [
              80.33992650218786,
              7.059086885100259
            ],
            [
              80.3399263852231,
              7.059087135006688
            ],
            [
              80.33992631343109,
              7.059087401427195
            ],
            [
              80.3399262889932,
              7.059087676266727
            ],
            [
              80.33992631265197,
              7.059087951174424
            ],
            [
              80.33992638368852,
              7.059088217797354
            ],
            [
              80.33992649994445,
              7.059088468034315
            ],
            [
              80.33992665788739,
              7.059088694281984
            ],
            [
              80.3399268527183,
              7.059088889665939
            ],
            [
              80.33992707851738,
              7.059089048249538
            ],
            [
              80.33992732842381,
              7.059089165214298
            ],
            [
              80.33992759484431,
              7.059089237006305
            ],
            [
              80.33992786968385,
              7.0590892614441945
            ]
          ],
          [
            [
              80.33992916130715,
              7.059088288181785
            ],
            [
              80.33992904062798,
              7.059088495573852
            ],
            [
              80.3399288868924,
              7.059088679802801
            ],
            [
              80.33992870445083,
              7.059088835655318
            ],
            [
              80.339928498466,
              7.059088958721088
            ],
            [
              80.33992827476686,
              7.059089045517596
            ],
            [
              80.33992803968367,
              7.059089093588673
            ],
            [
              80.33992779986882,
              7.059089101574004
            ],
            [
              80.33992756210856,
              7.059089069247615
            ],
            [
              80.33992797033481,
              7.0590878794562295
            ],
            [
              80.33992916130715,
              7.059088288181785
            ]
          ],
          [
            [
              80.3399289302975,
              7.059088375594989
            ],
            [
              80.33992881212588,
              7.059088527908748
            ],
            [
              80.33992867223861,
              7.059088660557038
            ],
            [
              80.3399285138664,
              7.059088770476368
            ],
            [
              80.33992834066683,
              7.059088855128159
            ],
            [
              80.33992815663994,
              7.05908891255739
            ],
            [
              80.33992796603579,
              7.059088941437738
            ],
            [
              80.33992777325638,
              7.059088941102219
            ],
            [
              80.33992806874237,
              7.0590880804023115
            ],
            [
              80.3399289302975,
              7.059088375594989
            ]
          ],
          [
            [
              80.33992866580095,
              7.059088453010936
            ],
            [
              80.33992852199681,
              7.059088576714719
            ],
            [
              80.33992835922591,
              7.059088674120515
            ],
            [
              80.33992818224405,
              7.0590887423823405
            ],
            [
              80.33992799622224,
              7.059088779505732
            ],
            [
              80.33992816714864,
              7.059088282252925
            ],
            [
              80.33992866580095,
              7.059088453010936
            ]
          ],
          [
            [
              80.33992658254608,
              7.0590870697430255
            ],
            [
              80.33992670315754,
              7.059086862249425
            ],
            [
              80.3399268568434,
              7.059086677909046
            ],
            [
              80.33992703925466,
              7.059086521938361
            ],
            [
              80.33992724522942,
              7.059086398751035
            ],
            [
              80.339927468939,
              7.059086311833028
            ],
            [
              80.33992770405287,
              7.059086263643949
            ],
            [
              80.33992794391776,
              7.059086255547457
            ],
            [
              80.33992818174596,
              7.059086287772667
            ],
            [
              80.3399277735197,
              7.05908747756405
            ],
            [
              80.33992658254608,
              7.0590870697430255
            ]
          ],
          [
            [
              80.33992681355703,
              7.059086981425307
            ],
            [
              80.33992693172867,
              7.059086829111551
            ],
            [
              80.33992707161592,
              7.0590866964632575
            ],
            [
              80.33992722998813,
              7.059086586543926
            ],
            [
              80.3399274031877,
              7.05908650189213
            ],
            [
              80.33992758721459,
              7.059086444462896
            ],
            [
              80.33992777781874,
              7.059086415582542
            ],
            [
              80.33992797059815,
              7.059086415918061
            ],
            [
              80.33992767511216,
              7.05908727661797
            ],
            [
              80.33992681355703,
              7.059086981425307
            ]
          ],
          [
            [
              80.33992707805228,
              7.059086904913893
            ],
            [
              80.3399272217982,
              7.059086780987174
            ],
            [
              80.33992738454975,
              7.059086683351838
            ],
            [
              80.33992756155165,
              7.059086614860581
            ],
            [
              80.33992774763227,
              7.059086577514567
            ],
            [
              80.33992757670461,
              7.059087075671888
            ],
            [
              80.33992707805228,
              7.059086904913893
            ]
          ]
        ]
      },
      "properties": {
        "OBJECTID": 29,
        "Entity": "Insert",
        "Handle": "3491F",
        "Layer": "0",
        "LyrFrzn": 0,
        "LyrOn": 1,
        "Color": 7,
        "Linetype": "Continuous",
        "Elevation": -1.9900000033786398,
        "LineWt": 25,
        "RefName": "11111",
        "DocUpdate": 1783359710000,
        "DocId": 1.1061215596273316e+19,
        "t0": "56.80",
        "t00": "",
        "Shape_Length": 3.1819553790697337,
        "Shape_Area": -0.04959812210074856
      }
    },
    {
      "type": "Feature",
      "id": 30,
      "geometry": {
        "type": "Polygon",
        "coordinates": [
          [
            [
              80.33693600828107,
              7.062664672827995
            ],
            [
              80.33693600828107,
              7.062664672827995
            ],
            [
              80.33697528080398,
              7.06266129328758
            ],
            [
              80.337013369838,
              7.062651145487941
            ],
            [
              80.3370491180671,
              7.0626345377648345
            ],
            [
              80.33708143929941,
              7.062611974735523
            ],
            [
              80.33710935147064,
              7.0625841419662345
            ],
            [
              80.33713200648363,
              7.0625518851415805
            ],
            [
              80.33714871597724,
              7.062516184368855
            ],
            [
              80.33715897224197,
              7.0624781243979715
            ],
            [
              80.3371624636464,
              7.062438861661887
            ],
            [
              80.33715908410598,
              7.062399589138969
            ],
            [
              80.33714893630635,
              7.062361500104952
            ],
            [
              80.33713232858324,
              7.062325751875863
            ],
            [
              80.33710976555392,
              7.062293430643552
            ],
            [
              80.33708193278464,
              7.062265518472309
            ],
            [
              80.33704967595999,
              7.06224286345933
            ],
            [
              80.33701397518726,
              7.062226153965724
            ],
            [
              80.33697591521637,
              7.0622158977009954
            ],
            [
              80.33693665248029,
              7.0622124062965606
            ],
            [
              80.33689737995738,
              7.062215785836975
            ],
            [
              80.33685929092336,
              7.062225933636615
            ],
            [
              80.33682354269426,
              7.062242541359721
            ],
            [
              80.33679122146195,
              7.0622651043890325
            ],
            [
              80.33676330929072,
              7.062292937158321
            ],
            [
              80.33674065427773,
              7.062325193982975
            ],
            [
              80.33672394478413,
              7.062360894755701
            ],
            [
              80.3367136885194,
              7.062398954726584
            ],
            [
              80.33671019711497,
              7.0624382174626685
            ],
            [
              80.33671357665538,
              7.062477489985587
            ],
            [
              80.33672372445501,
              7.062515579019603
            ],
            [
              80.33674033217812,
              7.062551327248692
            ],
            [
              80.33676289520744,
              7.062583648481003
            ],
            [
              80.33679072797672,
              7.062611560652247
            ],
            [
              80.33682298480137,
              7.062634215665225
            ],
            [
              80.3368586855741,
              7.062650925158832
            ],
            [
              80.33689674554499,
              7.06266118142356
            ],
            [
              80.33693600828107,
              7.062664672827995
            ]
          ]
        ]
      },
      "properties": {
        "OBJECTID": 30,
        "Entity": "Circle",
        "Handle": "3500D",
        "Layer": "0",
        "LyrFrzn": 0,
        "LyrOn": 1,
        "Color": 7,
        "Linetype": "Continuous",
        "Elevation": -9.990000000000002,
        "LineWt": 25,
        "RefName": "",
        "DocUpdate": 1783359710000,
        "DocId": 1.1061215596273316e+19,
        "t0": null,
        "t00": null,
        "Shape_Length": 157.07963267948966,
        "Shape_Area": -1963.4954084936207
      }
    },
    {
      "type": "Feature",
      "id": 31,
      "geometry": {
        "type": "Polygon",
        "coordinates": [
          [
            [
              80.33795910159094,
              7.061134389061238
            ],
            [
              80.33795910159094,
              7.061134389061238
            ],
            [
              80.33800750843362,
              7.06113099610824
            ],
            [
              80.33805493969689,
              7.061120748678622
            ],
            [
              80.33810042981699,
              7.061103855380503
            ],
            [
              80.33814305274628,
              7.061080660112713
            ],
            [
              80.33818194080482,
              7.061051635064017
            ],
            [
              80.33821630234388,
              7.061017371100705
            ],
            [
              80.33824543786162,
              7.060978565738261
            ],
            [
              80.33826875424292,
              7.060936008941957
            ],
            [
              80.3382857768335,
              7.060890567045445
            ],
            [
              80.3382961591025,
              7.060843165114692
            ],
            [
              80.33829968969685,
              7.060794768116313
            ],
            [
              80.33829629674385,
              7.0607463612736305
            ],
            [
              80.33828604931423,
              7.060698930010366
            ],
            [
              80.33826915601611,
              7.0606534398902605
            ],
            [
              80.33824596074832,
              7.060610816960976
            ],
            [
              80.33821693569963,
              7.060571928902439
            ],
            [
              80.33818267173632,
              7.060537567363376
            ],
            [
              80.33814386637387,
              7.0605084318456335
            ],
            [
              80.33810130957757,
              7.060485115464332
            ],
            [
              80.33805586768106,
              7.060468092873756
            ],
            [
              80.3380084657503,
              7.06045771060476
            ],
            [
              80.33796006875193,
              7.060454180010402
            ],
            [
              80.33791166190925,
              7.060457572963401
            ],
            [
              80.33786423064598,
              7.0604678203930185
            ],
            [
              80.33781874052588,
              7.060484713691138
            ],
            [
              80.33777611759659,
              7.060507908958927
            ],
            [
              80.33773722953805,
              7.060536934007623
            ],
            [
              80.33770286799898,
              7.060571197970935
            ],
            [
              80.33767373248125,
              7.060610003333379
            ],
            [
              80.33765041609995,
              7.060652560129683
            ],
            [
              80.33763339350936,
              7.060698002026196
            ],
            [
              80.33762301124037,
              7.060745403956949
            ],
            [
              80.33761948064601,
              7.060793800955327
            ],
            [
              80.33762287359902,
              7.06084220779801
            ],
            [
              80.33763312102863,
              7.0608896390612745
            ],
            [
              80.33765001432675,
              7.06093512918138
            ],
            [
              80.33767320959454,
              7.060977752110665
            ],
            [
              80.33770223464323,
              7.061016640169202
            ],
            [
              80.33773649860655,
              7.061051001708265
            ],
            [
              80.337775303969,
              7.061080137226007
            ],
            [
              80.3378178607653,
              7.061103453607308
            ],
            [
              80.3378633026618,
              7.0611204761978845
            ],
            [
              80.33791070459256,
              7.06113085846688
            ],
            [
              80.33795910159094,
              7.061134389061238
            ]
          ]
        ]
      },
      "properties": {
        "OBJECTID": 31,
        "Entity": "Circle",
        "Handle": "3500F",
        "Layer": "0",
        "LyrFrzn": 0,
        "LyrOn": 1,
        "Color": 7,
        "Linetype": "Continuous",
        "Elevation": 26.410000000000004,
        "LineWt": 25,
        "RefName": "",
        "DocUpdate": 1783359710000,
        "DocId": 1.1061215596273316e+19,
        "t0": null,
        "t00": null,
        "Shape_Length": 236.24776754980616,
        "Shape_Area": -4441.458029933606
      }
    },
    {
      "type": "Feature",
      "id": 32,
      "geometry": {
        "type": "Polygon",
        "coordinates": [
          [
            [
              80.33809826747871,
              7.060096089690284
            ],
            [
              80.33809826747871,
              7.060096089690284
            ],
            [
              80.3381313443711,
              7.06009324320544
            ],
            [
              80.33816342446427,
              7.060084696223009
            ],
            [
              80.33819353302083,
              7.060070708438729
            ],
            [
              80.33822075520749,
              7.060051704864345
            ],
            [
              80.33824426389191,
              7.06002826291385
            ],
            [
              80.33826334477462,
              7.0600010948590475
            ],
            [
              80.33827741809262,
              7.059971026187534
            ],
            [
              80.33828605623529,
              7.05993897052068
            ],
            [
              80.33828899673703,
              7.059905901853699
            ],
            [
              80.3382861502522,
              7.059872824961306
            ],
            [
              80.33827760326976,
              7.059840744868137
            ],
            [
              80.33826361548549,
              7.059810636311592
            ],
            [
              80.3382446119111,
              7.059783414124923
            ],
            [
              80.3382211699606,
              7.059759905440498
            ],
            [
              80.3381940019058,
              7.059740824557799
            ],
            [
              80.33816393323428,
              7.059726751239789
            ],
            [
              80.33813187756743,
              7.059718113097116
            ],
            [
              80.33809880890045,
              7.059715172595372
            ],
            [
              80.33806573200806,
              7.059718019080217
            ],
            [
              80.3380336519149,
              7.059726566062648
            ],
            [
              80.33800354335834,
              7.059740553846928
            ],
            [
              80.33797632117168,
              7.0597595574213114
            ],
            [
              80.33795281248726,
              7.059782999371807
            ],
            [
              80.33793373160455,
              7.059810167426609
            ],
            [
              80.33791965828655,
              7.059840236098123
            ],
            [
              80.33791102014388,
              7.059872291764977
            ],
            [
              80.33790807964213,
              7.059905360431958
            ],
            [
              80.33791092612697,
              7.059938437324351
            ],
            [
              80.33791947310941,
              7.059970517417519
            ],
            [
              80.33793346089368,
              7.060000625974065
            ],
            [
              80.33795246446807,
              7.0600278481607335
            ],
            [
              80.33797590641856,
              7.060051356845158
            ],
            [
              80.33800307447336,
              7.060070437727858
            ],
            [
              80.33803314314488,
              7.060084511045868
            ],
            [
              80.33806519881173,
              7.060093149188541
            ],
            [
              80.33809826747871,
              7.060096089690284
            ]
          ]
        ]
      },
      "properties": {
        "OBJECTID": 32,
        "Entity": "Circle",
        "Handle": "36611",
        "Layer": "0",
        "LyrFrzn": 0,
        "LyrOn": 1,
        "Color": 7,
        "Linetype": "Continuous",
        "Elevation": 34.829,
        "LineWt": 25,
        "RefName": "",
        "DocUpdate": 1783359710000,
        "DocId": 1.1061215596273316e+19,
        "t0": null,
        "t00": null,
        "Shape_Length": 132.2987498278622,
        "Shape_Area": -1392.8412381865626
      }
    },
    {
      "type": "Feature",
      "id": 33,
      "geometry": {
        "type": "MultiPolygon",
        "coordinates": [
          [
            [
              [
                80.35211273724533,
                7.064899140571721
              ],
              [
                80.3521058229611,
                7.064892841715563
              ],
              [
                80.35211501568773,
                7.064891095162965
              ],
              [
                80.35211273724533,
                7.064899140571721
              ]
            ]
          ],
          [
            [
              [
                80.35214495217369,
                7.0649082451789065
              ],
              [
                80.35213803788886,
                7.064901946323176
              ],
              [
                80.3521472306156,
                7.064900199769966
              ],
              [
                80.35214495217369,
                7.0649082451789065
              ]
            ]
          ],
          [
            [
              [
                80.35215300567964,
                7.064910521330053
              ],
              [
                80.35214609139466,
                7.06490422247443
              ],
              [
                80.35215528412142,
                7.0649024759210635
              ],
              [
                80.35215300567964,
                7.064910521330053
              ]
            ]
          ],
          [
            [
              [
                80.35216105918568,
                7.064912797481085
              ],
              [
                80.35215414490055,
                7.064906498625569
              ],
              [
                80.35216333762736,
                7.064904752072028
              ],
              [
                80.35216105918568,
                7.064912797481085
              ]
            ]
          ]
        ]
      },
      "properties": {
        "OBJECTID": 33,
        "Entity": "Insert",
        "Handle": "3C9D6",
        "Layer": "0",
        "LyrFrzn": 0,
        "LyrOn": 1,
        "Color": 7,
        "Linetype": "Continuous",
        "Elevation": -11.610490836985207,
        "LineWt": 25,
        "RefName": "ARROW",
        "DocUpdate": 1783359710000,
        "DocId": 1.1061215596273316e+19,
        "t0": null,
        "t00": null,
        "Shape_Length": 11.965186718821435,
        "Shape_Area": 1.7088883996205948
      }
    },
    {
      "type": "Feature",
      "id": 34,
      "geometry": {
        "type": "MultiPolygon",
        "coordinates": [
          [
            [
              [
                80.35108968911064,
                7.0645543203418
              ],
              [
                80.35108277484635,
                7.064548021472091
              ],
              [
                80.35109196756804,
                7.064546274939384
              ],
              [
                80.35108968911064,
                7.0645543203418
              ]
            ]
          ],
          [
            [
              [
                80.35112190308381,
                7.064563425014544
              ],
              [
                80.3511149888189,
                7.064557126145281
              ],
              [
                80.35112418154074,
                7.064555379611944
              ],
              [
                80.35112190308381,
                7.064563425014544
              ]
            ]
          ],
          [
            [
              [
                80.35112995748278,
                7.064565701183654
              ],
              [
                80.35112304231228,
                7.064559402313239
              ],
              [
                80.35113223593957,
                7.064557655781005
              ],
              [
                80.35112995748278,
                7.064565701183654
              ]
            ]
          ],
          [
            [
              [
                80.3511380109764,
                7.064567977351392
              ],
              [
                80.35113109671119,
                7.064561678482341
              ],
              [
                80.35114028943306,
                7.064559931948673
              ],
              [
                80.3511380109764,
                7.064567977351392
              ]
            ]
          ]
        ]
      },
      "properties": {
        "OBJECTID": 34,
        "Entity": "Insert",
        "Handle": "3C9D7",
        "Layer": "0",
        "LyrFrzn": 0,
        "LyrOn": 1,
        "Color": 7,
        "Linetype": "Continuous",
        "Elevation": -100.1104908369852,
        "LineWt": 25,
        "RefName": "ARROW",
        "DocUpdate": 1783359710000,
        "DocId": 1.1061215596273316e+19,
        "t0": null,
        "t00": null,
        "Shape_Length": 11.965358923586551,
        "Shape_Area": 1.7089328910212114
      }
    }
  ]
}