{
  "type": "FeatureCollection",
  "features": [
    {
      "type": "Feature",
      "id": 1,
      "geometry": {
        "type": "Polygon",
        "coordinates": [
          [
            [
              80.3492813760111,
              7.056265362671929
            ],
            [
              80.34928269446921,
              7.056273034081553
            ],
            [
              80.34928184322018,
              7.0562841587040275
            ],
            [
              80.34927791558138,
              7.0562886116939065
            ],
            [
              80.34927403456021,
              7.0562882110014895
            ],
            [
              80.3492710350195,
              7.056284213288277
            ],
            [
              80.34926816745867,
              7.056274533455626
            ],
            [
              80.34927008809747,
              7.05624520198765
            ],
            [
              80.34927191868483,
              7.056245340219843
            ],
            [
              80.34927349195505,
              7.056247548579268
            ],
            [
              80.3492813760111,
              7.056265362671929
            ]
          ]
        ]
      },
      "properties": {
        "OBJECTID": 1,
        "Entity": "3DPolyline",
        "Handle": "81FC2",
        "Layer": "Contour_Line_Major",
        "LyrFrzn": 0,
        "LyrOn": 1,
        "Color": 35,
        "Linetype": "Continuous",
        "Elevation": 65,
        "LineWt": 25,
        "RefName": "",
        "DocUpdate": 1783359710000,
        "DocId": 1.1061215596273316e+19,
        "t0": null,
        "t00": null,
        "Shape_Length": 10.754785929913723,
        "Shape_Area": 5.2291590199501226
      }
    },
    {
      "type": "Feature",
      "id": 2,
      "geometry": {
        "type": "Polygon",
        "coordinates": [
          [
            [
              80.35107909745075,
              7.054675878675705
            ],
            [
              80.35108528273551,
              7.054681509877578
            ],
            [
              80.35110782339393,
              7.054695140925502
            ],
            [
              80.35111322362822,
              7.054701454866621
            ],
            [
              80.35110822432932,
              7.054706967408489
            ],
            [
              80.35110416398814,
              7.054721562813541
            ],
            [
              80.35108236854508,
              7.054727403879277
            ],
            [
              80.35107769997956,
              7.054731434343092
            ],
            [
              80.35106802268103,
              7.054745150871966
            ],
            [
              80.35105001203029,
              7.054753517237839
            ],
            [
              80.35104520872557,
              7.054758075764022
            ],
            [
              80.35104220527802,
              7.054778335043016
            ],
            [
              80.3510410055053,
              7.054921436663415
            ],
            [
              80.35103516888181,
              7.054928756211234
            ],
            [
              80.35103035966907,
              7.054929753564028
            ],
            [
              80.35099598463596,
              7.054904721551996
            ],
            [
              80.35098483481984,
              7.054891336987912
            ],
            [
              80.35096764311243,
              7.054881831728503
            ],
            [
              80.35096012973146,
              7.0548806309135275
            ],
            [
              80.35095775513722,
              7.054882334475442
            ],
            [
              80.35095367389405,
              7.054896980503569
            ],
            [
              80.35095137532794,
              7.054918857170008
            ],
            [
              80.35095312917254,
              7.054937688463789
            ],
            [
              80.3509597317411,
              7.054968110006551
            ],
            [
              80.35096288792394,
              7.054992264644594
            ],
            [
              80.3509626364913,
              7.05500571838824
            ],
            [
              80.35096002089236,
              7.055010787399721
            ],
            [
              80.35095644966792,
              7.055008991451108
            ],
            [
              80.35095159955237,
              7.055001650718039
            ],
            [
              80.35093923337072,
              7.054991135464557
            ],
            [
              80.35093415535191,
              7.054984905186785
            ],
            [
              80.35091015931508,
              7.054964373198044
            ],
            [
              80.35088032035027,
              7.054940735948742
            ],
            [
              80.35086976652434,
              7.054935646820886
            ],
            [
              80.35086665343464,
              7.054936460195122
            ],
            [
              80.35086453685435,
              7.0549388370912
            ],
            [
              80.35086112087433,
              7.054950393237911
            ],
            [
              80.35085511089834,
              7.054956059047376
            ],
            [
              80.35084870318197,
              7.054956709547112
            ],
            [
              80.35083283871755,
              7.054953137181264
            ],
            [
              80.35082446470417,
              7.054954227265893
            ],
            [
              80.3508187856277,
              7.054956992682703
            ],
            [
              80.35081504141324,
              7.054963035215731
            ],
            [
              80.35081167361919,
              7.054975097969992
            ],
            [
              80.35080771182938,
              7.054981985943114
            ],
            [
              80.35079054874004,
              7.054996134376026
            ],
            [
              80.35077802725567,
              7.0550100097597825
            ],
            [
              80.35077305790222,
              7.055008320410389
            ],
            [
              80.35075959789079,
              7.054999809896087
            ],
            [
              80.35075102032954,
              7.054998175228982
            ],
            [
              80.35071862446395,
              7.054996617796014
            ],
            [
              80.35070534339022,
              7.055001347246131
            ],
            [
              80.35070104883107,
              7.055010525949218
            ],
            [
              80.35070563582634,
              7.05502670365113
            ],
            [
              80.35070510071077,
              7.055028658517354
            ],
            [
              80.35069631779581,
              7.0550385925996695
            ],
            [
              80.35068416400668,
              7.0550653961433305
            ],
            [
              80.35068111801166,
              7.055077188886985
            ],
            [
              80.35067783206208,
              7.055100689631677
            ],
            [
              80.35066142280306,
              7.055120311559812
            ],
            [
              80.35064679184515,
              7.055132756645391
            ],
            [
              80.35063167417107,
              7.055154007631581
            ],
            [
              80.35062300514134,
              7.05516343171132
            ],
            [
              80.35061598235117,
              7.055174682532722
            ],
            [
              80.35060918533483,
              7.0551818035493605
            ],
            [
              80.3506028879469,
              7.055192293758734
            ],
            [
              80.3505921676022,
              7.055204688199822
            ],
            [
              80.35059094413684,
              7.0552133004096
            ],
            [
              80.35059892654834,
              7.055244377855154
            ],
            [
              80.35059757522325,
              7.055252479727916
            ],
            [
              80.35059484577963,
              7.055257373098198
            ],
            [
              80.35057738438599,
              7.055271809654206
            ],
            [
              80.35056238129486,
              7.055280352948288
            ],
            [
              80.35047202400328,
              7.055319344891874
            ],
            [
              80.35045537361734,
              7.055330713474993
            ],
            [
              80.35042374637862,
              7.055366873591142
            ],
            [
              80.35041982169487,
              7.0553763648707255
            ],
            [
              80.35042126382922,
              7.055388859445169
            ],
            [
              80.35043487086429,
              7.055399723780783
            ],
            [
              80.35044023213518,
              7.055407356490959
            ],
            [
              80.35044911867061,
              7.055425074271856
            ],
            [
              80.3504468446708,
              7.05543060597358
            ],
            [
              80.35043718087694,
              7.055443703801106
            ],
            [
              80.35042264548275,
              7.055460979241501
            ],
            [
              80.35041801401528,
              7.055464368431905
            ],
            [
              80.35041436819961,
              7.055464119134499
            ],
            [
              80.35040516166572,
              7.055458367034968
            ],
            [
              80.35039575475292,
              7.055455413295638
            ],
            [
              80.35038512344312,
              7.0554597882248355
            ],
            [
              80.3503505090723,
              7.055497323598158
            ],
            [
              80.3503284504629,
              7.055526287855584
            ],
            [
              80.35031130026584,
              7.055552595078769
            ],
            [
              80.35030566578205,
              7.0555571388711495
            ],
            [
              80.35028503723002,
              7.0555676407915255
            ],
            [
              80.35026315156249,
              7.0555907520235275
            ],
            [
              80.35024062665076,
              7.055604778998989
            ],
            [
              80.35023086991642,
              7.055613096211235
            ],
            [
              80.35021006033664,
              7.0556417338528945
            ],
            [
              80.35019125223428,
              7.055659638323433
            ],
            [
              80.35016380427274,
              7.055671878313031
            ],
            [
              80.35014314370584,
              7.055683256678617
            ],
            [
              80.35013032778697,
              7.055697226607822
            ],
            [
              80.35010770784426,
              7.055715763467595
            ],
            [
              80.35004800327935,
              7.055738219621502
            ],
            [
              80.35002035439258,
              7.055746501970751
            ],
            [
              80.3499985406497,
              7.055756332869353
            ],
            [
              80.34999199424107,
              7.055763581763898
            ],
            [
              80.34998502632219,
              7.055791948307506
            ],
            [
              80.34998060335755,
              7.055802939516019
            ],
            [
              80.3499774000199,
              7.05580613259603
            ],
            [
              80.34992048400849,
              7.055822857846967
            ],
            [
              80.34990158476916,
              7.055826248873885
            ],
            [
              80.34988333017985,
              7.055834842792482
            ],
            [
              80.34986647475095,
              7.055845837491931
            ],
            [
              80.34985745162261,
              7.055858540009719
            ],
            [
              80.34985465648569,
              7.055860540572335
            ],
            [
              80.34984044839254,
              7.055865795144535
            ],
            [
              80.34983327544704,
              7.055870430859879
            ],
            [
              80.34981865655554,
              7.055893662540593
            ],
            [
              80.34981469114784,
              7.055897286926936
            ],
            [
              80.34979988318607,
              7.055906124439606
            ],
            [
              80.34979017959267,
              7.055913983114799
            ],
            [
              80.34977233938294,
              7.055923442343398
            ],
            [
              80.34976061676365,
              7.055933836337913
            ],
            [
              80.34972906259033,
              7.055951959118858
            ],
            [
              80.34970310101586,
              7.055963117513049
            ],
            [
              80.34969206607836,
              7.055969287369269
            ],
            [
              80.34966603605048,
              7.0559795384148565
            ],
            [
              80.34965168760682,
              7.05599257994766
            ],
            [
              80.34963370836203,
              7.056005639940069
            ],
            [
              80.34959954855525,
              7.056019076291547
            ],
            [
              80.34957563568844,
              7.056021350452348
            ],
            [
              80.34955164936247,
              7.0560295474202865
            ],
            [
              80.34953470811283,
              7.056033257747332
            ],
            [
              80.34953084908139,
              7.056035266775405
            ],
            [
              80.34951899869664,
              7.056046375169554
            ],
            [
              80.34949483593871,
              7.056062262265192
            ],
            [
              80.3494678488795,
              7.056071852557604
            ],
            [
              80.3494497704837,
              7.056080696355387
            ],
            [
              80.3494419579671,
              7.05608297485301
            ],
            [
              80.34943339538093,
              7.056083575293039
            ],
            [
              80.34941835512542,
              7.056081740737037
            ],
            [
              80.34940285546594,
              7.056078212246461
            ],
            [
              80.34938141133189,
              7.056075565535969
            ],
            [
              80.349368219355,
              7.056071574423509
            ],
            [
              80.34936341558522,
              7.056071257472539
            ],
            [
              80.34935629760386,
              7.056074133931269
            ],
            [
              80.3493514782552,
              7.056080434553607
            ],
            [
              80.3493456020757,
              7.056094006183162
            ],
            [
              80.34933000824375,
              7.0561151216784985
            ],
            [
              80.34932208838721,
              7.056128779103992
            ],
            [
              80.34931552754327,
              7.0561359800269186
            ],
            [
              80.34930953348749,
              7.056148375593028
            ],
            [
              80.34930059553727,
              7.056157773037336
            ],
            [
              80.34929612846973,
              7.05616596825109
            ],
            [
              80.34928815591326,
              7.05617457014327
            ],
            [
              80.34927081793909,
              7.05619977442735
            ],
            [
              80.3492691011011,
              7.056207007428304
            ],
            [
              80.34926815691749,
              7.05622956889104
            ],
            [
              80.34926659245876,
              7.056232720832004
            ],
            [
              80.34926268559177,
              7.0562333223308515
            ],
            [
              80.34925450732311,
              7.056226492528999
            ],
            [
              80.3492479414844,
              7.056210688346307
            ],
            [
              80.34923674453644,
              7.056197357949462
            ],
            [
              80.3492186635975,
              7.056184679173168
            ],
            [
              80.34920938501062,
              7.05617476698277
            ],
            [
              80.34919720178034,
              7.056164871547488
            ],
            [
              80.34918538239492,
              7.056158964724111
            ],
            [
              80.34917552338052,
              7.056157513670458
            ],
            [
              80.34912965537701,
              7.056156082065425
            ],
            [
              80.34911659577332,
              7.056157147493863
            ],
            [
              80.34910467798274,
              7.056160110424026
            ],
            [
              80.34908239043581,
              7.056169456688123
            ],
            [
              80.34903836608542,
              7.056184085894845
            ],
            [
              80.34900565791412,
              7.056188265380614
            ],
            [
              80.3489863082023,
              7.0561952223307856
            ],
            [
              80.34894354752979,
              7.056190625541671
            ],
            [
              80.34893722462996,
              7.056192121873995
            ],
            [
              80.34892659481743,
              7.056202532746277
            ],
            [
              80.34891378731389,
              7.056203965762583
            ],
            [
              80.3488946615029,
              7.056200368880388
            ],
            [
              80.34886877280518,
              7.0562131328802575
            ],
            [
              80.34886030136335,
              7.056214597269675
            ],
            [
              80.34885075074881,
              7.056212750451976
            ],
            [
              80.34880711488096,
              7.056191055771381
            ],
            [
              80.34879704413397,
              7.056183028428755
            ],
            [
              80.34879495765676,
              7.056178107549447
            ],
            [
              80.34879460287542,
              7.05617476298042
            ],
            [
              80.34879828442045,
              7.0561611114125125
            ],
            [
              80.34881966767458,
              7.05604081698123
            ],
            [
              80.3488212753931,
              7.056023557034898
            ],
            [
              80.34881864775805,
              7.056017781517747
            ],
            [
              80.34879337602025,
              7.056001787517777
            ],
            [
              80.34877575705906,
              7.055999339686531
            ],
            [
              80.3487643913139,
              7.056001199842806
            ],
            [
              80.34875300082533,
              7.056007806975654
            ],
            [
              80.34873084418571,
              7.0560174265759015
            ],
            [
              80.34872016877343,
              7.056024185763111
            ],
            [
              80.3487118953442,
              7.0560258503290685
            ],
            [
              80.34870712441287,
              7.056025360650634
            ],
            [
              80.34869428229923,
              7.056021113119262
            ],
            [
              80.34867907222196,
              7.056003452519774
            ],
            [
              80.34866594706386,
              7.055996360727824
            ],
            [
              80.34864664695911,
              7.055993094653831
            ],
            [
              80.34860321962661,
              7.0559925899362534
            ],
            [
              80.34858489052229,
              7.055985167057019
            ],
            [
              80.34855628192659,
              7.055964897164559
            ],
            [
              80.34854639769149,
              7.055947814755625
            ],
            [
              80.34853152495587,
              7.055911654123392
            ],
            [
              80.34849573338649,
              7.055848793116349
            ],
            [
              80.34845751783726,
              7.055820361741753
            ],
            [
              80.34844361824163,
              7.055794061920887
            ],
            [
              80.34842869780188,
              7.0557758372875945
            ],
            [
              80.34842511959157,
              7.055766091332952
            ],
            [
              80.34842627258247,
              7.055730207238273
            ],
            [
              80.34841711855545,
              7.055666849723923
            ],
            [
              80.34841164745134,
              7.05564130790826
            ],
            [
              80.34841738957425,
              7.055616780350617
            ],
            [
              80.34842770351153,
              7.055590740455069
            ],
            [
              80.34842936000936,
              7.055582635399932
            ],
            [
              80.34843007185208,
              7.055568911850503
            ],
            [
              80.34842615990789,
              7.055512928202458
            ],
            [
              80.34842199558757,
              7.055495625830761
            ],
            [
              80.34841515241403,
              7.055476806429863
            ],
            [
              80.34840401534507,
              7.05545564913959
            ],
            [
              80.34839804552405,
              7.0554409918284255
            ],
            [
              80.34838131561244,
              7.055421137406867
            ],
            [
              80.34837534367624,
              7.055404756044655
            ],
            [
              80.34837034982759,
              7.055395984109742
            ],
            [
              80.34835978014837,
              7.055382823719322
            ],
            [
              80.34835456947161,
              7.055368532900289
            ],
            [
              80.34835538061989,
              7.055359551073553
            ],
            [
              80.34835795858523,
              7.055352278574341
            ],
            [
              80.34836630530354,
              7.055342872182124
            ],
            [
              80.34837095548768,
              7.055340999043735
            ],
            [
              80.34837850618317,
              7.055340765356525
            ],
            [
              80.34838225137811,
              7.055342462972388
            ],
            [
              80.34838446277864,
              7.055348691988109
            ],
            [
              80.34838609179643,
              7.05535052594937
            ],
            [
              80.34838757799898,
              7.0553502439988085
            ],
            [
              80.3483875373995,
              7.055344312891764
            ],
            [
              80.34838063770174,
              7.055321887926418
            ],
            [
              80.34837746444619,
              7.055319103855043
            ],
            [
              80.34836963602135,
              7.055319815654852
            ],
            [
              80.34836047461592,
              7.0553245480710505
            ],
            [
              80.34833083939488,
              7.055334002541468
            ],
            [
              80.34831762457613,
              7.055334066410227
            ],
            [
              80.34831073583436,
              7.055330354524653
            ],
            [
              80.34829380844735,
              7.05531057128337
            ],
            [
              80.34827830357975,
              7.055282954926119
            ],
            [
              80.34826924179161,
              7.055259834970829
            ],
            [
              80.34826055842126,
              7.055242578753604
            ],
            [
              80.3482244356437,
              7.05520942679303
            ],
            [
              80.34819721955293,
              7.05517369666906
            ],
            [
              80.34818346773106,
              7.055151168064545
            ],
            [
              80.34814909131498,
              7.055114290939378
            ],
            [
              80.34814121211144,
              7.055102113010212
            ],
            [
              80.34813422246229,
              7.05508769035707
            ],
            [
              80.3481293607447,
              7.0550608441431235
            ],
            [
              80.34812440583325,
              7.0550462497548665
            ],
            [
              80.34809917630876,
              7.055009843092497
            ],
            [
              80.34809581336505,
              7.055002855370515
            ],
            [
              80.34809780743502,
              7.054989035922213
            ],
            [
              80.34811716534814,
              7.054954826216503
            ],
            [
              80.34811718110996,
              7.054951325679689
            ],
            [
              80.34811285309483,
              7.054944256106699
            ],
            [
              80.34808531932194,
              7.054923340948578
            ],
            [
              80.34806217702142,
              7.0549010271742
            ],
            [
              80.34804709338532,
              7.054890108250687
            ],
            [
              80.34796185122218,
              7.0548472371824715
            ],
            [
              80.34792548412786,
              7.054823075056302
            ],
            [
              80.34787119325415,
              7.054796930477585
            ],
            [
              80.3478634293948,
              7.054792272122903
            ],
            [
              80.34786080895051,
              7.054789135146592
            ],
            [
              80.3478629682428,
              7.054777597173109
            ],
            [
              80.3478686159996,
              7.054768752355858
            ],
            [
              80.34795910156494,
              7.054708660966473
            ],
            [
              80.34796759347124,
              7.0546990223174975
            ],
            [
              80.3479732090587,
              7.054684046500988
            ],
            [
              80.3479775146393,
              7.054678673230602
            ],
            [
              80.34798424827135,
              7.0546754588625395
            ],
            [
              80.34799256104678,
              7.0546741299456786
            ],
            [
              80.34800763745376,
              7.0546779138711715
            ],
            [
              80.34801734236797,
              7.054683995961497
            ],
            [
              80.34803760467538,
              7.054700353861561
            ],
            [
              80.3480532463024,
              7.05471756371537
            ],
            [
              80.3480849088107,
              7.054735242777336
            ],
            [
              80.34810667970635,
              7.054752794056409
            ],
            [
              80.34811548378043,
              7.054757540694964
            ],
            [
              80.34813389389751,
              7.054763321966097
            ],
            [
              80.34815214150987,
              7.054771355307272
            ],
            [
              80.3481478046113,
              7.054784878415557
            ],
            [
              80.34814868719566,
              7.054789557913886
            ],
            [
              80.34815189469052,
              7.0547943998563065
            ],
            [
              80.34819840877445,
              7.054837441157322
            ],
            [
              80.34822436311062,
              7.054866390917091
            ],
            [
              80.34825195332776,
              7.054883851718588
            ],
            [
              80.34828271769926,
              7.054924818634201
            ],
            [
              80.34828734198145,
              7.0549278679515295
            ],
            [
              80.34829692432196,
              7.054930963083888
            ],
            [
              80.34831583581727,
              7.054932382465492
            ],
            [
              80.34832144113552,
              7.054934457156065
            ],
            [
              80.34832977214496,
              7.054940811397958
            ],
            [
              80.34835093917751,
              7.054961572931475
            ],
            [
              80.34837743019824,
              7.054977751367712
            ],
            [
              80.3483960700223,
              7.054986326161006
            ],
            [
              80.34841012011009,
              7.054997579215245
            ],
            [
              80.34841855035145,
              7.0550074341532545
            ],
            [
              80.34844067711808,
              7.055043109223083
            ],
            [
              80.34844402641262,
              7.055069577037482
            ],
            [
              80.34844675437473,
              7.055079357082305
            ],
            [
              80.34846519280026,
              7.055111530968264
            ],
            [
              80.34849168203601,
              7.055141947716934
            ],
            [
              80.34853118009731,
              7.055202422296281
            ],
            [
              80.34855562649753,
              7.055232333269081
            ],
            [
              80.34856795871497,
              7.055255447833008
            ],
            [
              80.34860332253977,
              7.055369084433628
            ],
            [
              80.34861323835183,
              7.055386889610156
            ],
            [
              80.34862268144421,
              7.055424188713479
            ],
            [
              80.34863245073299,
              7.055441235683121
            ],
            [
              80.34863024182924,
              7.0554779115863075
            ],
            [
              80.34864042913921,
              7.055531438221076
            ],
            [
              80.34864229866399,
              7.055549060309947
            ],
            [
              80.3486475226887,
              7.055569355463397
            ],
            [
              80.3486508488747,
              7.055607182423445
            ],
            [
              80.34865617273695,
              7.055637022392991
            ],
            [
              80.34865917246586,
              7.055642174299175
            ],
            [
              80.34867978587998,
              7.055659368458717
            ],
            [
              80.34868533213873,
              7.055667428386277
            ],
            [
              80.34868903752084,
              7.055680770052292
            ],
            [
              80.34869328087514,
              7.0557127920671805
            ],
            [
              80.34869894196308,
              7.055719671733734
            ],
            [
              80.34872115085017,
              7.055740032188762
            ],
            [
              80.34874167816014,
              7.055777376602113
            ],
            [
              80.34876617265601,
              7.055803352897181
            ],
            [
              80.34877379387167,
              7.055821338491781
            ],
            [
              80.34878547756489,
              7.055840752589844
            ],
            [
              80.34882012838516,
              7.055871830166279
            ],
            [
              80.34884175061057,
              7.055894750543292
            ],
            [
              80.34887869659296,
              7.055924611096357
            ],
            [
              80.34890213100131,
              7.05593816480141
            ],
            [
              80.34894641609165,
              7.055948161996448
            ],
            [
              80.34896650196542,
              7.055946996016624
            ],
            [
              80.34900076530504,
              7.05595148688131
            ],
            [
              80.34903750223788,
              7.055952767371525
            ],
            [
              80.34907690165588,
              7.05595043432634
            ],
            [
              80.34909727371678,
              7.05594532857542
            ],
            [
              80.34913270050649,
              7.05594400668679
            ],
            [
              80.34919517078106,
              7.055924458076596
            ],
            [
              80.34925999595683,
              7.055917959786233
            ],
            [
              80.34927470597131,
              7.05591378233145
            ],
            [
              80.34931317651511,
              7.055893871906294
            ],
            [
              80.34932119926634,
              7.055884333886912
            ],
            [
              80.34932808033324,
              7.05587086044335
            ],
            [
              80.3493310775641,
              7.055870027018905
            ],
            [
              80.34934637875408,
              7.055874327709537
            ],
            [
              80.3493511559564,
              7.055874216777315
            ],
            [
              80.3493706876234,
              7.055868569833877
            ],
            [
              80.34939531416033,
              7.0558538321527555
            ],
            [
              80.34941725397466,
              7.055843856733637
            ],
            [
              80.34943094508445,
              7.055834701089214
            ],
            [
              80.34944885942147,
              7.055825327908272
            ],
            [
              80.3494620657941,
              7.055815760927433
            ],
            [
              80.34947357238246,
              7.055810943112553
            ],
            [
              80.34948175457151,
              7.055804585665499
            ],
            [
              80.34948690195797,
              7.055790952413937
            ],
            [
              80.34949093911044,
              7.055786525805822
            ],
            [
              80.34950486723628,
              7.055783353099346
            ],
            [
              80.34952550753175,
              7.0557884545021015
            ],
            [
              80.34953252725444,
              7.055786561135499
            ],
            [
              80.34953886707594,
              7.0557800726762006
            ],
            [
              80.34955906733731,
              7.05576830655583
            ],
            [
              80.34958093484754,
              7.055744611004478
            ],
            [
              80.34958595651725,
              7.0557412549301475
            ],
            [
              80.34960657190472,
              7.055733064117538
            ],
            [
              80.3496357176043,
              7.055728578412815
            ],
            [
              80.34964340303081,
              7.055725882742521
            ],
            [
              80.34966442870476,
              7.055712410000286
            ],
            [
              80.34969032931647,
              7.0557014559475
            ],
            [
              80.34970950508946,
              7.055688059321084
            ],
            [
              80.34972900330543,
              7.055680422332617
            ],
            [
              80.34974097339055,
              7.055669820639323
            ],
            [
              80.34974890567521,
              7.055664760850143
            ],
            [
              80.34976081222462,
              7.055658812008271
            ],
            [
              80.34978149474351,
              7.055651821601978
            ],
            [
              80.34979107124899,
              7.055643544853124
            ],
            [
              80.34979893862528,
              7.055628548628928
            ],
            [
              80.34980318166734,
              7.0556232141488255
            ],
            [
              80.34981185299958,
              7.05561864655145
            ],
            [
              80.3498329467895,
              7.0556160491491635
            ],
            [
              80.34984122538897,
              7.05561261891241
            ],
            [
              80.34987558136804,
              7.055583151695716
            ],
            [
              80.34989291751478,
              7.055564408491971
            ],
            [
              80.34990226045738,
              7.055551558978435
            ],
            [
              80.3499209990888,
              7.055534130210042
            ],
            [
              80.34994029685014,
              7.055525442764697
            ],
            [
              80.34995282352922,
              7.055515659541926
            ],
            [
              80.34997913699218,
              7.055508605507241
            ],
            [
              80.34999130238268,
              7.055507275587511
            ],
            [
              80.35000084954586,
              7.055508994836442
            ],
            [
              80.35001974228467,
              7.05551804389906
            ],
            [
              80.35003293082262,
              7.055518003463966
            ],
            [
              80.35003866551412,
              7.055515619850061
            ],
            [
              80.35005994669177,
              7.055500061580243
            ],
            [
              80.35006959289528,
              7.055478810236256
            ],
            [
              80.35008628708529,
              7.055468503656274
            ],
            [
              80.35009866447301,
              7.055458642431115
            ],
            [
              80.35010798080052,
              7.055444745421233
            ],
            [
              80.3501179938093,
              7.055436399622882
            ],
            [
              80.35012620856665,
              7.055426804868687
            ],
            [
              80.35013240305629,
              7.055423885502725
            ],
            [
              80.35013995739453,
              7.055422989670666
            ],
            [
              80.35014578875376,
              7.055419459236273
            ],
            [
              80.35015107514059,
              7.05540936743281
            ],
            [
              80.35015488638463,
              7.055392925531963
            ],
            [
              80.35016332402421,
              7.055374134654352
            ],
            [
              80.35016501632413,
              7.055371499378301
            ],
            [
              80.3501748749375,
              7.055366087683262
            ],
            [
              80.35017897747377,
              7.055361515528668
            ],
            [
              80.35018216563611,
              7.0553523199147765
            ],
            [
              80.35018398023908,
              7.055335349698415
            ],
            [
              80.35019764459662,
              7.055312243309311
            ],
            [
              80.35020846910633,
              7.055297231291916
            ],
            [
              80.35024118919985,
              7.055270167836941
            ],
            [
              80.35025008054632,
              7.055261050712801
            ],
            [
              80.35026104553049,
              7.055253733790114
            ],
            [
              80.35027056365232,
              7.05524510870159
            ],
            [
              80.35028913988616,
              7.055242182140103
            ],
            [
              80.35029776139922,
              7.055243465916555
            ],
            [
              80.35030590235625,
              7.055246535485791
            ],
            [
              80.35030956642366,
              7.0552466807874765
            ],
            [
              80.35031232448794,
              7.055244640370341
            ],
            [
              80.35031330464052,
              7.055241699273556
            ],
            [
              80.35031251411907,
              7.055226821244744
            ],
            [
              80.35031895462016,
              7.055221491625709
            ],
            [
              80.35032380253718,
              7.055207672514909
            ],
            [
              80.35033524446581,
              7.055192715625249
            ],
            [
              80.35033934908202,
              7.055177556764439
            ],
            [
              80.35034219986616,
              7.055172005965857
            ],
            [
              80.35035350953434,
              7.055161643037781
            ],
            [
              80.35037289264139,
              7.055148224055127
            ],
            [
              80.35038183342081,
              7.05513936569452
            ],
            [
              80.35038815128303,
              7.055128480234061
            ],
            [
              80.35039522470232,
              7.055110790988606
            ],
            [
              80.35040206991954,
              7.055100920248154
            ],
            [
              80.35041064882382,
              7.0550957455648655
            ],
            [
              80.35043058260537,
              7.055089343843357
            ],
            [
              80.3504374299605,
              7.055085733409728
            ],
            [
              80.35045390545558,
              7.055066666063848
            ],
            [
              80.3504561943027,
              7.05505957495973
            ],
            [
              80.35045735098893,
              7.05504235960072
            ],
            [
              80.35045989323392,
              7.055030159116318
            ],
            [
              80.35046850902553,
              7.055017356517753
            ],
            [
              80.35048516497214,
              7.054979252523601
            ],
            [
              80.35048948118765,
              7.054958436072511
            ],
            [
              80.35048977016297,
              7.054927150328727
            ],
            [
              80.35049196847233,
              7.054920054575646
            ],
            [
              80.35051039284471,
              7.05491498946595
            ],
            [
              80.35052953762478,
              7.054907550041803
            ],
            [
              80.35053502043188,
              7.054903336190956
            ],
            [
              80.3505412352071,
              7.054894949821664
            ],
            [
              80.35055034115705,
              7.054886460738076
            ],
            [
              80.35056870220134,
              7.054873560433175
            ],
            [
              80.35057253600928,
              7.054868850410802
            ],
            [
              80.35057868266281,
              7.0548554193399875
            ],
            [
              80.35059834625561,
              7.0548271835057434
            ],
            [
              80.3506103605765,
              7.054815995707174
            ],
            [
              80.3506330825201,
              7.0548021851674525
            ],
            [
              80.35064814707998,
              7.0547807052580085
            ],
            [
              80.35065483460563,
              7.0547780805443105
            ],
            [
              80.35067431920619,
              7.0547808284886635
            ],
            [
              80.35068593652304,
              7.054777742983797
            ],
            [
              80.35069058226237,
              7.054773851791306
            ],
            [
              80.3507014686745,
              7.05475792988081
            ],
            [
              80.3507041378008,
              7.054756034063243
            ],
            [
              80.35072634905819,
              7.054750036204345
            ],
            [
              80.35073146009579,
              7.054746860243106
            ],
            [
              80.35074040739897,
              7.054737858061755
            ],
            [
              80.35076722423368,
              7.0547223499640115
            ],
            [
              80.3508163656672,
              7.054711123324421
            ],
            [
              80.35084572700735,
              7.054707130809972
            ],
            [
              80.3508601387111,
              7.054703223342337
            ],
            [
              80.35086501654482,
              7.054699111763367
            ],
            [
              80.35086800479759,
              7.05468716607054
            ],
            [
              80.35087103443152,
              7.0546845136550616
            ],
            [
              80.35087747943578,
              7.054685041819056
            ],
            [
              80.35089118571445,
              7.05468965411448
            ],
            [
              80.35090144983504,
              7.054691466603335
            ],
            [
              80.3509228791614,
              7.054689108411715
            ],
            [
              80.35094401727328,
              7.054695612474376
            ],
            [
              80.350962163442,
              7.054693309416899
            ],
            [
              80.35096805777182,
              7.054690062178566
            ],
            [
              80.35098620533986,
              7.0546750512722864
            ],
            [
              80.35100411911216,
              7.054652377701562
            ],
            [
              80.35100843079196,
              7.05464910293594
            ],
            [
              80.35101517326625,
              7.054647978921107
            ],
            [
              80.3510318964374,
              7.05464868508896
            ],
            [
              80.35104955375617,
              7.054658676729262
            ],
            [
              80.35107045166596,
              7.054667971855723
            ],
            [
              80.35107909745075,
              7.054675878675705
            ]
          ]
        ]
      },
      "properties": {
        "OBJECTID": 2,
        "Entity": "3DPolyline",
        "Handle": "81FCF",
        "Layer": "Contour_Line_Major",
        "LyrFrzn": 0,
        "LyrOn": 1,
        "Color": 35,
        "Linetype": "Continuous",
        "Elevation": 65,
        "LineWt": 25,
        "RefName": "",
        "DocUpdate": 1783359710000,
        "DocId": 1.1061215596273316e+19,
        "t0": null,
        "t00": null,
        "Shape_Length": 1125.495901794714,
        "Shape_Area": 11859.464516215165
      }
    },
    {
      "type": "Feature",
      "id": 3,
      "geometry": {
        "type": "Polygon",
        "coordinates": [
          [
            [
              80.34205573323736,
              7.055983874506636
            ],
            [
              80.34203937393461,
              7.055993504660412
            ],
            [
              80.34203268367101,
              7.055994823090653
            ],
            [
              80.34202580116184,
              7.055991861889817
            ],
            [
              80.34202401883671,
              7.055985121488879
            ],
            [
              80.34202693202528,
              7.055971997158323
            ],
            [
              80.34203323825396,
              7.055968849215003
            ],
            [
              80.34203789536242,
              7.055968503009263
            ],
            [
              80.34204754007246,
              7.055969725966209
            ],
            [
              80.3420560929395,
              7.055972798969556
            ],
            [
              80.34205828431209,
              7.055975197269264
            ],
            [
              80.34205833578291,
              7.055977860295938
            ],
            [
              80.34205573323736,
              7.055983874506636
            ]
          ]
        ]
      },
      "properties": {
        "OBJECTID": 3,
        "Entity": "3DPolyline",
        "Handle": "821C5",
        "Layer": "Contour_Line_Major",
        "LyrFrzn": 0,
        "LyrOn": 1,
        "Color": 35,
        "Linetype": "Continuous",
        "Elevation": 65,
        "LineWt": 25,
        "RefName": "",
        "DocUpdate": 1783359710000,
        "DocId": 1.1061215596273316e+19,
        "t0": null,
        "t00": null,
        "Shape_Length": 10.684675667022724,
        "Shape_Area": 8.016135627784497
      }
    },
    {
      "type": "Feature",
      "id": 4,
      "geometry": {
        "type": "Polygon",
        "coordinates": [
          [
            [
              80.35296530647071,
              7.055230264294877
            ],
            [
              80.35297798251621,
              7.055227628850656
            ],
            [
              80.35300464824986,
              7.055226367789303
            ],
            [
              80.3530254436042,
              7.055222845388125
            ],
            [
              80.35305411463602,
              7.055226313313613
            ],
            [
              80.35306261827354,
              7.055229684550067
            ],
            [
              80.35306409642347,
              7.055231940706842
            ],
            [
              80.35306209483062,
              7.055248021523994
            ],
            [
              80.35305910173399,
              7.0552582748379695
            ],
            [
              80.35305337169812,
              7.055265794463968
            ],
            [
              80.35303638181334,
              7.055280438006745
            ],
            [
              80.35303231170808,
              7.0552857998956755
            ],
            [
              80.35303024201237,
              7.055291586071108
            ],
            [
              80.3530292546765,
              7.055303625912976
            ],
            [
              80.35303031560534,
              7.055336402413147
            ],
            [
              80.35302815622417,
              7.055344179352419
            ],
            [
              80.35302200682271,
              7.05535571997273
            ],
            [
              80.35302335556565,
              7.0553585783726405
            ],
            [
              80.35303705484928,
              7.055363697140206
            ],
            [
              80.35304592969686,
              7.055363168523634
            ],
            [
              80.35305189799102,
              7.055359469092015
            ],
            [
              80.35305866392783,
              7.055351233602856
            ],
            [
              80.35306526010507,
              7.055348535460063
            ],
            [
              80.35308215402851,
              7.055344970565066
            ],
            [
              80.35309212774276,
              7.0553368489688975
            ],
            [
              80.3531055668186,
              7.055331784084927
            ],
            [
              80.35312030542413,
              7.055320024706011
            ],
            [
              80.3531376000081,
              7.0553200405254675
            ],
            [
              80.35314561825719,
              7.055323469883101
            ],
            [
              80.35314889077645,
              7.055329125970391
            ],
            [
              80.35315103673948,
              7.05534210273228
            ],
            [
              80.35315522447922,
              7.0553530986708966
            ],
            [
              80.35315694204864,
              7.055356381809795
            ],
            [
              80.35316760695441,
              7.055366272330708
            ],
            [
              80.35317240431209,
              7.055380340020362
            ],
            [
              80.35317468249002,
              7.05539460593205
            ],
            [
              80.35317310200797,
              7.0554314998486936
            ],
            [
              80.3531757764034,
              7.055447330255507
            ],
            [
              80.35318476809641,
              7.055454598011564
            ],
            [
              80.3532013801519,
              7.055461021535524
            ],
            [
              80.35320500109857,
              7.0554687531154485
            ],
            [
              80.35320675527282,
              7.055501111775394
            ],
            [
              80.35320217073938,
              7.0555052726311605
            ],
            [
              80.35319201745068,
              7.055509042248249
            ],
            [
              80.35318483609848,
              7.055519759216155
            ],
            [
              80.35316839640602,
              7.055539186722383
            ],
            [
              80.35316078395144,
              7.055539551559462
            ],
            [
              80.35313993762031,
              7.055533476746452
            ],
            [
              80.35312065129123,
              7.055531354211434
            ],
            [
              80.35311238965221,
              7.055529104033433
            ],
            [
              80.35308509385378,
              7.055478746764934
            ],
            [
              80.35307710862985,
              7.055469136743614
            ],
            [
              80.35305857385808,
              7.05545458870449
            ],
            [
              80.353044331664,
              7.055449869895372
            ],
            [
              80.35303660675477,
              7.055445801433977
            ],
            [
              80.35302345427488,
              7.055434214168096
            ],
            [
              80.35301940277353,
              7.0554281318677585
            ],
            [
              80.3530128788434,
              7.055402270227072
            ],
            [
              80.35300451734275,
              7.055388474386006
            ],
            [
              80.3529953629608,
              7.0553816541477055
            ],
            [
              80.352976882786,
              7.0553734361383675
            ],
            [
              80.35296960263594,
              7.055368577726133
            ],
            [
              80.35295915386331,
              7.055351708085446
            ],
            [
              80.35295536539662,
              7.055347903775837
            ],
            [
              80.35294500071406,
              7.055342854753889
            ],
            [
              80.35291889554053,
              7.055334258933107
            ],
            [
              80.3529134513952,
              7.055330201771615
            ],
            [
              80.35290398419585,
              7.0553165310320365
            ],
            [
              80.35289570823609,
              7.055309600751243
            ],
            [
              80.35287666137307,
              7.055303914659281
            ],
            [
              80.35286783252236,
              7.055298705852079
            ],
            [
              80.3528594466893,
              7.055284832184929
            ],
            [
              80.35285655884242,
              7.055266888480667
            ],
            [
              80.35285331494227,
              7.055256926830563
            ],
            [
              80.35284686521743,
              7.055247401247149
            ],
            [
              80.35282913137746,
              7.055229221685794
            ],
            [
              80.3528358018857,
              7.055220593498248
            ],
            [
              80.35284872854564,
              7.05521353069152
            ],
            [
              80.3528570605755,
              7.055210727317458
            ],
            [
              80.35287382580324,
              7.055207901258845
            ],
            [
              80.35287825756735,
              7.0552081253946675
            ],
            [
              80.35289628701031,
              7.055225342030979
            ],
            [
              80.35290579848864,
              7.055229293571279
            ],
            [
              80.35291440225875,
              7.055230322195708
            ],
            [
              80.35293173548473,
              7.055229240871469
            ],
            [
              80.35295065627497,
              7.055236386710583
            ],
            [
              80.35295954323226,
              7.055235612077886
            ],
            [
              80.35296299255056,
              7.055233919944548
            ],
            [
              80.35296530647071,
              7.055230264294877
            ]
          ]
        ]
      },
      "properties": {
        "OBJECTID": 4,
        "Entity": "3DPolyline",
        "Handle": "821D4",
        "Layer": "Contour_Line_Major",
        "LyrFrzn": 0,
        "LyrOn": 1,
        "Color": 35,
        "Linetype": "Continuous",
        "Elevation": 65,
        "LineWt": 25,
        "RefName": "",
        "DocUpdate": 1783359710000,
        "DocId": 1.1061215596273316e+19,
        "t0": null,
        "t00": null,
        "Shape_Length": 141.96854634562237,
        "Shape_Area": 585.0475383607866
      }
    },
    {
      "type": "Feature",
      "id": 5,
      "geometry": {
        "type": "Polygon",
        "coordinates": [
          [
            [
              80.35265203915387,
              7.055130330903847
            ],
            [
              80.3526566209183,
              7.055139244241192
            ],
            [
              80.35265788674162,
              7.055148996915208
            ],
            [
              80.35265503646359,
              7.055156157808671
            ],
            [
              80.35264275664909,
              7.0551668649855745
            ],
            [
              80.3526327859064,
              7.055169586484435
            ],
            [
              80.35262341741884,
              7.055168944841465
            ],
            [
              80.35261511567646,
              7.055165588349928
            ],
            [
              80.35259687184819,
              7.055154753826279
            ],
            [
              80.35258868584265,
              7.055152814905729
            ],
            [
              80.35258560051942,
              7.05515449759102
            ],
            [
              80.35258168934163,
              7.055160816697187
            ],
            [
              80.3525729473031,
              7.055188276297257
            ],
            [
              80.3525700346843,
              7.055190777828705
            ],
            [
              80.35256660789032,
              7.055191246150462
            ],
            [
              80.35255199798193,
              7.055185965099507
            ],
            [
              80.35254845020472,
              7.055182927264373
            ],
            [
              80.35254373177024,
              7.055175282803328
            ],
            [
              80.35253833400746,
              7.055152834637071
            ],
            [
              80.3525359532181,
              7.0551309776994175
            ],
            [
              80.35253309268245,
              7.055122711683403
            ],
            [
              80.35253329988409,
              7.055120858572505
            ],
            [
              80.35253502043562,
              7.055120688191568
            ],
            [
              80.35254242688254,
              7.0551239186167365
            ],
            [
              80.35255114316666,
              7.055125423190587
            ],
            [
              80.35255746862526,
              7.055121417622238
            ],
            [
              80.35256118856317,
              7.055112631576142
            ],
            [
              80.3525626285885,
              7.055101921130137
            ],
            [
              80.3525606617846,
              7.055069488908992
            ],
            [
              80.3525634284184,
              7.055066486965601
            ],
            [
              80.35257640791693,
              7.055066359331999
            ],
            [
              80.35258303357423,
              7.055069160827409
            ],
            [
              80.35260654851781,
              7.055095192565372
            ],
            [
              80.35262491604465,
              7.055100408270267
            ],
            [
              80.35263013925653,
              7.055103164402822
            ],
            [
              80.35263835036169,
              7.055111802365426
            ],
            [
              80.35265203915387,
              7.055130330903847
            ]
          ]
        ]
      },
      "properties": {
        "OBJECTID": 5,
        "Entity": "3DPolyline",
        "Handle": "8222F",
        "Layer": "Contour_Line_Major",
        "LyrFrzn": 0,
        "LyrOn": 1,
        "Color": 35,
        "Linetype": "Continuous",
        "Elevation": 65,
        "LineWt": 25,
        "RefName": "",
        "DocUpdate": 1783359710000,
        "DocId": 1.1061215596273316e+19,
        "t0": null,
        "t00": null,
        "Shape_Length": 47.7796162925117,
        "Shape_Area": 102.42435514914915
      }
    },
    {
      "type": "Feature",
      "id": 6,
      "geometry": {
        "type": "Polygon",
        "coordinates": [
          [
            [
              80.34839347470775,
              7.055079180519881
            ],
            [
              80.34838807879119,
              7.055087287593008
            ],
            [
              80.34838450479752,
              7.055088775091767
            ],
            [
              80.34837685115818,
              7.05508881506483
            ],
            [
              80.34837265029928,
              7.055087285961622
            ],
            [
              80.34836832268587,
              7.055081220427427
            ],
            [
              80.34837070159202,
              7.055077734947384
            ],
            [
              80.34838297035384,
              7.055075640879266
            ],
            [
              80.34839347470775,
              7.055079180519881
            ]
          ]
        ]
      },
      "properties": {
        "OBJECTID": 6,
        "Entity": "3DPolyline",
        "Handle": "82256",
        "Layer": "Contour_Line_Major",
        "LyrFrzn": 0,
        "LyrOn": 1,
        "Color": 35,
        "Linetype": "Continuous",
        "Elevation": 65,
        "LineWt": 25,
        "RefName": "",
        "DocUpdate": 1783359710000,
        "DocId": 1.1061215596273316e+19,
        "t0": null,
        "t00": null,
        "Shape_Length": 6.731943255535251,
        "Shape_Area": 2.8665848535013145
      }
    },
    {
      "type": "Feature",
      "id": 7,
      "geometry": {
        "type": "Polygon",
        "coordinates": [
          [
            [
              80.35179452898102,
              7.054857779917105
            ],
            [
              80.35180011277785,
              7.054861019582045
            ],
            [
              80.35182834979686,
              7.054864685071362
            ],
            [
              80.35184536845033,
              7.054876892819378
            ],
            [
              80.35184868088889,
              7.054877269182368
            ],
            [
              80.35185424100095,
              7.054875404506923
            ],
            [
              80.35186434515515,
              7.054867246937384
            ],
            [
              80.35187066676403,
              7.054866661430659
            ],
            [
              80.35187746093882,
              7.054868728684667
            ],
            [
              80.35188058137412,
              7.0548717469359
            ],
            [
              80.35188401790046,
              7.054879253038002
            ],
            [
              80.35188605515143,
              7.054898106433941
            ],
            [
              80.35189096354942,
              7.054908472013956
            ],
            [
              80.35190746593953,
              7.054929267630062
            ],
            [
              80.35191963208206,
              7.054940406713184
            ],
            [
              80.35192589460054,
              7.054948456746436
            ],
            [
              80.35194937639722,
              7.054959226200951
            ],
            [
              80.35195374808491,
              7.054974651924722
            ],
            [
              80.35195525470445,
              7.054975963786513
            ],
            [
              80.35197067243003,
              7.054976550520202
            ],
            [
              80.35198747135875,
              7.054973576195666
            ],
            [
              80.35199675876183,
              7.054974574126355
            ],
            [
              80.35200289693184,
              7.054977635459946
            ],
            [
              80.35200740776614,
              7.054984805659632
            ],
            [
              80.35200928358606,
              7.054992132305708
            ],
            [
              80.35200734862791,
              7.05500063860792
            ],
            [
              80.35200128798198,
              7.055013451116476
            ],
            [
              80.35198525824474,
              7.055024542022319
            ],
            [
              80.35197318033563,
              7.05503850127432
            ],
            [
              80.35195392053582,
              7.05504206465498
            ],
            [
              80.35194033705473,
              7.05504744679784
            ],
            [
              80.3518738464725,
              7.055054919159542
            ],
            [
              80.35180890850536,
              7.055059926992329
            ],
            [
              80.35179138992632,
              7.055056921316121
            ],
            [
              80.35178376781083,
              7.055051219382923
            ],
            [
              80.35178098183243,
              7.05504794651568
            ],
            [
              80.35178043114787,
              7.0550448241912385
            ],
            [
              80.35178374556524,
              7.0550405240971035
            ],
            [
              80.35178968531095,
              7.055037172889517
            ],
            [
              80.35184014083961,
              7.055032240836903
            ],
            [
              80.3518539543802,
              7.055028754023082
            ],
            [
              80.35185731228914,
              7.055023780108049
            ],
            [
              80.35185979271004,
              7.055016293977989
            ],
            [
              80.35186405427766,
              7.054995015214045
            ],
            [
              80.35186282027175,
              7.054992344210068
            ],
            [
              80.35182818299836,
              7.054974193614602
            ],
            [
              80.35181949623394,
              7.054972301021951
            ],
            [
              80.35181088066744,
              7.05497259931855
            ],
            [
              80.35178970921271,
              7.054986140708988
            ],
            [
              80.35176492903271,
              7.0550079183322945
            ],
            [
              80.35176020658949,
              7.055016184678868
            ],
            [
              80.35175727080872,
              7.055032080568503
            ],
            [
              80.35175451611435,
              7.055033656067127
            ],
            [
              80.35174038757428,
              7.055030569164454
            ],
            [
              80.35172365203441,
              7.055021168586264
            ],
            [
              80.35171074283222,
              7.055016326763242
            ],
            [
              80.35170804680449,
              7.055012178427922
            ],
            [
              80.35170863086827,
              7.05500432332815
            ],
            [
              80.35172233407827,
              7.054970150825032
            ],
            [
              80.35172927763799,
              7.054941634961336
            ],
            [
              80.3517369774993,
              7.0548582499800805
            ],
            [
              80.35174355563899,
              7.054845085424028
            ],
            [
              80.35174776704476,
              7.054832531763329
            ],
            [
              80.3517528532111,
              7.054829006604241
            ],
            [
              80.35176187860574,
              7.0548308969543605
            ],
            [
              80.35177351120151,
              7.054840909150534
            ],
            [
              80.35179291934605,
              7.054849161959987
            ],
            [
              80.35179452898102,
              7.054857779917105
            ]
          ]
        ]
      },
      "properties": {
        "OBJECTID": 7,
        "Entity": "3DPolyline",
        "Handle": "82261",
        "Layer": "Contour_Line_Major",
        "LyrFrzn": 0,
        "LyrOn": 1,
        "Color": 35,
        "Linetype": "Continuous",
        "Elevation": 65,
        "LineWt": 25,
        "RefName": "",
        "DocUpdate": 1783359710000,
        "DocId": 1.1061215596273316e+19,
        "t0": null,
        "t00": null,
        "Shape_Length": 123.33874349827121,
        "Shape_Area": 438.91029163613297
      }
    },
    {
      "type": "Feature",
      "id": 8,
      "geometry": {
        "type": "Polygon",
        "coordinates": [
          [
            [
              80.35071956867344,
              7.054955785567331
            ],
            [
              80.3507138582371,
              7.054960263228898
            ],
            [
              80.35070989014791,
              7.054960624048887
            ],
            [
              80.35070626921708,
              7.054960062723213
            ],
            [
              80.35070390692373,
              7.054953586567178
            ],
            [
              80.35070828645122,
              7.054949058210011
            ],
            [
              80.35071385280116,
              7.05495051773307
            ],
            [
              80.35071956867344,
              7.054955785567331
            ]
          ]
        ]
      },
      "properties": {
        "OBJECTID": 8,
        "Entity": "3DPolyline",
        "Handle": "822A7",
        "Layer": "Contour_Line_Major",
        "LyrFrzn": 0,
        "LyrOn": 1,
        "Color": 35,
        "Linetype": "Continuous",
        "Elevation": 65,
        "LineWt": 25,
        "RefName": "",
        "DocUpdate": 1783359710000,
        "DocId": 1.1061215596273316e+19,
        "t0": null,
        "t00": null,
        "Shape_Length": 4.599160878165395,
        "Shape_Area": 1.4433952938341832
      }
    },
    {
      "type": "Feature",
      "id": 9,
      "geometry": {
        "type": "Polygon",
        "coordinates": [
          [
            [
              80.35087009416713,
              7.054974085603532
            ],
            [
              80.35086842880847,
              7.054990534114466
            ],
            [
              80.35086889439371,
              7.055007944397708
            ],
            [
              80.35086739798618,
              7.055010353814745
            ],
            [
              80.3508659201515,
              7.055006579838289
            ],
            [
              80.35086754572703,
              7.054990091472427
            ],
            [
              80.35086628861227,
              7.054971514139761
            ],
            [
              80.35086793754108,
              7.0549701107806175
            ],
            [
              80.35087009416713,
              7.054974085603532
            ]
          ]
        ]
      },
      "properties": {
        "OBJECTID": 9,
        "Entity": "3DPolyline",
        "Handle": "822B1",
        "Layer": "Contour_Line_Major",
        "LyrFrzn": 0,
        "LyrOn": 1,
        "Color": 35,
        "Linetype": "Continuous",
        "Elevation": 65,
        "LineWt": 25,
        "RefName": "",
        "DocUpdate": 1783359710000,
        "DocId": 1.1061215596273316e+19,
        "t0": null,
        "t00": null,
        "Shape_Length": 9.143909444279183,
        "Shape_Area": 1.025302634850744
      }
    },
    {
      "type": "Feature",
      "id": 10,
      "geometry": {
        "type": "Polygon",
        "coordinates": [
          [
            [
              80.35170336244543,
              7.05502951553163
            ],
            [
              80.35170053868303,
              7.055031274555203
            ],
            [
              80.35169930280729,
              7.055026694069004
            ],
            [
              80.35170103329162,
              7.05502393944048
            ],
            [
              80.35170336244543,
              7.05502951553163
            ]
          ]
        ]
      },
      "properties": {
        "OBJECTID": 10,
        "Entity": "3DPolyline",
        "Handle": "822BC",
        "Layer": "Contour_Line_Major",
        "LyrFrzn": 0,
        "LyrOn": 1,
        "Color": 35,
        "Linetype": "Continuous",
        "Elevation": 65,
        "LineWt": 25,
        "RefName": "",
        "DocUpdate": 1783359710000,
        "DocId": 1.1061215596273316e+19,
        "t0": null,
        "t00": null,
        "Shape_Length": 1.9195157702776418,
        "Shape_Area": 0.19031567536565364
      }
    },
    {
      "type": "Feature",
      "id": 11,
      "geometry": {
        "type": "Polygon",
        "coordinates": [
          [
            [
              80.35216129996796,
              7.055012060359232
            ],
            [
              80.35215259036814,
              7.055014217356948
            ],
            [
              80.35213838645699,
              7.055013240648384
            ],
            [
              80.35213299992056,
              7.055010737554665
            ],
            [
              80.35213305979937,
              7.055008045733059
            ],
            [
              80.35213810579194,
              7.055004109853787
            ],
            [
              80.35214682257605,
              7.055003949181358
            ],
            [
              80.35215350363136,
              7.055005976475028
            ],
            [
              80.35216129996796,
              7.055012060359232
            ]
          ]
        ]
      },
      "properties": {
        "OBJECTID": 11,
        "Entity": "3DPolyline",
        "Handle": "822C3",
        "Layer": "Contour_Line_Major",
        "LyrFrzn": 0,
        "LyrOn": 1,
        "Color": 35,
        "Linetype": "Continuous",
        "Elevation": 65,
        "LineWt": 25,
        "RefName": "",
        "DocUpdate": 1783359710000,
        "DocId": 1.1061215596273316e+19,
        "t0": null,
        "t00": null,
        "Shape_Length": 7.051044479546948,
        "Shape_Area": 2.493265025009722
      }
    },
    {
      "type": "Feature",
      "id": 12,
      "geometry": {
        "type": "Polygon",
        "coordinates": [
          [
            [
              80.34738970314683,
              7.054399375877271
            ],
            [
              80.3473933972398,
              7.054398116497089
            ],
            [
              80.34740078139666,
              7.054398475063365
            ],
            [
              80.34741928899638,
              7.0544070415665265
            ],
            [
              80.34745785492015,
              7.054436656635701
            ],
            [
              80.34748595794967,
              7.054455773497332
            ],
            [
              80.34750130566508,
              7.054460423459285
            ],
            [
              80.34752475445586,
              7.054462327711112
            ],
            [
              80.34754619232355,
              7.0544687382694615
            ],
            [
              80.3475708892492,
              7.0544716103085525
            ],
            [
              80.34758825592021,
              7.0544705446051
            ],
            [
              80.34759593474665,
              7.0544680271521525
            ],
            [
              80.3476594795946,
              7.0544323143484
            ],
            [
              80.3476952233719,
              7.054408848124103
            ],
            [
              80.34770008012629,
              7.054408168364739
            ],
            [
              80.34770791676429,
              7.054417750218634
            ],
            [
              80.34771102084497,
              7.054425961419787
            ],
            [
              80.34771116455518,
              7.054435198753515
            ],
            [
              80.34770738247295,
              7.054464391928367
            ],
            [
              80.3477071906198,
              7.054480495134505
            ],
            [
              80.34770932797696,
              7.054482689813529
            ],
            [
              80.34771793638055,
              7.054486206015031
            ],
            [
              80.34775417213817,
              7.054498085261413
            ],
            [
              80.34777707600715,
              7.054508946370802
            ],
            [
              80.34780852676846,
              7.054531048340223
            ],
            [
              80.34781291385355,
              7.054536015853617
            ],
            [
              80.34781591948322,
              7.054545998000464
            ],
            [
              80.34781421397415,
              7.054580064104687
            ],
            [
              80.3478157493018,
              7.05459126080046
            ],
            [
              80.34782017462898,
              7.054599957773801
            ],
            [
              80.34782527070466,
              7.054602955290966
            ],
            [
              80.34782973795096,
              7.0546024016216045
            ],
            [
              80.34783359148311,
              7.054601082761217
            ],
            [
              80.34783735239573,
              7.0545973658435
            ],
            [
              80.34784030427761,
              7.054590112864777
            ],
            [
              80.34783682209505,
              7.054574520113204
            ],
            [
              80.34784040069762,
              7.054568443003468
            ],
            [
              80.34785318587765,
              7.0545667549021
            ],
            [
              80.34786837135644,
              7.054570881803581
            ],
            [
              80.34788283976651,
              7.054580164469406
            ],
            [
              80.34790373527382,
              7.054590472809874
            ],
            [
              80.34792180135074,
              7.054608526368075
            ],
            [
              80.3479284508126,
              7.054625347380902
            ],
            [
              80.34792988404396,
              7.054639626596534
            ],
            [
              80.34792859854285,
              7.054647892270897
            ],
            [
              80.34792470861127,
              7.0546525768639325
            ],
            [
              80.34791891658391,
              7.054654525289507
            ],
            [
              80.3478996145357,
              7.054650751741892
            ],
            [
              80.3478921360122,
              7.054652475295813
            ],
            [
              80.34787381256635,
              7.054664348892543
            ],
            [
              80.34786370275194,
              7.05467327521853
            ],
            [
              80.34784448575057,
              7.054703192177121
            ],
            [
              80.34783280088799,
              7.054735774470953
            ],
            [
              80.34782829736756,
              7.054751896077913
            ],
            [
              80.34782995742097,
              7.054766487675643
            ],
            [
              80.34782931992758,
              7.054774950539107
            ],
            [
              80.34782607421135,
              7.054779954427928
            ],
            [
              80.34782127571603,
              7.054783643664609
            ],
            [
              80.34781305875308,
              7.0547857343322695
            ],
            [
              80.34780289770073,
              7.054782746926673
            ],
            [
              80.34778360843657,
              7.054771776894505
            ],
            [
              80.34776589551298,
              7.054754991080768
            ],
            [
              80.34775859230415,
              7.0547498385861465
            ],
            [
              80.34771725161583,
              7.054734805322816
            ],
            [
              80.3476954735784,
              7.05472495615038
            ],
            [
              80.34766735201244,
              7.054715829885618
            ],
            [
              80.34764134836281,
              7.0547046767969155
            ],
            [
              80.34761184121018,
              7.054698988547794
            ],
            [
              80.34759583711813,
              7.054694290635739
            ],
            [
              80.34755611356739,
              7.054697342219041
            ],
            [
              80.34747235570097,
              7.054682770679663
            ],
            [
              80.34744889978035,
              7.054680777769624
            ],
            [
              80.34743774032214,
              7.054675007509816
            ],
            [
              80.34738355692065,
              7.054637455007227
            ],
            [
              80.34737539558218,
              7.054634093195705
            ],
            [
              80.34737144678637,
              7.054636196152639
            ],
            [
              80.34736475495372,
              7.054643827424328
            ],
            [
              80.34735911936167,
              7.054646566626772
            ],
            [
              80.34734281842692,
              7.054650179177848
            ],
            [
              80.34733354047032,
              7.054648918853513
            ],
            [
              80.34729252456722,
              7.054626334028858
            ],
            [
              80.34727269872809,
              7.054604143349868
            ],
            [
              80.34726341669987,
              7.05459932637897
            ],
            [
              80.34725480624823,
              7.054599859778633
            ],
            [
              80.34724267467459,
              7.054603565894556
            ],
            [
              80.34720081366005,
              7.054628422847592
            ],
            [
              80.347192408446,
              7.054638215373829
            ],
            [
              80.34718439322914,
              7.054662400533463
            ],
            [
              80.34717543923391,
              7.054672258323271
            ],
            [
              80.34717018494065,
              7.054675561582916
            ],
            [
              80.3471572840291,
              7.0546777768483615
            ],
            [
              80.34712165078676,
              7.054677891654304
            ],
            [
              80.34710630183196,
              7.054683819333505
            ],
            [
              80.34708576622701,
              7.0546874214316775
            ],
            [
              80.34707785393954,
              7.054691128015337
            ],
            [
              80.34706793597805,
              7.054699467546409
            ],
            [
              80.34704770209574,
              7.0547119625678025
            ],
            [
              80.34703793429652,
              7.05471523056927
            ],
            [
              80.34701961867444,
              7.054718274051198
            ],
            [
              80.34700125124057,
              7.054716938596442
            ],
            [
              80.34699219383756,
              7.05471206585305
            ],
            [
              80.34693133137243,
              7.054645270230402
            ],
            [
              80.34692139684202,
              7.054638941763649
            ],
            [
              80.34691231166526,
              7.054639029460777
            ],
            [
              80.34690693893415,
              7.054642854469512
            ],
            [
              80.346901452498,
              7.054650285708014
            ],
            [
              80.34685540680752,
              7.054749275337152
            ],
            [
              80.34685001882664,
              7.054752351367146
            ],
            [
              80.3468335287437,
              7.054753960085808
            ],
            [
              80.34681287799366,
              7.054758316394257
            ],
            [
              80.34674509959298,
              7.054757624583703
            ],
            [
              80.34673482231862,
              7.054755523439137
            ],
            [
              80.34671306923896,
              7.054747910272875
            ],
            [
              80.34670326034008,
              7.054746262955912
            ],
            [
              80.34664446946566,
              7.054755723563834
            ],
            [
              80.34663052508871,
              7.054755002131983
            ],
            [
              80.34660702476701,
              7.054751099640126
            ],
            [
              80.34657089175592,
              7.054751193804399
            ],
            [
              80.3465213477726,
              7.054744032902761
            ],
            [
              80.34649116682442,
              7.054747509313126
            ],
            [
              80.34646665269517,
              7.0547524544797815
            ],
            [
              80.3464528220079,
              7.054752660352083
            ],
            [
              80.34641878596531,
              7.054747590724895
            ],
            [
              80.3464044956545,
              7.0547430398975814
            ],
            [
              80.34639023684176,
              7.054732815858715
            ],
            [
              80.34637727766916,
              7.054715239753953
            ],
            [
              80.34637800680639,
              7.054711174881362
            ],
            [
              80.34638889374064,
              7.05469497810608
            ],
            [
              80.34641364542276,
              7.054668489921085
            ],
            [
              80.34643079792752,
              7.054645177781879
            ],
            [
              80.34644132853221,
              7.054624813304904
            ],
            [
              80.34644970837027,
              7.054600198112191
            ],
            [
              80.34645311547466,
              7.054596335985545
            ],
            [
              80.34645963497957,
              7.054593445164811
            ],
            [
              80.3464686037707,
              7.054593706464783
            ],
            [
              80.34651826882002,
              7.054602332889742
            ],
            [
              80.34653997698169,
              7.0546103322386395
            ],
            [
              80.34654459907756,
              7.054610409260642
            ],
            [
              80.34655180495515,
              7.054608121820668
            ],
            [
              80.34657626965983,
              7.054591280110214
            ],
            [
              80.34658456025255,
              7.054589628267923
            ],
            [
              80.34659394451471,
              7.054590621012682
            ],
            [
              80.3466129889729,
              7.054597285152638
            ],
            [
              80.34664870008518,
              7.054613307432515
            ],
            [
              80.3466562320959,
              7.054621225432733
            ],
            [
              80.34666719242722,
              7.054638564458833
            ],
            [
              80.34667620331497,
              7.054647550072413
            ],
            [
              80.3466995878861,
              7.054659743383893
            ],
            [
              80.3467079408848,
              7.054660724733795
            ],
            [
              80.34671373245935,
              7.054658456116995
            ],
            [
              80.34672201147067,
              7.054652148604564
            ],
            [
              80.34675866541535,
              7.054616298811586
            ],
            [
              80.34677869591579,
              7.054605501334337
            ],
            [
              80.34679521359135,
              7.054589370315098
            ],
            [
              80.34681193329503,
              7.054584136534365
            ],
            [
              80.34681943518999,
              7.054576720779679
            ],
            [
              80.34682462291569,
              7.05456535619768
            ],
            [
              80.34682689244954,
              7.0545527003776165
            ],
            [
              80.34682460489178,
              7.054542684858343
            ],
            [
              80.34682169015916,
              7.054536987625713
            ],
            [
              80.34681204584201,
              7.054525153646487
            ],
            [
              80.34680765706652,
              7.054516232391288
            ],
            [
              80.3468061272092,
              7.054506318335434
            ],
            [
              80.34680753449281,
              7.054502263455734
            ],
            [
              80.34681143159209,
              7.054498285326258
            ],
            [
              80.3468241478419,
              7.054507663261889
            ],
            [
              80.34684852804297,
              7.054521389339412
            ],
            [
              80.34685848848781,
              7.0545234375748045
            ],
            [
              80.34688058916608,
              7.054521415187561
            ],
            [
              80.34688807944211,
              7.054519058490543
            ],
            [
              80.34689789683587,
              7.054511410793281
            ],
            [
              80.34691060369232,
              7.054497126026539
            ],
            [
              80.34692069142402,
              7.054492982883037
            ],
            [
              80.34695327618675,
              7.0544947298876775
            ],
            [
              80.34699845631204,
              7.054485511615445
            ],
            [
              80.34702032254481,
              7.0544886149046295
            ],
            [
              80.34704404988075,
              7.054495273816488
            ],
            [
              80.3470527044617,
              7.054494907821607
            ],
            [
              80.34709267929058,
              7.054484395105461
            ],
            [
              80.34711752464345,
              7.054469211912742
            ],
            [
              80.34713314578018,
              7.054462237159142
            ],
            [
              80.34716183458197,
              7.05445939541311
            ],
            [
              80.34719351502832,
              7.05445388584515
            ],
            [
              80.34721177711945,
              7.054445095756776
            ],
            [
              80.34721786105625,
              7.054443534889902
            ],
            [
              80.34725262371948,
              7.054441799736766
            ],
            [
              80.34726889068664,
              7.054438515487673
            ],
            [
              80.34732336524849,
              7.0544207197863065
            ],
            [
              80.34735629628837,
              7.054414418675837
            ],
            [
              80.34737093128908,
              7.054406237692194
            ],
            [
              80.34738604555669,
              7.054401724371051
            ],
            [
              80.34738970314683,
              7.054399375877271
            ]
          ]
        ]
      },
      "properties": {
        "OBJECTID": 12,
        "Entity": "3DPolyline",
        "Handle": "822CE",
        "Layer": "Contour_Line_Major",
        "LyrFrzn": 0,
        "LyrOn": 1,
        "Color": 35,
        "Linetype": "Continuous",
        "Elevation": 65,
        "LineWt": 25,
        "RefName": "",
        "DocUpdate": 1783359710000,
        "DocId": 1.1061215596273316e+19,
        "t0": null,
        "t00": null,
        "Shape_Length": 434.5806686956785,
        "Shape_Area": 3540.389308948633
      }
    },
    {
      "type": "Feature",
      "id": 13,
      "geometry": {
        "type": "Polygon",
        "coordinates": [
          [
            [
              80.35125095629664,
              7.0547665712462635
            ],
            [
              80.35124839556029,
              7.054830445237485
            ],
            [
              80.35124710491345,
              7.054804074360848
            ],
            [
              80.35124694141669,
              7.0547224956860894
            ],
            [
              80.35124780266621,
              7.054704799602175
            ],
            [
              80.35124935991665,
              7.054700308022323
            ],
            [
              80.35125186504882,
              7.054706946286943
            ],
            [
              80.3512533742222,
              7.054721381187528
            ],
            [
              80.35125095629664,
              7.0547665712462635
            ]
          ]
        ]
      },
      "properties": {
        "OBJECTID": 13,
        "Entity": "3DPolyline",
        "Handle": "82390",
        "Layer": "Contour_Line_Major",
        "LyrFrzn": 0,
        "LyrOn": 1,
        "Color": 35,
        "Linetype": "Continuous",
        "Elevation": 65,
        "LineWt": 25,
        "RefName": "",
        "DocUpdate": 1783359710000,
        "DocId": 1.1061215596273316e+19,
        "t0": null,
        "t00": null,
        "Shape_Length": 28.880983141952267,
        "Shape_Area": 5.788575329408001
      }
    },
    {
      "type": "Feature",
      "id": 14,
      "geometry": {
        "type": "Polygon",
        "coordinates": [
          [
            [
              80.35133641952201,
              7.054676236202342
            ],
            [
              80.35133819213972,
              7.054668580848275
            ],
            [
              80.35134153056441,
              7.054666548466799
            ],
            [
              80.35136375817885,
              7.054667006285012
            ],
            [
              80.35136804585902,
              7.054668613272705
            ],
            [
              80.35137560376788,
              7.0546983206497105
            ],
            [
              80.35137856965729,
              7.0547252031084895
            ],
            [
              80.35138561902586,
              7.054756640159719
            ],
            [
              80.35138834428417,
              7.054789875757303
            ],
            [
              80.35138518463307,
              7.054791617126222
            ],
            [
              80.35137598566565,
              7.054790836395707
            ],
            [
              80.3513481326737,
              7.054779282035099
            ],
            [
              80.35133858271301,
              7.054772422322753
            ],
            [
              80.35133032873279,
              7.05476273592107
            ],
            [
              80.35132445220292,
              7.054743438490439
            ],
            [
              80.35132321289106,
              7.054729620859509
            ],
            [
              80.35133068070994,
              7.0546919997502435
            ],
            [
              80.35133641952201,
              7.054676236202342
            ]
          ]
        ]
      },
      "properties": {
        "OBJECTID": 14,
        "Entity": "3DPolyline",
        "Handle": "8239B",
        "Layer": "Contour_Line_Major",
        "LyrFrzn": 0,
        "LyrOn": 1,
        "Color": 35,
        "Linetype": "Continuous",
        "Elevation": 65,
        "LineWt": 25,
        "RefName": "",
        "DocUpdate": 1783359710000,
        "DocId": 1.1061215596273316e+19,
        "t0": null,
        "t00": null,
        "Shape_Length": 35.201301332321215,
        "Shape_Area": 70.58108182774907
      }
    },
    {
      "type": "Feature",
      "id": 15,
      "geometry": {
        "type": "Polygon",
        "coordinates": [
          [
            [
              80.3472530675083,
              7.05466150064166
            ],
            [
              80.34724633093018,
              7.054665522746192
            ],
            [
              80.34723317333531,
              7.054666118533703
            ],
            [
              80.3472138363991,
              7.054663340804672
            ],
            [
              80.34720803563661,
              7.054660534962395
            ],
            [
              80.34720823534475,
              7.054658228672206
            ],
            [
              80.34721391049686,
              7.054655042685696
            ],
            [
              80.34724321549855,
              7.054650552826138
            ],
            [
              80.34724872610279,
              7.054652366889804
            ],
            [
              80.3472530675083,
              7.05466150064166
            ]
          ]
        ]
      },
      "properties": {
        "OBJECTID": 15,
        "Entity": "3DPolyline",
        "Handle": "823AF",
        "Layer": "Contour_Line_Major",
        "LyrFrzn": 0,
        "LyrOn": 1,
        "Color": 35,
        "Linetype": "Continuous",
        "Elevation": 65,
        "LineWt": 25,
        "RefName": "",
        "DocUpdate": 1783359710000,
        "DocId": 1.1061215596273316e+19,
        "t0": null,
        "t00": null,
        "Shape_Length": 11.198888668958993,
        "Shape_Area": 6.026836823381373
      }
    },
    {
      "type": "Feature",
      "id": 16,
      "geometry": {
        "type": "Polygon",
        "coordinates": [
          [
            [
              80.35125668595589,
              7.054585671662291
            ],
            [
              80.35126694155781,
              7.054576692091565
            ],
            [
              80.3512722196269,
              7.054573851939415
            ],
            [
              80.35128019156201,
              7.054571504884534
            ],
            [
              80.35128939673814,
              7.054572375174399
            ],
            [
              80.35129803379546,
              7.054578097519789
            ],
            [
              80.35131525915543,
              7.054595297716001
            ],
            [
              80.35131795121708,
              7.054604242811241
            ],
            [
              80.35131653227218,
              7.0546121492135025
            ],
            [
              80.35130706921018,
              7.054621570396193
            ],
            [
              80.3513017218801,
              7.054624732467909
            ],
            [
              80.3512719490282,
              7.054627099890426
            ],
            [
              80.35125603568733,
              7.054631975854066
            ],
            [
              80.3512483439416,
              7.054631424254286
            ],
            [
              80.35123106555898,
              7.054619793220797
            ],
            [
              80.3512202885264,
              7.0546208980652745
            ],
            [
              80.35121489090376,
              7.0546237642822485
            ],
            [
              80.3512109991014,
              7.054628514029774
            ],
            [
              80.35121369473026,
              7.054642700021913
            ],
            [
              80.35121290390218,
              7.054649483860542
            ],
            [
              80.35121085223224,
              7.054651414007052
            ],
            [
              80.35119317083998,
              7.054658061310329
            ],
            [
              80.35118104944554,
              7.054648617376193
            ],
            [
              80.35116625010932,
              7.054630494299664
            ],
            [
              80.3511583279081,
              7.054612726312038
            ],
            [
              80.35115680507081,
              7.054596401813112
            ],
            [
              80.35115770678694,
              7.054593864933243
            ],
            [
              80.35116401063115,
              7.054593029758737
            ],
            [
              80.35117477645916,
              7.054596070396273
            ],
            [
              80.3511799877453,
              7.05459372403004
            ],
            [
              80.35118640344787,
              7.054583431164318
            ],
            [
              80.35119225326369,
              7.0545601266417455
            ],
            [
              80.35119387923582,
              7.054558301734708
            ],
            [
              80.35119960769731,
              7.054560381085286
            ],
            [
              80.35120829565408,
              7.054575717834331
            ],
            [
              80.35121277993878,
              7.054579834284142
            ],
            [
              80.35121812033061,
              7.05458230656924
            ],
            [
              80.3512305447602,
              7.0545828475585814
            ],
            [
              80.35123935102432,
              7.054587346300544
            ],
            [
              80.35124786739071,
              7.054588708607332
            ],
            [
              80.35125668595589,
              7.054585671662291
            ]
          ]
        ]
      },
      "properties": {
        "OBJECTID": 16,
        "Entity": "3DPolyline",
        "Handle": "823BB",
        "Layer": "Contour_Line_Major",
        "LyrFrzn": 0,
        "LyrOn": 1,
        "Color": 35,
        "Linetype": "Continuous",
        "Elevation": 65,
        "LineWt": 25,
        "RefName": "",
        "DocUpdate": 1783359710000,
        "DocId": 1.1061215596273316e+19,
        "t0": null,
        "t00": null,
        "Shape_Length": 51.38635754404263,
        "Shape_Area": 98.15904752956425
      }
    },
    {
      "type": "Feature",
      "id": 17,
      "geometry": {
        "type": "Polygon",
        "coordinates": [
          [
            [
              80.34675376810837,
              7.054488940396012
            ],
            [
              80.34676067474031,
              7.054490851394414
            ],
            [
              80.34676618940506,
              7.0544942873038545
            ],
            [
              80.34676973151447,
              7.054498105786624
            ],
            [
              80.34677070640592,
              7.0545021621894985
            ],
            [
              80.34676625900458,
              7.054515042905892
            ],
            [
              80.34675965779363,
              7.054523258625841
            ],
            [
              80.34674597877456,
              7.054532182646631
            ],
            [
              80.34672202785087,
              7.0545396993098635
            ],
            [
              80.34671327383631,
              7.054540594313521
            ],
            [
              80.34670543116425,
              7.05453726911815
            ],
            [
              80.34670364526514,
              7.054534323256449
            ],
            [
              80.34670341610035,
              7.0545279296688115
            ],
            [
              80.34670727861416,
              7.054506640464143
            ],
            [
              80.34671186967199,
              7.054497208948753
            ],
            [
              80.34672138096755,
              7.054492192125137
            ],
            [
              80.34672922320668,
              7.0544900123077925
            ],
            [
              80.34673943476774,
              7.05448860647033
            ],
            [
              80.34675376810837,
              7.054488940396012
            ]
          ]
        ]
      },
      "properties": {
        "OBJECTID": 17,
        "Entity": "3DPolyline",
        "Handle": "823E6",
        "Layer": "Contour_Line_Major",
        "LyrFrzn": 0,
        "LyrOn": 1,
        "Color": 35,
        "Linetype": "Continuous",
        "Elevation": 65,
        "LineWt": 25,
        "RefName": "",
        "DocUpdate": 1783359710000,
        "DocId": 1.1061215596273316e+19,
        "t0": null,
        "t00": null,
        "Shape_Length": 21.155426144861543,
        "Shape_Area": 31.395898761429873
      }
    },
    {
      "type": "Feature",
      "id": 18,
      "geometry": {
        "type": "Polygon",
        "coordinates": [
          [
            [
              80.35114186339145,
              7.054576466749188
            ],
            [
              80.3511402471144,
              7.05457718089717
            ],
            [
              80.35113980503878,
              7.0545760432790034
            ],
            [
              80.35114186339145,
              7.054576466749188
            ]
          ]
        ]
      },
      "properties": {
        "OBJECTID": 18,
        "Entity": "3DPolyline",
        "Handle": "823FB",
        "Layer": "Contour_Line_Major",
        "LyrFrzn": 0,
        "LyrOn": 1,
        "Color": 35,
        "Linetype": "Continuous",
        "Elevation": 65,
        "LineWt": 25,
        "RefName": "",
        "DocUpdate": 1783359710000,
        "DocId": 1.1061215596273316e+19,
        "t0": null,
        "t00": null,
        "Shape_Length": 0.5622086616305757,
        "Shape_Area": 0.01315283990457639
      }
    },
    {
      "type": "Feature",
      "id": 19,
      "geometry": {
        "type": "Polygon",
        "coordinates": [
          [
            [
              80.3445104081481,
              7.054350116253392
            ],
            [
              80.34450339003394,
              7.054354090885565
            ],
            [
              80.34449429286583,
              7.054354342240358
            ],
            [
              80.34448651118822,
              7.05435144132267
            ],
            [
              80.34448479058325,
              7.054347789102412
            ],
            [
              80.34448778998316,
              7.054342835547988
            ],
            [
              80.34449241978265,
              7.054339363199435
            ],
            [
              80.34449529364211,
              7.054339336479306
            ],
            [
              80.34450385611595,
              7.054343941735191
            ],
            [
              80.3445104081481,
              7.054350116253392
            ]
          ]
        ]
      },
      "properties": {
        "OBJECTID": 19,
        "Entity": "3DPolyline",
        "Handle": "82401",
        "Layer": "Contour_Line_Major",
        "LyrFrzn": 0,
        "LyrOn": 1,
        "Color": 35,
        "Linetype": "Continuous",
        "Elevation": 65,
        "LineWt": 25,
        "RefName": "",
        "DocUpdate": 1783359710000,
        "DocId": 1.1061215596273316e+19,
        "t0": null,
        "t00": null,
        "Shape_Length": 6.92539773457688,
        "Shape_Area": 3.075671164399055
      }
    },
    {
      "type": "Feature",
      "id": 20,
      "geometry": {
        "type": "Polygon",
        "coordinates": [
          [
            [
              80.34323451364217,
              7.054221688459827
            ],
            [
              80.34323373654601,
              7.054213506740342
            ],
            [
              80.34323533652768,
              7.054205729073579
            ],
            [
              80.34323815481063,
              7.054202091373923
            ],
            [
              80.34324541394963,
              7.054199277620605
            ],
            [
              80.34325496612661,
              7.054200606250269
            ],
            [
              80.34327149529011,
              7.0542117308702785
            ],
            [
              80.34327711134571,
              7.054222866374246
            ],
            [
              80.3432783000115,
              7.054231331792384
            ],
            [
              80.3432769732101,
              7.054253429558274
            ],
            [
              80.34327396048086,
              7.054259481192192
            ],
            [
              80.34326723030975,
              7.054260225206112
            ],
            [
              80.34326201790903,
              7.054256917222598
            ],
            [
              80.34325290705296,
              7.054245680922666
            ],
            [
              80.34324420669896,
              7.054238698329728
            ],
            [
              80.34323882226684,
              7.054231535874736
            ],
            [
              80.34323451364217,
              7.054221688459827
            ]
          ]
        ]
      },
      "properties": {
        "OBJECTID": 20,
        "Entity": "3DPolyline",
        "Handle": "8240D",
        "Layer": "Contour_Line_Major",
        "LyrFrzn": 0,
        "LyrOn": 1,
        "Color": 35,
        "Linetype": "Continuous",
        "Elevation": 65,
        "LineWt": 25,
        "RefName": "",
        "DocUpdate": 1783359710000,
        "DocId": 1.1061215596273316e+19,
        "t0": null,
        "t00": null,
        "Shape_Length": 18.378966518164315,
        "Shape_Area": 22.273256139651732
      }
    },
    {
      "type": "Feature",
      "id": 21,
      "geometry": {
        "type": "Polygon",
        "coordinates": [
          [
            [
              80.35453310187073,
              7.060144076546628
            ],
            [
              80.35453166435045,
              7.060130130198948
            ],
            [
              80.35453320661563,
              7.0601175004580865
            ],
            [
              80.3545363660275,
              7.060111379296681
            ],
            [
              80.35454308329831,
              7.06010563029935
            ],
            [
              80.35457254086069,
              7.060092555245081
            ],
            [
              80.35459520506213,
              7.060089825944434
            ],
            [
              80.35462562852094,
              7.060082125178921
            ],
            [
              80.35464362941198,
              7.060070465252909
            ],
            [
              80.35465134473522,
              7.060069755006951
            ],
            [
              80.35465794353402,
              7.060073050320463
            ],
            [
              80.35465986170125,
              7.060081220952522
            ],
            [
              80.3546587774391,
              7.060085467163875
            ],
            [
              80.35465487842767,
              7.060090178937525
            ],
            [
              80.35464285839312,
              7.060096299603875
            ],
            [
              80.3546291338351,
              7.060109305065415
            ],
            [
              80.35458573694099,
              7.060134864272362
            ],
            [
              80.35455353392084,
              7.060164389077253
            ],
            [
              80.35454577605095,
              7.060166398179272
            ],
            [
              80.35453772198763,
              7.060164570725407
            ],
            [
              80.35453433048852,
              7.060158492965114
            ],
            [
              80.35453310187073,
              7.060144076546628
            ]
          ]
        ]
      },
      "properties": {
        "OBJECTID": 21,
        "Entity": "3DPolyline",
        "Handle": "82420",
        "Layer": "Contour_Line_Major",
        "LyrFrzn": 0,
        "LyrOn": 1,
        "Color": 35,
        "Linetype": "Continuous",
        "Elevation": 70,
        "LineWt": 25,
        "RefName": "",
        "DocUpdate": 1783359710000,
        "DocId": 1.1061215596273316e+19,
        "t0": null,
        "t00": null,
        "Shape_Length": 38.50714696194421,
        "Shape_Area": 63.63124337471042
      }
    },
    {
      "type": "Feature",
      "id": 22,
      "geometry": {
        "type": "Polygon",
        "coordinates": [
          [
            [
              80.35447618240914,
              7.0600806801389195
            ],
            [
              80.35447243201286,
              7.060083995509697
            ],
            [
              80.3544645205274,
              7.0600812103461354
            ],
            [
              80.35447114045738,
              7.060079711639628
            ],
            [
              80.35447618240914,
              7.0600806801389195
            ]
          ]
        ]
      },
      "properties": {
        "OBJECTID": 22,
        "Entity": "3DPolyline",
        "Handle": "82438",
        "Layer": "Contour_Line_Major",
        "LyrFrzn": 0,
        "LyrOn": 1,
        "Color": 35,
        "Linetype": "Continuous",
        "Elevation": 70,
        "LineWt": 25,
        "RefName": "",
        "DocUpdate": 1783359710000,
        "DocId": 1.1061215596273316e+19,
        "t0": null,
        "t00": null,
        "Shape_Length": 2.7962528060325886,
        "Shape_Area": 0.3091735904807894
      }
    },
    {
      "type": "Feature",
      "id": 23,
      "geometry": {
        "type": "Polygon",
        "coordinates": [
          [
            [
              80.35454000834287,
              7.060071723053688
            ],
            [
              80.35453355086014,
              7.060080791160623
            ],
            [
              80.35451097453182,
              7.0600887135329815
            ],
            [
              80.35450108965343,
              7.060086246751092
            ],
            [
              80.3544963215212,
              7.0600810870013975
            ],
            [
              80.35449459233686,
              7.060075714366659
            ],
            [
              80.35449711161817,
              7.060067623140575
            ],
            [
              80.35449941283085,
              7.060064654916472
            ],
            [
              80.3545038045261,
              7.060062466582529
            ],
            [
              80.35451044416133,
              7.060062428731686
            ],
            [
              80.35453692358776,
              7.060068402749879
            ],
            [
              80.35454000834287,
              7.060071723053688
            ]
          ]
        ]
      },
      "properties": {
        "OBJECTID": 23,
        "Entity": "3DPolyline",
        "Handle": "8243F",
        "Layer": "Contour_Line_Major",
        "LyrFrzn": 0,
        "LyrOn": 1,
        "Color": 35,
        "Linetype": "Continuous",
        "Elevation": 70,
        "LineWt": 25,
        "RefName": "",
        "DocUpdate": 1783359710000,
        "DocId": 1.1061215596273316e+19,
        "t0": null,
        "t00": null,
        "Shape_Length": 12.524750273384148,
        "Shape_Area": 10.137202752266056
      }
    },
    {
      "type": "Feature",
      "id": 24,
      "geometry": {
        "type": "Polygon",
        "coordinates": [
          [
            [
              80.35459300134625,
              7.060044660213609
            ],
            [
              80.35458402767624,
              7.060055669597899
            ],
            [
              80.35457590190917,
              7.060061808312653
            ],
            [
              80.35456622173646,
              7.060063206002055
            ],
            [
              80.35455525941141,
              7.0600626806787545
            ],
            [
              80.35455296673766,
              7.060061448240079
            ],
            [
              80.35455131789163,
              7.06005494594855
            ],
            [
              80.3545526985716,
              7.060051762075268
            ],
            [
              80.35457144545155,
              7.060034289717665
            ],
            [
              80.35457921907569,
              7.060033324473752
            ],
            [
              80.3545891409436,
              7.060035887186134
            ],
            [
              80.35459300134625,
              7.060044660213609
            ]
          ]
        ]
      },
      "properties": {
        "OBJECTID": 24,
        "Entity": "3DPolyline",
        "Handle": "8244D",
        "Layer": "Contour_Line_Major",
        "LyrFrzn": 0,
        "LyrOn": 1,
        "Color": 35,
        "Linetype": "Continuous",
        "Elevation": 70,
        "LineWt": 25,
        "RefName": "",
        "DocUpdate": 1783359710000,
        "DocId": 1.1061215596273316e+19,
        "t0": null,
        "t00": null,
        "Shape_Length": 12.287884040885551,
        "Shape_Area": 9.998780858080844
      }
    },
    {
      "type": "Feature",
      "id": 25,
      "geometry": {
        "type": "Polygon",
        "coordinates": [
          [
            [
              80.35460576710322,
              7.060044677870939
            ],
            [
              80.3546016892105,
              7.060034731356812
            ],
            [
              80.3546073624683,
              7.060010065213548
            ],
            [
              80.35461114957197,
              7.060006395313385
            ],
            [
              80.3546190909165,
              7.060006581777743
            ],
            [
              80.35464567012791,
              7.060012420246912
            ],
            [
              80.35465384060784,
              7.060015830801438
            ],
            [
              80.35465600934664,
              7.0600182905264335
            ],
            [
              80.35465845351527,
              7.060031076839397
            ],
            [
              80.35464674588549,
              7.060041098306388
            ],
            [
              80.3546403712292,
              7.060048550120014
            ],
            [
              80.35463325414055,
              7.060051408566696
            ],
            [
              80.35462421477119,
              7.060051678280065
            ],
            [
              80.3546139528962,
              7.060049452490812
            ],
            [
              80.35460576710322,
              7.060044677870939
            ]
          ]
        ]
      },
      "properties": {
        "OBJECTID": 25,
        "Entity": "3DPolyline",
        "Handle": "8245B",
        "Layer": "Contour_Line_Major",
        "LyrFrzn": 0,
        "LyrOn": 1,
        "Color": 35,
        "Linetype": "Continuous",
        "Elevation": 70,
        "LineWt": 25,
        "RefName": "",
        "DocUpdate": 1783359710000,
        "DocId": 1.1061215596273316e+19,
        "t0": null,
        "t00": null,
        "Shape_Length": 18.07048757177682,
        "Shape_Area": 23.454124662738256
      }
    },
    {
      "type": "Feature",
      "id": 26,
      "geometry": {
        "type": "Polygon",
        "coordinates": [
          [
            [
              80.35304368847399,
              7.05857716331534
            ],
            [
              80.35303634718927,
              7.058583038966576
            ],
            [
              80.35302739301312,
              7.058582619511733
            ],
            [
              80.35301758695869,
              7.058579494307506
            ],
            [
              80.35301293766464,
              7.058576150117442
            ],
            [
              80.35300613959305,
              7.05856706817834
            ],
            [
              80.35300340999451,
              7.058559037525122
            ],
            [
              80.35300526925546,
              7.058556141058743
            ],
            [
              80.35301720765393,
              7.058550108964097
            ],
            [
              80.35302998114247,
              7.058553002197522
            ],
            [
              80.35303462675105,
              7.058555740341904
            ],
            [
              80.35304048077133,
              7.0585639417611565
            ],
            [
              80.35304280652527,
              7.058568728181524
            ],
            [
              80.35304368847399,
              7.05857716331534
            ]
          ]
        ]
      },
      "properties": {
        "OBJECTID": 26,
        "Entity": "3DPolyline",
        "Handle": "8246C",
        "Layer": "Contour_Line_Major",
        "LyrFrzn": 0,
        "LyrOn": 1,
        "Color": 35,
        "Linetype": "Continuous",
        "Elevation": 70,
        "LineWt": 25,
        "RefName": "",
        "DocUpdate": 1783359710000,
        "DocId": 1.1061215596273316e+19,
        "t0": null,
        "t00": null,
        "Shape_Length": 12.5294865341448,
        "Shape_Area": 11.281273831547923
      }
    },
    {
      "type": "Feature",
      "id": 27,
      "geometry": {
        "type": "Polygon",
        "coordinates": [
          [
            [
              80.35308199048023,
              7.058531989514613
            ],
            [
              80.3530843821443,
              7.058522568449481
            ],
            [
              80.35310192513948,
              7.0585074435653805
            ],
            [
              80.35310874198795,
              7.058495835129355
            ],
            [
              80.35311403740496,
              7.058494221537267
            ],
            [
              80.35311747694152,
              7.0584950268207045
            ],
            [
              80.35312583543518,
              7.058500593173235
            ],
            [
              80.35312940414465,
              7.0585048774884225
            ],
            [
              80.35313078593761,
              7.0585093704343205
            ],
            [
              80.35312742914878,
              7.058548732175674
            ],
            [
              80.35312827390297,
              7.058552656327406
            ],
            [
              80.35313057489829,
              7.058557667943039
            ],
            [
              80.35313499334767,
              7.05856098286682
            ],
            [
              80.35315082984724,
              7.058567844932089
            ],
            [
              80.35315863159713,
              7.058577252989533
            ],
            [
              80.3531605899429,
              7.058583201231423
            ],
            [
              80.3531606282197,
              7.058596062004386
            ],
            [
              80.35315482749212,
              7.058614682018197
            ],
            [
              80.35314869051957,
              7.058617238781804
            ],
            [
              80.35314463795925,
              7.058616464307675
            ],
            [
              80.35314089162023,
              7.058612949508094
            ],
            [
              80.35313890731038,
              7.058608093911932
            ],
            [
              80.35313715329995,
              7.058594533362233
            ],
            [
              80.35313475636454,
              7.058590147553883
            ],
            [
              80.35313133540917,
              7.058587045674514
            ],
            [
              80.35311786429189,
              7.058580558652239
            ],
            [
              80.35311364306283,
              7.05857671032431
            ],
            [
              80.353099670044,
              7.058554134494869
            ],
            [
              80.35308458984672,
              7.058540564518765
            ],
            [
              80.35308199048023,
              7.058531989514613
            ]
          ]
        ]
      },
      "properties": {
        "OBJECTID": 27,
        "Entity": "3DPolyline",
        "Handle": "8247C",
        "Layer": "Contour_Line_Major",
        "LyrFrzn": 0,
        "LyrOn": 1,
        "Color": 35,
        "Linetype": "Continuous",
        "Elevation": 70,
        "LineWt": 25,
        "RefName": "",
        "DocUpdate": 1783359710000,
        "DocId": 1.1061215596273316e+19,
        "t0": null,
        "t00": null,
        "Shape_Length": 35.28772564013871,
        "Shape_Area": 48.275608982847324
      }
    },
    {
      "type": "Feature",
      "id": 28,
      "geometry": {
        "type": "Polygon",
        "coordinates": [
          [
            [
              80.3491505658222,
              7.056835038812067
            ],
            [
              80.3491487616154,
              7.0568386996725145
            ],
            [
              80.34914746315005,
              7.056851716867076
            ],
            [
              80.34914409562788,
              7.056857060700778
            ],
            [
              80.34912621114363,
              7.056865123232611
            ],
            [
              80.34911731343593,
              7.05687551481411
            ],
            [
              80.34911018817185,
              7.056881001752128
            ],
            [
              80.3491082946323,
              7.05688120353733
            ],
            [
              80.34910612084491,
              7.0568791490158205
            ],
            [
              80.3491015237531,
              7.05686504539266
            ],
            [
              80.34910070857863,
              7.056842567409606
            ],
            [
              80.34910229535988,
              7.056829272924372
            ],
            [
              80.34910852092757,
              7.056816439889336
            ],
            [
              80.34911476079144,
              7.056814760723147
            ],
            [
              80.34912389369616,
              7.056816188153429
            ],
            [
              80.3491505658222,
              7.056835038812067
            ]
          ]
        ]
      },
      "properties": {
        "OBJECTID": 28,
        "Entity": "3DPolyline",
        "Handle": "8249C",
        "Layer": "Contour_Line_Major",
        "LyrFrzn": 0,
        "LyrOn": 1,
        "Color": 35,
        "Linetype": "Continuous",
        "Elevation": 70,
        "LineWt": 25,
        "RefName": "",
        "DocUpdate": 1783359710000,
        "DocId": 1.1061215596273316e+19,
        "t0": null,
        "t00": null,
        "Shape_Length": 20.335023115286038,
        "Shape_Area": 26.450615343222452
      }
    },
    {
      "type": "Feature",
      "id": 29,
      "geometry": {
        "type": "Polygon",
        "coordinates": [
          [
            [
              80.35334099060526,
              7.056271003500739
            ],
            [
              80.35335724988876,
              7.056245232215619
            ],
            [
              80.35336552575541,
              7.056226149785271
            ],
            [
              80.3533723633747,
              7.0562184625418265
            ],
            [
              80.3533799346485,
              7.056214505724725
            ],
            [
              80.35339243075707,
              7.056212365709168
            ],
            [
              80.35340157141819,
              7.056212125098507
            ],
            [
              80.35341076646691,
              7.056214449832874
            ],
            [
              80.3534146941714,
              7.056217752313852
            ],
            [
              80.35341726333338,
              7.056226559740817
            ],
            [
              80.35341340119376,
              7.056247781185971
            ],
            [
              80.35340118752417,
              7.056264966774332
            ],
            [
              80.3533990012151,
              7.056290190407484
            ],
            [
              80.35340040009636,
              7.056299331797258
            ],
            [
              80.35340283474468,
              7.0563032870959725
            ],
            [
              80.35340982965504,
              7.05630296029591
            ],
            [
              80.35341246311125,
              7.056300670034795
            ],
            [
              80.35342046893624,
              7.056285010001328
            ],
            [
              80.35342906935696,
              7.056285857705832
            ],
            [
              80.35346138293869,
              7.056297858641774
            ],
            [
              80.35347728298812,
              7.056307159412744
            ],
            [
              80.35350101735585,
              7.056317386424871
            ],
            [
              80.3535134000838,
              7.056326486943643
            ],
            [
              80.35351745489132,
              7.056330848813949
            ],
            [
              80.35352065100481,
              7.056338069644461
            ],
            [
              80.35352150118443,
              7.056359618727267
            ],
            [
              80.35352036026508,
              7.056368809063011
            ],
            [
              80.35350844433242,
              7.056390670623648
            ],
            [
              80.35350252600394,
              7.0564085976082165
            ],
            [
              80.35348797511257,
              7.056412949994369
            ],
            [
              80.35347857515566,
              7.056420611981913
            ],
            [
              80.35346262596441,
              7.056444764577491
            ],
            [
              80.35345639591345,
              7.056451780591699
            ],
            [
              80.35345024585351,
              7.056455960989844
            ],
            [
              80.35344278931956,
              7.056465967517037
            ],
            [
              80.35343772431675,
              7.056479682344104
            ],
            [
              80.35343035437634,
              7.056486662406694
            ],
            [
              80.35342171307362,
              7.05649961246837
            ],
            [
              80.35341280663236,
              7.056505275204269
            ],
            [
              80.35339839604988,
              7.056521392203148
            ],
            [
              80.35338395873286,
              7.056545028589021
            ],
            [
              80.35338165106003,
              7.056546789241774
            ],
            [
              80.35337458813744,
              7.056545231794181
            ],
            [
              80.35337027974779,
              7.05654091389375
            ],
            [
              80.3533675250505,
              7.056532702300111
            ],
            [
              80.35336503551747,
              7.056516101483644
            ],
            [
              80.35334752445023,
              7.056509590785808
            ],
            [
              80.3533440128385,
              7.056505927065295
            ],
            [
              80.35334193057848,
              7.056497278606607
            ],
            [
              80.35335224647942,
              7.0564794355064615
            ],
            [
              80.35335040637933,
              7.05646983942738
            ],
            [
              80.35334581647808,
              7.056461552024016
            ],
            [
              80.35335064875163,
              7.056442643923033
            ],
            [
              80.35334895454288,
              7.056427744739634
            ],
            [
              80.35334973892864,
              7.056424279636452
            ],
            [
              80.35336534051606,
              7.0564079001634745
            ],
            [
              80.353364528433,
              7.05639087382397
            ],
            [
              80.35336555440136,
              7.056384919766702
            ],
            [
              80.35336985757013,
              7.056375383755464
            ],
            [
              80.35337811017229,
              7.056347622250562
            ],
            [
              80.35339136492584,
              7.056327946102807
            ],
            [
              80.35339398885228,
              7.056316864623516
            ],
            [
              80.353391934111,
              7.056314483747111
            ],
            [
              80.35338466335922,
              7.056313930953875
            ],
            [
              80.35337107113652,
              7.0563229837394426
            ],
            [
              80.3533663568499,
              7.056323424051462
            ],
            [
              80.3533568405972,
              7.056322241302673
            ],
            [
              80.35334754793176,
              7.056318488166335
            ],
            [
              80.35334082221539,
              7.056310783945227
            ],
            [
              80.35333585125142,
              7.0562991465097324
            ],
            [
              80.35333710073184,
              7.056282195388852
            ],
            [
              80.35334099060526,
              7.056271003500739
            ]
          ]
        ]
      },
      "properties": {
        "OBJECTID": 29,
        "Entity": "3DPolyline",
        "Handle": "824AE",
        "Layer": "Contour_Line_Major",
        "LyrFrzn": 0,
        "LyrOn": 1,
        "Color": 35,
        "Linetype": "Continuous",
        "Elevation": 70,
        "LineWt": 25,
        "RefName": "",
        "DocUpdate": 1783359710000,
        "DocId": 1.1061215596273316e+19,
        "t0": null,
        "t00": null,
        "Shape_Length": 108.07737038009883,
        "Shape_Area": 388.6761571913423
      }
    },
    {
      "type": "Feature",
      "id": 30,
      "geometry": {
        "type": "Polygon",
        "coordinates": [
          [
            [
              80.35331385308305,
              7.05640664661292
            ],
            [
              80.35331282181056,
              7.056408593559256
            ],
            [
              80.35331084101149,
              7.056408388198849
            ],
            [
              80.35330965519265,
              7.056405565302145
            ],
            [
              80.35331385308305,
              7.05640664661292
            ]
          ]
        ]
      },
      "properties": {
        "OBJECTID": 30,
        "Entity": "3DPolyline",
        "Handle": "824F8",
        "Layer": "Contour_Line_Major",
        "LyrFrzn": 0,
        "LyrOn": 1,
        "Color": 35,
        "Linetype": "Continuous",
        "Elevation": 70,
        "LineWt": 25,
        "RefName": "",
        "DocUpdate": 1783359710000,
        "DocId": 1.1061215596273316e+19,
        "t0": null,
        "t00": null,
        "Shape_Length": 1.2807107961914168,
        "Shape_Area": 0.08935496007204333
      }
    },
    {
      "type": "Feature",
      "id": 31,
      "geometry": {
        "type": "Polygon",
        "coordinates": [
          [
            [
              80.35345464686235,
              7.056234979396185
            ],
            [
              80.35345145861703,
              7.056239054447349
            ],
            [
              80.3534465742519,
              7.056238740139991
            ],
            [
              80.35344273391078,
              7.056230551465739
            ],
            [
              80.35344736347976,
              7.056229174838661
            ],
            [
              80.35345464686235,
              7.056234979396185
            ]
          ]
        ]
      },
      "properties": {
        "OBJECTID": 31,
        "Entity": "3DPolyline",
        "Handle": "824FF",
        "Layer": "Contour_Line_Major",
        "LyrFrzn": 0,
        "LyrOn": 1,
        "Color": 35,
        "Linetype": "Continuous",
        "Elevation": 70,
        "LineWt": 25,
        "RefName": "",
        "DocUpdate": 1783359710000,
        "DocId": 1.1061215596273316e+19,
        "t0": null,
        "t00": null,
        "Shape_Length": 3.6745900369711513,
        "Shape_Area": 0.8446430145037274
      }
    },
    {
      "type": "Feature",
      "id": 32,
      "geometry": {
        "type": "Polygon",
        "coordinates": [
          [
            [
              80.35352066108514,
              7.056209428065268
            ],
            [
              80.35351569424084,
              7.056213743070207
            ],
            [
              80.3535109566046,
              7.056212088441331
            ],
            [
              80.35350811123517,
              7.056208536902883
            ],
            [
              80.35350811147097,
              7.056205104181273
            ],
            [
              80.35351053962462,
              7.056202647200214
            ],
            [
              80.35351398393126,
              7.056203266151131
            ],
            [
              80.3535182826004,
              7.056205452945027
            ],
            [
              80.35352066108514,
              7.056209428065268
            ]
          ]
        ]
      },
      "properties": {
        "OBJECTID": 32,
        "Entity": "3DPolyline",
        "Handle": "82507",
        "Layer": "Contour_Line_Major",
        "LyrFrzn": 0,
        "LyrOn": 1,
        "Color": 35,
        "Linetype": "Continuous",
        "Elevation": 70,
        "LineWt": 25,
        "RefName": "",
        "DocUpdate": 1783359710000,
        "DocId": 1.1061215596273316e+19,
        "t0": null,
        "t00": null,
        "Shape_Length": 3.976669146242211,
        "Shape_Area": 1.1238618701576712
      }
    },
    {
      "type": "Feature",
      "id": 33,
      "geometry": {
        "type": "Polygon",
        "coordinates": [
          [
            [
              80.35348016620271,
              7.056090288648828
            ],
            [
              80.3534810785253,
              7.056065093100149
            ],
            [
              80.3534876834661,
              7.056058695403636
            ],
            [
              80.35349253916526,
              7.056048998243457
            ],
            [
              80.35349614407863,
              7.056045452019045
            ],
            [
              80.35350297753656,
              7.056044023266282
            ],
            [
              80.3535112360373,
              7.056044628079224
            ],
            [
              80.35351418638001,
              7.056046262142265
            ],
            [
              80.35350859392057,
              7.05605577194764
            ],
            [
              80.353504535136,
              7.056075812699711
            ],
            [
              80.35349232392419,
              7.056081444630095
            ],
            [
              80.35348277744615,
              7.056092912711661
            ],
            [
              80.35348016620271,
              7.056090288648828
            ]
          ]
        ]
      },
      "properties": {
        "OBJECTID": 33,
        "Entity": "3DPolyline",
        "Handle": "82512",
        "Layer": "Contour_Line_Major",
        "LyrFrzn": 0,
        "LyrOn": 1,
        "Color": 35,
        "Linetype": "Continuous",
        "Elevation": 70,
        "LineWt": 25,
        "RefName": "",
        "DocUpdate": 1783359710000,
        "DocId": 1.1061215596273316e+19,
        "t0": null,
        "t00": null,
        "Shape_Length": 14.642348083469582,
        "Shape_Area": 10.582374754209303
      }
    },
    {
      "type": "Feature",
      "id": 34,
      "geometry": {
        "type": "Polygon",
        "coordinates": [
          [
            [
              80.35354173409637,
              7.05603126415148
            ],
            [
              80.35353303255289,
              7.0560315189413245
            ],
            [
              80.35352871481732,
              7.056028065768003
            ],
            [
              80.35353096338802,
              7.05602648232183
            ],
            [
              80.35353794140362,
              7.056025930266068
            ],
            [
              80.35354173409637,
              7.05603126415148
            ]
          ]
        ]
      },
      "properties": {
        "OBJECTID": 34,
        "Entity": "3DPolyline",
        "Handle": "82521",
        "Layer": "Contour_Line_Major",
        "LyrFrzn": 0,
        "LyrOn": 1,
        "Color": 35,
        "Linetype": "Continuous",
        "Elevation": 70,
        "LineWt": 25,
        "RefName": "",
        "DocUpdate": 1783359710000,
        "DocId": 1.1061215596273316e+19,
        "t0": null,
        "t00": null,
        "Shape_Length": 3.372565865105008,
        "Shape_Area": 0.599935774489256
      }
    },
    {
      "type": "Feature",
      "id": 35,
      "geometry": {
        "type": "Polygon",
        "coordinates": [
          [
            [
              80.35371396301896,
              7.056000158546565
            ],
            [
              80.35371038204933,
              7.056016471456709
            ],
            [
              80.3537073048761,
              7.056020109771865
            ],
            [
              80.35370384291225,
              7.056017207743872
            ],
            [
              80.3537004851933,
              7.056010302374544
            ],
            [
              80.35370604518762,
              7.0559824177345885
            ],
            [
              80.35371624299707,
              7.0559615695846745
            ],
            [
              80.35372270629553,
              7.055958717477684
            ],
            [
              80.35372702407756,
              7.0559595266844894
            ],
            [
              80.3537304675621,
              7.055963348601952
            ],
            [
              80.35373120438078,
              7.055967410997993
            ],
            [
              80.3537289257835,
              7.055980198917144
            ],
            [
              80.35372592295795,
              7.055985069316256
            ],
            [
              80.35371484482562,
              7.055995648835743
            ],
            [
              80.35371396301896,
              7.056000158546565
            ]
          ]
        ]
      },
      "properties": {
        "OBJECTID": 35,
        "Entity": "3DPolyline",
        "Handle": "82529",
        "Layer": "Contour_Line_Major",
        "LyrFrzn": 0,
        "LyrOn": 1,
        "Color": 35,
        "Linetype": "Continuous",
        "Elevation": 70,
        "LineWt": 25,
        "RefName": "",
        "DocUpdate": 1783359710000,
        "DocId": 1.1061215596273316e+19,
        "t0": null,
        "t00": null,
        "Shape_Length": 15.988825261491089,
        "Shape_Area": 10.678933748961137
      }
    },
    {
      "type": "Feature",
      "id": 36,
      "geometry": {
        "type": "Polygon",
        "coordinates": [
          [
            [
              80.35367459975213,
              7.055954877149669
            ],
            [
              80.3536733885136,
              7.055955365732516
            ],
            [
              80.35367272785504,
              7.0559538397666834
            ],
            [
              80.35367459975213,
              7.055954877149669
            ]
          ]
        ]
      },
      "properties": {
        "OBJECTID": 36,
        "Entity": "3DPolyline",
        "Handle": "8253A",
        "Layer": "Contour_Line_Major",
        "LyrFrzn": 0,
        "LyrOn": 1,
        "Color": 35,
        "Linetype": "Continuous",
        "Elevation": 70,
        "LineWt": 25,
        "RefName": "",
        "DocUpdate": 1783359710000,
        "DocId": 1.1061215596273316e+19,
        "t0": null,
        "t00": null,
        "Shape_Length": 0.5644942157327033,
        "Shape_Area": 0.013254630065574199
      }
    },
    {
      "type": "Feature",
      "id": 37,
      "geometry": {
        "type": "Polygon",
        "coordinates": [
          [
            [
              80.35376492921623,
              7.055909775285285
            ],
            [
              80.35376322486846,
              7.0559139283742525
            ],
            [
              80.35375258300779,
              7.055916781029711
            ],
            [
              80.3537482501769,
              7.05592159983846
            ],
            [
              80.35374641961688,
              7.055944289452082
            ],
            [
              80.35374363726012,
              7.05594883633188
            ],
            [
              80.35374046214976,
              7.05594540283285
            ],
            [
              80.35373944830401,
              7.05594066255431
            ],
            [
              80.3537417628657,
              7.055918917043953
            ],
            [
              80.35374179257923,
              7.055900757578032
            ],
            [
              80.35374593219477,
              7.055891627473259
            ],
            [
              80.3537567257033,
              7.055880622425815
            ],
            [
              80.35375350897259,
              7.055862152732247
            ],
            [
              80.35375793708364,
              7.055854570691343
            ],
            [
              80.35376295305862,
              7.055852038595833
            ],
            [
              80.35376505902659,
              7.05585795990372
            ],
            [
              80.35376492921623,
              7.055909775285285
            ]
          ]
        ]
      },
      "properties": {
        "OBJECTID": 37,
        "Entity": "3DPolyline",
        "Handle": "82540",
        "Layer": "Contour_Line_Major",
        "LyrFrzn": 0,
        "LyrOn": 1,
        "Color": 35,
        "Linetype": "Continuous",
        "Elevation": 70,
        "LineWt": 25,
        "RefName": "",
        "DocUpdate": 1783359710000,
        "DocId": 1.1061215596273316e+19,
        "t0": null,
        "t00": null,
        "Shape_Length": 23.911090169753884,
        "Shape_Area": 14.229268517573523
      }
    },
    {
      "type": "Feature",
      "id": 38,
      "geometry": {
        "type": "Polygon",
        "coordinates": [
          [
            [
              80.35369789656652,
              7.055900637114664
            ],
            [
              80.35369185878602,
              7.055904167309483
            ],
            [
              80.35369001087028,
              7.055897590568449
            ],
            [
              80.3536924738404,
              7.055894836041346
            ],
            [
              80.35369789656652,
              7.055900637114664
            ]
          ]
        ]
      },
      "properties": {
        "OBJECTID": 38,
        "Entity": "3DPolyline",
        "Handle": "82553",
        "Layer": "Contour_Line_Major",
        "LyrFrzn": 0,
        "LyrOn": 1,
        "Color": 35,
        "Linetype": "Continuous",
        "Elevation": 70,
        "LineWt": 25,
        "RefName": "",
        "DocUpdate": 1783359710000,
        "DocId": 1.1061215596273316e+19,
        "t0": null,
        "t00": null,
        "Shape_Length": 2.8136613681874265,
        "Shape_Area": 0.4606703898139844
      }
    },
    {
      "type": "Feature",
      "id": 39,
      "geometry": {
        "type": "Polygon",
        "coordinates": [
          [
            [
              80.3537956260536,
              7.055728910149919
            ],
            [
              80.35379719896817,
              7.055720291174086
            ],
            [
              80.35380521479327,
              7.055706543339028
            ],
            [
              80.35381084666562,
              7.0556908040295045
            ],
            [
              80.35381603141278,
              7.055671033479141
            ],
            [
              80.3538151630298,
              7.055661947096307
            ],
            [
              80.35380747533361,
              7.055643441365207
            ],
            [
              80.35380575877916,
              7.055633546055929
            ],
            [
              80.35381214676136,
              7.055630809623832
            ],
            [
              80.35381784321946,
              7.055631828781434
            ],
            [
              80.35382672023938,
              7.055636266972284
            ],
            [
              80.353829639668,
              7.055639299406394
            ],
            [
              80.35384452753495,
              7.05566158612145
            ],
            [
              80.35384717485134,
              7.05566888488528
            ],
            [
              80.3538480183345,
              7.055691357493509
            ],
            [
              80.35384600131401,
              7.0556976864689736
            ],
            [
              80.35383472656505,
              7.055718166794563
            ],
            [
              80.35381457296165,
              7.0557257361175365
            ],
            [
              80.35380437080995,
              7.055732747544955
            ],
            [
              80.35380015964104,
              7.0557379798967235
            ],
            [
              80.3537956260536,
              7.055728910149919
            ]
          ]
        ]
      },
      "properties": {
        "OBJECTID": 39,
        "Entity": "3DPolyline",
        "Handle": "8255A",
        "Layer": "Contour_Line_Major",
        "LyrFrzn": 0,
        "LyrOn": 1,
        "Color": 35,
        "Linetype": "Continuous",
        "Elevation": 70,
        "LineWt": 25,
        "RefName": "",
        "DocUpdate": 1783359710000,
        "DocId": 1.1061215596273316e+19,
        "t0": null,
        "t00": null,
        "Shape_Length": 29.371073389868652,
        "Shape_Area": 36.869445625260965
      }
    },
    {
      "type": "Feature",
      "id": 40,
      "geometry": {
        "type": "Polygon",
        "coordinates": [
          [
            [
              80.35376830213423,
              7.055611282375038
            ],
            [
              80.35376713247751,
              7.05561443216693
            ],
            [
              80.3537646987986,
              7.055615653543052
            ],
            [
              80.35376319286851,
              7.055609269037679
            ],
            [
              80.35376494266332,
              7.055607599873141
            ],
            [
              80.35376830213423,
              7.055611282375038
            ]
          ]
        ]
      },
      "properties": {
        "OBJECTID": 40,
        "Entity": "3DPolyline",
        "Handle": "82571",
        "Layer": "Contour_Line_Major",
        "LyrFrzn": 0,
        "LyrOn": 1,
        "Color": 35,
        "Linetype": "Continuous",
        "Elevation": 70,
        "LineWt": 25,
        "RefName": "",
        "DocUpdate": 1783359710000,
        "DocId": 1.1061215596273316e+19,
        "t0": null,
        "t00": null,
        "Shape_Length": 2.215405752506297,
        "Shape_Area": 0.2922871801717986
      }
    },
    {
      "type": "Feature",
      "id": 41,
      "geometry": {
        "type": "Polygon",
        "coordinates": [
          [
            [
              80.35382346415872,
              7.055529950289885
            ],
            [
              80.35382558267244,
              7.055538577088453
            ],
            [
              80.35383428343721,
              7.0555467127870015
            ],
            [
              80.35383962406135,
              7.055556219637671
            ],
            [
              80.353838291926,
              7.055564233811057
            ],
            [
              80.3538261137395,
              7.055581973945026
            ],
            [
              80.35382590187238,
              7.055592418353645
            ],
            [
              80.35384142148922,
              7.055603124236723
            ],
            [
              80.35384471335071,
              7.055607245345545
            ],
            [
              80.35384617945724,
              7.055612313692663
            ],
            [
              80.35384163911328,
              7.055615951793228
            ],
            [
              80.35383743603819,
              7.055617307306243
            ],
            [
              80.3538174398865,
              7.055619723693931
            ],
            [
              80.3538088282258,
              7.055624377382954
            ],
            [
              80.35380223792896,
              7.055624793394698
            ],
            [
              80.3538007383371,
              7.055619714146683
            ],
            [
              80.35381099604193,
              7.055594839976961
            ],
            [
              80.35381231995981,
              7.055587528618489
            ],
            [
              80.35381178887516,
              7.0555787502454255
            ],
            [
              80.35380510369822,
              7.055561400997052
            ],
            [
              80.35380352923097,
              7.055551552920384
            ],
            [
              80.35380594602589,
              7.055543571907178
            ],
            [
              80.35381115048553,
              7.05553700764065
            ],
            [
              80.35381417273591,
              7.055528573387198
            ],
            [
              80.3538092789622,
              7.055508931804929
            ],
            [
              80.35380800203983,
              7.055494759543241
            ],
            [
              80.35381101815452,
              7.055460062016476
            ],
            [
              80.3538152293546,
              7.055454152165294
            ],
            [
              80.3538197519975,
              7.055454136715599
            ],
            [
              80.35382856033715,
              7.055458477120974
            ],
            [
              80.35384035905433,
              7.055479979848673
            ],
            [
              80.35384274123683,
              7.055489776579907
            ],
            [
              80.35384198750715,
              7.055498562220302
            ],
            [
              80.35383954092323,
              7.05550582589382
            ],
            [
              80.35382718733544,
              7.055522079629095
            ],
            [
              80.35382346415872,
              7.055529950289885
            ]
          ]
        ]
      },
      "properties": {
        "OBJECTID": 41,
        "Entity": "3DPolyline",
        "Handle": "82579",
        "Layer": "Contour_Line_Major",
        "LyrFrzn": 0,
        "LyrOn": 1,
        "Color": 35,
        "Linetype": "Continuous",
        "Elevation": 70,
        "LineWt": 25,
        "RefName": "",
        "DocUpdate": 1783359710000,
        "DocId": 1.1061215596273316e+19,
        "t0": null,
        "t00": null,
        "Shape_Length": 46.6123102113115,
        "Shape_Area": 51.77944831649109
      }
    },
    {
      "type": "Feature",
      "id": 42,
      "geometry": {
        "type": "Polygon",
        "coordinates": [
          [
            [
              80.35465880663416,
              7.055576332549749
            ],
            [
              80.35465265707204,
              7.055585399282366
            ],
            [
              80.35461037260512,
              7.055579497517231
            ],
            [
              80.35459322542107,
              7.055581566011396
            ],
            [
              80.35458166539043,
              7.055587087614666
            ],
            [
              80.35457844665767,
              7.055587036129223
            ],
            [
              80.35457474948738,
              7.05558398362893
            ],
            [
              80.35457061419956,
              7.055575621787911
            ],
            [
              80.35459805176104,
              7.055544017158567
            ],
            [
              80.35460441035903,
              7.05554091976371
            ],
            [
              80.35461276330034,
              7.055539360126969
            ],
            [
              80.35461967460984,
              7.055541858065119
            ],
            [
              80.35465880663416,
              7.055576332549749
            ]
          ]
        ]
      },
      "properties": {
        "OBJECTID": 42,
        "Entity": "3DPolyline",
        "Handle": "8259F",
        "Layer": "Contour_Line_Major",
        "LyrFrzn": 0,
        "LyrOn": 1,
        "Color": 35,
        "Linetype": "Continuous",
        "Elevation": 70,
        "LineWt": 25,
        "RefName": "",
        "DocUpdate": 1783359710000,
        "DocId": 1.1061215596273316e+19,
        "t0": null,
        "t00": null,
        "Shape_Length": 24.08435881144428,
        "Shape_Area": 29.620009534103943
      }
    },
    {
      "type": "Feature",
      "id": 43,
      "geometry": {
        "type": "Polygon",
        "coordinates": [
          [
            [
              80.3548172852785,
              7.05561273310344
            ],
            [
              80.35481464217943,
              7.05561807165427
            ],
            [
              80.35480637431986,
              7.055618997330775
            ],
            [
              80.35479316710384,
              7.055618784603989
            ],
            [
              80.3547780888197,
              7.055616280809198
            ],
            [
              80.35476493452533,
              7.0556118511972
            ],
            [
              80.35474768976573,
              7.055603304805271
            ],
            [
              80.35472504912507,
              7.0555963718879875
            ],
            [
              80.35472284141451,
              7.0555939528150375
            ],
            [
              80.35472252125805,
              7.055587150244617
            ],
            [
              80.35472577141041,
              7.05558282018902
            ],
            [
              80.35472941070311,
              7.0555818998760325
            ],
            [
              80.35475988301056,
              7.05557924375138
            ],
            [
              80.35477362795217,
              7.0555860666834835
            ],
            [
              80.35479201999347,
              7.055603040434165
            ],
            [
              80.35479639152692,
              7.0556055719461765
            ],
            [
              80.3548143345125,
              7.055609441029147
            ],
            [
              80.3548172852785,
              7.05561273310344
            ]
          ]
        ]
      },
      "properties": {
        "OBJECTID": 43,
        "Entity": "3DPolyline",
        "Handle": "825AE",
        "Layer": "Contour_Line_Major",
        "LyrFrzn": 0,
        "LyrOn": 1,
        "Color": 35,
        "Linetype": "Continuous",
        "Elevation": 70,
        "LineWt": 25,
        "RefName": "",
        "DocUpdate": 1783359710000,
        "DocId": 1.1061215596273316e+19,
        "t0": null,
        "t00": null,
        "Shape_Length": 24.03944620584432,
        "Shape_Area": 22.7537408972294
      }
    },
    {
      "type": "Feature",
      "id": 44,
      "geometry": {
        "type": "Polygon",
        "coordinates": [
          [
            [
              80.35189314639052,
              7.054704145375615
            ],
            [
              80.35188247188142,
              7.05470900420964
            ],
            [
              80.35186942543945,
              7.054709098264017
            ],
            [
              80.3518654880221,
              7.054707588552445
            ],
            [
              80.35186307339674,
              7.054704224842884
            ],
            [
              80.35186322784543,
              7.054692779035601
            ],
            [
              80.35186739431343,
              7.054687794483498
            ],
            [
              80.35187622108246,
              7.0546886235326465
            ],
            [
              80.35188665384852,
              7.054695479032662
            ],
            [
              80.35189314639052,
              7.054704145375615
            ]
          ]
        ]
      },
      "properties": {
        "OBJECTID": 44,
        "Entity": "3DPolyline",
        "Handle": "825C2",
        "Layer": "Contour_Line_Major",
        "LyrFrzn": 0,
        "LyrOn": 1,
        "Color": 35,
        "Linetype": "Continuous",
        "Elevation": 70,
        "LineWt": 25,
        "RefName": "",
        "DocUpdate": 1783359710000,
        "DocId": 1.1061215596273316e+19,
        "t0": null,
        "t00": null,
        "Shape_Length": 9.198393438515742,
        "Shape_Area": 5.669248992815234
      }
    },
    {
      "type": "Feature",
      "id": 45,
      "geometry": {
        "type": "Polygon",
        "coordinates": [
          [
            [
              80.34737144149005,
              7.0542636697973515
            ],
            [
              80.34736595699795,
              7.054283299631961
            ],
            [
              80.34736263583684,
              7.054288513264679
            ],
            [
              80.3473578876069,
              7.054291870601958
            ],
            [
              80.3473513996848,
              7.054289671650305
            ],
            [
              80.34734180852674,
              7.054281896413185
            ],
            [
              80.34733414147416,
              7.0542721284563585
            ],
            [
              80.34733091054217,
              7.054262695046497
            ],
            [
              80.34733380678801,
              7.054255088319627
            ],
            [
              80.34733925407936,
              7.054247153193026
            ],
            [
              80.34734398410949,
              7.054243214213149
            ],
            [
              80.34735152785125,
              7.054240820496752
            ],
            [
              80.3473565387284,
              7.054241289718306
            ],
            [
              80.34736182444334,
              7.0542446393698945
            ],
            [
              80.34736504522184,
              7.0542483922727
            ],
            [
              80.34737144149005,
              7.0542636697973515
            ]
          ]
        ]
      },
      "properties": {
        "OBJECTID": 45,
        "Entity": "3DPolyline",
        "Handle": "825CE",
        "Layer": "Contour_Line_Major",
        "LyrFrzn": 0,
        "LyrOn": 1,
        "Color": 35,
        "Linetype": "Continuous",
        "Elevation": 70,
        "LineWt": 25,
        "RefName": "",
        "DocUpdate": 1783359710000,
        "DocId": 1.1061215596273316e+19,
        "t0": null,
        "t00": null,
        "Shape_Length": 15.316453068337893,
        "Shape_Area": 17.286938208870733
      }
    },
    {
      "type": "Feature",
      "id": 46,
      "geometry": {
        "type": "Polygon",
        "coordinates": [
          [
            [
              80.3546339645106,
              7.062070882139977
            ],
            [
              80.35462799749287,
              7.06207229672293
            ],
            [
              80.35462314146206,
              7.062070439319745
            ],
            [
              80.35462629031825,
              7.062067370960553
            ],
            [
              80.354630919319,
              7.062068404920002
            ],
            [
              80.3546339645106,
              7.062070882139977
            ]
          ]
        ]
      },
      "properties": {
        "OBJECTID": 46,
        "Entity": "3DPolyline",
        "Handle": "825E0",
        "Layer": "Contour_Line_Major",
        "LyrFrzn": 0,
        "LyrOn": 1,
        "Color": 35,
        "Linetype": "Continuous",
        "Elevation": 75,
        "LineWt": 25,
        "RefName": "",
        "DocUpdate": 1783359710000,
        "DocId": 1.1061215596273316e+19,
        "t0": null,
        "t00": null,
        "Shape_Length": 2.6950006422889516,
        "Shape_Area": 0.37163498531783684
      }
    },
    {
      "type": "Feature",
      "id": 47,
      "geometry": {
        "type": "Polygon",
        "coordinates": [
          [
            [
              80.3550255913739,
              7.06196287921731
            ],
            [
              80.35502444243386,
              7.061970673842621
            ],
            [
              80.3550159360447,
              7.061978993781705
            ],
            [
              80.35501177458083,
              7.061981643751663
            ],
            [
              80.35500580625474,
              7.061982043446095
            ],
            [
              80.35500408560559,
              7.061980305258382
            ],
            [
              80.35500287028317,
              7.061968699258751
            ],
            [
              80.35500460297172,
              7.061965668738269
            ],
            [
              80.35501261817406,
              7.06196223895773
            ],
            [
              80.35502342381984,
              7.0619615176041455
            ],
            [
              80.3550255913739,
              7.06196287921731
            ]
          ]
        ]
      },
      "properties": {
        "OBJECTID": 47,
        "Entity": "3DPolyline",
        "Handle": "825E8",
        "Layer": "Contour_Line_Major",
        "LyrFrzn": 0,
        "LyrOn": 1,
        "Color": 35,
        "Linetype": "Continuous",
        "Elevation": 75,
        "LineWt": 25,
        "RefName": "",
        "DocUpdate": 1783359710000,
        "DocId": 1.1061215596273316e+19,
        "t0": null,
        "t00": null,
        "Shape_Length": 7.779532768785433,
        "Shape_Area": 4.075091661395982
      }
    },
    {
      "type": "Feature",
      "id": 48,
      "geometry": {
        "type": "Polygon",
        "coordinates": [
          [
            [
              80.35423603402354,
              7.060623070658178
            ],
            [
              80.35423365696876,
              7.0606324094367645
            ],
            [
              80.35422836059212,
              7.060641227683529
            ],
            [
              80.35421913118059,
              7.060645987251648
            ],
            [
              80.35421508668496,
              7.060645912004178
            ],
            [
              80.35421127930685,
              7.060644608722256
            ],
            [
              80.35420835330865,
              7.060641067928694
            ],
            [
              80.35420195947275,
              7.060626430890081
            ],
            [
              80.35420064283937,
              7.060620644547099
            ],
            [
              80.35420213702079,
              7.060612009181836
            ],
            [
              80.35420567370767,
              7.0606054525583675
            ],
            [
              80.35420840646242,
              7.060603394898724
            ],
            [
              80.35421594415781,
              7.060603460508598
            ],
            [
              80.35422274613083,
              7.060606501934621
            ],
            [
              80.35423209277542,
              7.060614488373756
            ],
            [
              80.35423603402354,
              7.060623070658178
            ]
          ]
        ]
      },
      "properties": {
        "OBJECTID": 48,
        "Entity": "3DPolyline",
        "Handle": "825F5",
        "Layer": "Contour_Line_Major",
        "LyrFrzn": 0,
        "LyrOn": 1,
        "Color": 35,
        "Linetype": "Continuous",
        "Elevation": 75,
        "LineWt": 25,
        "RefName": "",
        "DocUpdate": 1783359710000,
        "DocId": 1.1061215596273316e+19,
        "t0": null,
        "t00": null,
        "Shape_Length": 13.397788334819625,
        "Shape_Area": 13.36398798662351
      }
    },
    {
      "type": "Feature",
      "id": 49,
      "geometry": {
        "type": "Polygon",
        "coordinates": [
          [
            [
              80.35520233563047,
              7.060344000247947
            ],
            [
              80.355203878691,
              7.060341246252493
            ],
            [
              80.35520717792963,
              7.060340724370607
            ],
            [
              80.35521020961652,
              7.060343140963545
            ],
            [
              80.35521085787578,
              7.0603451282252765
            ],
            [
              80.35520656688209,
              7.060353058713518
            ],
            [
              80.35520233563047,
              7.060344000247947
            ]
          ]
        ]
      },
      "properties": {
        "OBJECTID": 49,
        "Entity": "3DPolyline",
        "Handle": "82607",
        "Layer": "Contour_Line_Major",
        "LyrFrzn": 0,
        "LyrOn": 1,
        "Color": 35,
        "Linetype": "Continuous",
        "Elevation": 75,
        "LineWt": 25,
        "RefName": "",
        "DocUpdate": 1783359710000,
        "DocId": 1.1061215596273316e+19,
        "t0": null,
        "t00": null,
        "Shape_Length": 3.4790089859762743,
        "Shape_Area": 0.7237123105885429
      }
    },
    {
      "type": "Feature",
      "id": 50,
      "geometry": {
        "type": "Polygon",
        "coordinates": [
          [
            [
              80.35496297708562,
              7.060190531096973
            ],
            [
              80.35495752120453,
              7.060193586320776
            ],
            [
              80.35495358137163,
              7.060192471910394
            ],
            [
              80.35495054675329,
              7.060189558720482
            ],
            [
              80.35495023580037,
              7.060181994542551
            ],
            [
              80.35495190917281,
              7.060179946267907
            ],
            [
              80.3549581634743,
              7.060182247918345
            ],
            [
              80.35496182053947,
              7.060186172337836
            ],
            [
              80.35496297708562,
              7.060190531096973
            ]
          ]
        ]
      },
      "properties": {
        "OBJECTID": 50,
        "Entity": "3DPolyline",
        "Handle": "82610",
        "Layer": "Contour_Line_Major",
        "LyrFrzn": 0,
        "LyrOn": 1,
        "Color": 35,
        "Linetype": "Continuous",
        "Elevation": 75,
        "LineWt": 25,
        "RefName": "",
        "DocUpdate": 1783359710000,
        "DocId": 1.1061215596273316e+19,
        "t0": null,
        "t00": null,
        "Shape_Length": 4.564481410982385,
        "Shape_Area": 1.4506143059968555
      }
    },
    {
      "type": "Feature",
      "id": 51,
      "geometry": {
        "type": "Polygon",
        "coordinates": [
          [
            [
              80.35367035188511,
              7.059563977987439
            ],
            [
              80.35365827734809,
              7.059538260626218
            ],
            [
              80.35365958055277,
              7.05953283972624
            ],
            [
              80.35366567572477,
              7.059525179495804
            ],
            [
              80.35367967320309,
              7.0595177735311205
            ],
            [
              80.35369215753154,
              7.059516357129704
            ],
            [
              80.35370077116572,
              7.059519470720363
            ],
            [
              80.35371450650413,
              7.059528713317294
            ],
            [
              80.35371650479925,
              7.059535894498176
            ],
            [
              80.3537155295897,
              7.059544414799697
            ],
            [
              80.3537104279561,
              7.059555793153365
            ],
            [
              80.35370425072932,
              7.059564513389253
            ],
            [
              80.35369388604725,
              7.059571788705412
            ],
            [
              80.35368489216238,
              7.059574522425775
            ],
            [
              80.35367584417611,
              7.059572527146581
            ],
            [
              80.35367035188511,
              7.059563977987439
            ]
          ]
        ]
      },
      "properties": {
        "OBJECTID": 51,
        "Entity": "3DPolyline",
        "Handle": "8261B",
        "Layer": "Contour_Line_Major",
        "LyrFrzn": 0,
        "LyrOn": 1,
        "Color": 35,
        "Linetype": "Continuous",
        "Elevation": 75,
        "LineWt": 25,
        "RefName": "",
        "DocUpdate": 1783359710000,
        "DocId": 1.1061215596273316e+19,
        "t0": null,
        "t00": null,
        "Shape_Length": 19.731488751982702,
        "Shape_Area": 29.321593168276603
      }
    },
    {
      "type": "Feature",
      "id": 52,
      "geometry": {
        "type": "Polygon",
        "coordinates": [
          [
            [
              80.35385693833852,
              7.0594737825879665
            ],
            [
              80.35383659792356,
              7.059446201291273
            ],
            [
              80.35383401732483,
              7.059440401438488
            ],
            [
              80.35383475833524,
              7.059431656486747
            ],
            [
              80.35384323942749,
              7.059430452531373
            ],
            [
              80.35385359747717,
              7.05943252198418
            ],
            [
              80.35387734332417,
              7.059433939711184
            ],
            [
              80.35388644539297,
              7.059436109637041
            ],
            [
              80.35389508314798,
              7.05944206893405
            ],
            [
              80.35391744879321,
              7.059472431773231
            ],
            [
              80.35392197533578,
              7.059482034284026
            ],
            [
              80.35392012831073,
              7.0594891649134555
            ],
            [
              80.35391134624165,
              7.059503036508118
            ],
            [
              80.35391222300147,
              7.059509349588192
            ],
            [
              80.35391399400348,
              7.059511332073917
            ],
            [
              80.35392185899953,
              7.0595143324613865
            ],
            [
              80.3539402116797,
              7.059516027648023
            ],
            [
              80.35394331349822,
              7.05951813770692
            ],
            [
              80.35393421400961,
              7.0595219386409624
            ],
            [
              80.3539300037619,
              7.059525827752464
            ],
            [
              80.3539321659881,
              7.059531672252513
            ],
            [
              80.35394310396805,
              7.059546472974357
            ],
            [
              80.35394511277283,
              7.059551302370318
            ],
            [
              80.35394523848717,
              7.059559889323644
            ],
            [
              80.35394310126671,
              7.059564737401992
            ],
            [
              80.35393977363775,
              7.059566147492324
            ],
            [
              80.35393131939817,
              7.059562352104892
            ],
            [
              80.35392266211294,
              7.059561331558765
            ],
            [
              80.35389637682881,
              7.059563597214274
            ],
            [
              80.35388651758397,
              7.059559633445709
            ],
            [
              80.35388162522037,
              7.059555269512142
            ],
            [
              80.35386639694183,
              7.059536795851441
            ],
            [
              80.35385964567455,
              7.059522672092438
            ],
            [
              80.35385855337978,
              7.059513125895107
            ],
            [
              80.35386125764016,
              7.059491140321026
            ],
            [
              80.3538602839543,
              7.059482249173412
            ],
            [
              80.35385693833852,
              7.0594737825879665
            ]
          ]
        ]
      },
      "properties": {
        "OBJECTID": 52,
        "Entity": "3DPolyline",
        "Handle": "8262D",
        "Layer": "Contour_Line_Major",
        "LyrFrzn": 0,
        "LyrOn": 1,
        "Color": 35,
        "Linetype": "Continuous",
        "Elevation": 75,
        "LineWt": 25,
        "RefName": "",
        "DocUpdate": 1783359710000,
        "DocId": 1.1061215596273316e+19,
        "t0": null,
        "t00": null,
        "Shape_Length": 48.37882555105331,
        "Shape_Area": 98.94918230325979
      }
    },
    {
      "type": "Feature",
      "id": 53,
      "geometry": {
        "type": "Polygon",
        "coordinates": [
          [
            [
              80.3535665487857,
              7.0594733804065415
            ],
            [
              80.35358146390243,
              7.059466968898654
            ],
            [
              80.35359461418558,
              7.059465221456828
            ],
            [
              80.35363807033401,
              7.0594726310220715
            ],
            [
              80.35364182862143,
              7.059476677703343
            ],
            [
              80.35364250606371,
              7.0594804659421
            ],
            [
              80.35364010532619,
              7.059485337171804
            ],
            [
              80.35363119394908,
              7.0594906000936595
            ],
            [
              80.3536171868322,
              7.059502993665802
            ],
            [
              80.35360632500738,
              7.059507701212707
            ],
            [
              80.35359492880733,
              7.059509919635219
            ],
            [
              80.35358333779068,
              7.059505720995422
            ],
            [
              80.35357679211077,
              7.05950004590227
            ],
            [
              80.353565975159,
              7.05948220971128
            ],
            [
              80.3535665487857,
              7.0594733804065415
            ]
          ]
        ]
      },
      "properties": {
        "OBJECTID": 53,
        "Entity": "3DPolyline",
        "Handle": "82654",
        "Layer": "Contour_Line_Major",
        "LyrFrzn": 0,
        "LyrOn": 1,
        "Color": 35,
        "Linetype": "Continuous",
        "Elevation": 75,
        "LineWt": 25,
        "RefName": "",
        "DocUpdate": 1783359710000,
        "DocId": 1.1061215596273316e+19,
        "t0": null,
        "t00": null,
        "Shape_Length": 21.16576672354754,
        "Shape_Area": 28.60153597713193
      }
    },
    {
      "type": "Feature",
      "id": 54,
      "geometry": {
        "type": "Polygon",
        "coordinates": [
          [
            [
              80.35376629806493,
              7.059498969663819
            ],
            [
              80.35376360398506,
              7.059505785244684
            ],
            [
              80.35375904944215,
              7.0595098385036446
            ],
            [
              80.35375446082534,
              7.059501254415352
            ],
            [
              80.35375249481562,
              7.059491034031712
            ],
            [
              80.35375410702689,
              7.059482820346037
            ],
            [
              80.35375647654426,
              7.059480219462701
            ],
            [
              80.3537596107019,
              7.059479903596677
            ],
            [
              80.35376303950804,
              7.059483227999491
            ],
            [
              80.3537656569272,
              7.0594885928208235
            ],
            [
              80.35376629806493,
              7.059498969663819
            ]
          ]
        ]
      },
      "properties": {
        "OBJECTID": 54,
        "Entity": "3DPolyline",
        "Handle": "82665",
        "Layer": "Contour_Line_Major",
        "LyrFrzn": 0,
        "LyrOn": 1,
        "Color": 35,
        "Linetype": "Continuous",
        "Elevation": 75,
        "LineWt": 25,
        "RefName": "",
        "DocUpdate": 1783359710000,
        "DocId": 1.1061215596273316e+19,
        "t0": null,
        "t00": null,
        "Shape_Length": 7.709142537453535,
        "Shape_Area": 3.556561179120427
      }
    },
    {
      "type": "Feature",
      "id": 55,
      "geometry": {
        "type": "Polygon",
        "coordinates": [
          [
            [
              80.35351817757177,
              7.059464268016875
            ],
            [
              80.3535089518528,
              7.059467033071595
            ],
            [
              80.35349695239152,
              7.059464859124369
            ],
            [
              80.35348548342208,
              7.059447751990609
            ],
            [
              80.35348669434352,
              7.059446194244895
            ],
            [
              80.35349259635642,
              7.059446578709576
            ],
            [
              80.35350522662506,
              7.059451564834699
            ],
            [
              80.35351103373367,
              7.059455090627916
            ],
            [
              80.35351817757177,
              7.059464268016875
            ]
          ]
        ]
      },
      "properties": {
        "OBJECTID": 55,
        "Entity": "3DPolyline",
        "Handle": "82672",
        "Layer": "Contour_Line_Major",
        "LyrFrzn": 0,
        "LyrOn": 1,
        "Color": 35,
        "Linetype": "Continuous",
        "Elevation": 75,
        "LineWt": 25,
        "RefName": "",
        "DocUpdate": 1783359710000,
        "DocId": 1.1061215596273316e+19,
        "t0": null,
        "t00": null,
        "Shape_Length": 9.093892265517166,
        "Shape_Area": 4.350355030515954
      }
    },
    {
      "type": "Feature",
      "id": 56,
      "geometry": {
        "type": "Polygon",
        "coordinates": [
          [
            [
              80.35444151254882,
              7.059320820182566
            ],
            [
              80.35444016027493,
              7.059322455525815
            ],
            [
              80.35443713285449,
              7.059322847525414
            ],
            [
              80.35442926720312,
              7.0593209723910775
            ],
            [
              80.35444151254882,
              7.059320820182566
            ]
          ]
        ]
      },
      "properties": {
        "OBJECTID": 56,
        "Entity": "3DPolyline",
        "Handle": "8267D",
        "Layer": "Contour_Line_Major",
        "LyrFrzn": 0,
        "LyrOn": 1,
        "Color": 35,
        "Linetype": "Continuous",
        "Elevation": 75,
        "LineWt": 25,
        "RefName": "",
        "DocUpdate": 1783359710000,
        "DocId": 1.1061215596273316e+19,
        "t0": null,
        "t00": null,
        "Shape_Length": 2.8172956692286415,
        "Shape_Area": 0.17447883001231967
      }
    },
    {
      "type": "Feature",
      "id": 57,
      "geometry": {
        "type": "Polygon",
        "coordinates": [
          [
            [
              80.35461546818108,
              7.05930297003408
            ],
            [
              80.35461285091147,
              7.05930467780053
            ],
            [
              80.35460979186067,
              7.0593043732631555
            ],
            [
              80.35460600290384,
              7.05929893084427
            ],
            [
              80.35461034967246,
              7.059299754558405
            ],
            [
              80.35461546818108,
              7.05930297003408
            ]
          ]
        ]
      },
      "properties": {
        "OBJECTID": 57,
        "Entity": "3DPolyline",
        "Handle": "82684",
        "Layer": "Contour_Line_Major",
        "LyrFrzn": 0,
        "LyrOn": 1,
        "Color": 35,
        "Linetype": "Continuous",
        "Elevation": 75,
        "LineWt": 25,
        "RefName": "",
        "DocUpdate": 1783359710000,
        "DocId": 1.1061215596273316e+19,
        "t0": null,
        "t00": null,
        "Shape_Length": 2.5741014223128578,
        "Shape_Area": 0.3174088146691876
      }
    },
    {
      "type": "Feature",
      "id": 58,
      "geometry": {
        "type": "Polygon",
        "coordinates": [
          [
            [
              80.35466340035705,
              7.059310714946189
            ],
            [
              80.35465930764228,
              7.059315388462139
            ],
            [
              80.35464618599005,
              7.059320654627665
            ],
            [
              80.3546222892647,
              7.059341214294378
            ],
            [
              80.35461439453073,
              7.0593420301237915
            ],
            [
              80.35461118413738,
              7.0593411690861485
            ],
            [
              80.35460912493303,
              7.059338728507969
            ],
            [
              80.35461019116934,
              7.059329847418192
            ],
            [
              80.35462279721395,
              7.059324226866245
            ],
            [
              80.35462794480739,
              7.059314947996838
            ],
            [
              80.3546399263191,
              7.059305901999283
            ],
            [
              80.35464251239893,
              7.0592940317036055
            ],
            [
              80.35464631808767,
              7.059285439331657
            ],
            [
              80.35465426035849,
              7.059289522545918
            ],
            [
              80.35465788329677,
              7.059293891952641
            ],
            [
              80.35466076287926,
              7.05929890888519
            ],
            [
              80.35466340035705,
              7.059310714946189
            ]
          ]
        ]
      },
      "properties": {
        "OBJECTID": 58,
        "Entity": "3DPolyline",
        "Handle": "8268C",
        "Layer": "Contour_Line_Major",
        "LyrFrzn": 0,
        "LyrOn": 1,
        "Color": 35,
        "Linetype": "Continuous",
        "Elevation": 75,
        "LineWt": 25,
        "RefName": "",
        "DocUpdate": 1783359710000,
        "DocId": 1.1061215596273316e+19,
        "t0": null,
        "t00": null,
        "Shape_Length": 18.645168528220662,
        "Shape_Area": 13.879138587027063
      }
    },
    {
      "type": "Feature",
      "id": 59,
      "geometry": {
        "type": "Polygon",
        "coordinates": [
          [
            [
              80.35469910689095,
              7.059303085699133
            ],
            [
              80.35469167374329,
              7.059316452634943
            ],
            [
              80.35468271455368,
              7.059326826152646
            ],
            [
              80.35467920898625,
              7.059326619592914
            ],
            [
              80.35467452250809,
              7.059323958292653
            ],
            [
              80.35467049219281,
              7.059320191649617
            ],
            [
              80.3546680369348,
              7.059315409579273
            ],
            [
              80.35466852652198,
              7.0593070984553625
            ],
            [
              80.35467225166303,
              7.059301746931945
            ],
            [
              80.35467777841887,
              7.059297850588133
            ],
            [
              80.35468566441877,
              7.05929549612613
            ],
            [
              80.35469189083484,
              7.059297002651457
            ],
            [
              80.35469910689095,
              7.059303085699133
            ]
          ]
        ]
      },
      "properties": {
        "OBJECTID": 59,
        "Entity": "3DPolyline",
        "Handle": "8269F",
        "Layer": "Contour_Line_Major",
        "LyrFrzn": 0,
        "LyrOn": 1,
        "Color": 35,
        "Linetype": "Continuous",
        "Elevation": 75,
        "LineWt": 25,
        "RefName": "",
        "DocUpdate": 1783359710000,
        "DocId": 1.1061215596273316e+19,
        "t0": null,
        "t00": null,
        "Shape_Length": 10.43959128834961,
        "Shape_Area": 7.81136249101336
      }
    },
    {
      "type": "Feature",
      "id": 60,
      "geometry": {
        "type": "Polygon",
        "coordinates": [
          [
            [
              80.35312239094259,
              7.059183312792532
            ],
            [
              80.35312884184623,
              7.059192027911657
            ],
            [
              80.35312796861632,
              7.059204693849618
            ],
            [
              80.3531251141353,
              7.059214211963013
            ],
            [
              80.35312152624184,
              7.059219172902465
            ],
            [
              80.35311508874852,
              7.059221011045176
            ],
            [
              80.35311081240576,
              7.059219029606572
            ],
            [
              80.35310674104021,
              7.0592115823297235
            ],
            [
              80.3531034743754,
              7.059192568938036
            ],
            [
              80.35310420395128,
              7.0591848949455445
            ],
            [
              80.3531061111393,
              7.059180740333262
            ],
            [
              80.35311155381937,
              7.059178061400463
            ],
            [
              80.35311670461272,
              7.059179535700906
            ],
            [
              80.35312239094259,
              7.059183312792532
            ]
          ]
        ]
      },
      "properties": {
        "OBJECTID": 60,
        "Entity": "3DPolyline",
        "Handle": "826AE",
        "Layer": "Contour_Line_Major",
        "LyrFrzn": 0,
        "LyrOn": 1,
        "Color": 35,
        "Linetype": "Continuous",
        "Elevation": 75,
        "LineWt": 25,
        "RefName": "",
        "DocUpdate": 1783359710000,
        "DocId": 1.1061215596273316e+19,
        "t0": null,
        "t00": null,
        "Shape_Length": 12.081471829450027,
        "Shape_Area": 9.975205445900624
      }
    },
    {
      "type": "Feature",
      "id": 61,
      "geometry": {
        "type": "Polygon",
        "coordinates": [
          [
            [
              80.35516691214448,
              7.059258505445345
            ],
            [
              80.35515400072973,
              7.059263648899138
            ],
            [
              80.3551451393589,
              7.059264198372276
            ],
            [
              80.35513668517156,
              7.059261014474149
            ],
            [
              80.35513368553926,
              7.059255070226512
            ],
            [
              80.35513773061032,
              7.05925079825506
            ],
            [
              80.35514598040648,
              7.059246617120486
            ],
            [
              80.35515462031103,
              7.059245149234965
            ],
            [
              80.35516059234236,
              7.059247933515114
            ],
            [
              80.35516691214448,
              7.059258505445345
            ]
          ]
        ]
      },
      "properties": {
        "OBJECTID": 61,
        "Entity": "3DPolyline",
        "Handle": "826BE",
        "Layer": "Contour_Line_Major",
        "LyrFrzn": 0,
        "LyrOn": 1,
        "Color": 35,
        "Linetype": "Continuous",
        "Elevation": 75,
        "LineWt": 25,
        "RefName": "",
        "DocUpdate": 1783359710000,
        "DocId": 1.1061215596273316e+19,
        "t0": null,
        "t00": null,
        "Shape_Length": 8.978455984968907,
        "Shape_Area": 5.271973381009237
      }
    },
    {
      "type": "Feature",
      "id": 62,
      "geometry": {
        "type": "Polygon",
        "coordinates": [
          [
            [
              80.3555208371677,
              7.058783814169612
            ],
            [
              80.35551674528931,
              7.058789201376247
            ],
            [
              80.35551495807064,
              7.058785193612523
            ],
            [
              80.35551466345204,
              7.0587782499696266
            ],
            [
              80.35551653239602,
              7.058776852325293
            ],
            [
              80.3555208371677,
              7.058783814169612
            ]
          ]
        ]
      },
      "properties": {
        "OBJECTID": 62,
        "Entity": "3DPolyline",
        "Handle": "826CA",
        "Layer": "Contour_Line_Major",
        "LyrFrzn": 0,
        "LyrOn": 1,
        "Color": 35,
        "Linetype": "Continuous",
        "Elevation": 75,
        "LineWt": 25,
        "RefName": "",
        "DocUpdate": 1783359710000,
        "DocId": 1.1061215596273316e+19,
        "t0": null,
        "t00": null,
        "Shape_Length": 3.163516099977655,
        "Shape_Area": 0.5267640398926019
      }
    },
    {
      "type": "Feature",
      "id": 63,
      "geometry": {
        "type": "Polygon",
        "coordinates": [
          [
            [
              80.3543019128669,
              7.058443225093615
            ],
            [
              80.3543010760976,
              7.058417204897246
            ],
            [
              80.35430467744592,
              7.058411668679254
            ],
            [
              80.3543120764544,
              7.058412474004702
            ],
            [
              80.35431460891708,
              7.058415769122501
            ],
            [
              80.35431356388091,
              7.058422418745455
            ],
            [
              80.35430810380876,
              7.058429163568515
            ],
            [
              80.35430460868986,
              7.058444285323823
            ],
            [
              80.35430358631717,
              7.058445036485073
            ],
            [
              80.3543019128669,
              7.058443225093615
            ]
          ]
        ]
      },
      "properties": {
        "OBJECTID": 63,
        "Entity": "3DPolyline",
        "Handle": "826D2",
        "Layer": "Contour_Line_Major",
        "LyrFrzn": 0,
        "LyrOn": 1,
        "Color": 35,
        "Linetype": "Continuous",
        "Elevation": 75,
        "LineWt": 25,
        "RefName": "",
        "DocUpdate": 1783359710000,
        "DocId": 1.1061215596273316e+19,
        "t0": null,
        "t00": null,
        "Shape_Length": 8.720910008032195,
        "Shape_Area": 3.136208430787151
      }
    },
    {
      "type": "Feature",
      "id": 64,
      "geometry": {
        "type": "Polygon",
        "coordinates": [
          [
            [
              80.35439535705417,
              7.058488581271362
            ],
            [
              80.35439314167854,
              7.058490378237661
            ],
            [
              80.3543882113535,
              7.058490542375103
            ],
            [
              80.35437694809653,
              7.0584889737021665
            ],
            [
              80.35437483182153,
              7.058485250409315
            ],
            [
              80.35437536450556,
              7.058478510528151
            ],
            [
              80.35437770896706,
              7.058476995956394
            ],
            [
              80.35438523346123,
              7.058478722274186
            ],
            [
              80.35439319544588,
              7.058484902238229
            ],
            [
              80.35439535705417,
              7.058488581271362
            ]
          ]
        ]
      },
      "properties": {
        "OBJECTID": 64,
        "Entity": "3DPolyline",
        "Handle": "826DE",
        "Layer": "Contour_Line_Major",
        "LyrFrzn": 0,
        "LyrOn": 1,
        "Color": 35,
        "Linetype": "Continuous",
        "Elevation": 75,
        "LineWt": 25,
        "RefName": "",
        "DocUpdate": 1783359710000,
        "DocId": 1.1061215596273316e+19,
        "t0": null,
        "t00": null,
        "Shape_Length": 6.083002767363733,
        "Shape_Area": 2.30653260721078
      }
    },
    {
      "type": "Feature",
      "id": 65,
      "geometry": {
        "type": "Polygon",
        "coordinates": [
          [
            [
              80.3540073270722,
              7.058399853689734
            ],
            [
              80.3540026632959,
              7.05840498862876
            ],
            [
              80.35399680433571,
              7.058402295850123
            ],
            [
              80.35399337399039,
              7.058398126608766
            ],
            [
              80.35399310531311,
              7.058394038629398
            ],
            [
              80.35399568927423,
              7.058391536635586
            ],
            [
              80.35399895621178,
              7.058392098352983
            ],
            [
              80.3540073270722,
              7.058399853689734
            ]
          ]
        ]
      },
      "properties": {
        "OBJECTID": 65,
        "Entity": "3DPolyline",
        "Handle": "826EA",
        "Layer": "Contour_Line_Major",
        "LyrFrzn": 0,
        "LyrOn": 1,
        "Color": 35,
        "Linetype": "Continuous",
        "Elevation": 75,
        "LineWt": 25,
        "RefName": "",
        "DocUpdate": 1783359710000,
        "DocId": 1.1061215596273316e+19,
        "t0": null,
        "t00": null,
        "Shape_Length": 4.55282187403061,
        "Shape_Area": 1.3596585298241035
      }
    },
    {
      "type": "Feature",
      "id": 66,
      "geometry": {
        "type": "Polygon",
        "coordinates": [
          [
            [
              80.354138374581,
              7.058216864287138
            ],
            [
              80.35412458915737,
              7.058226784274925
            ],
            [
              80.35411336217612,
              7.058229097019389
            ],
            [
              80.35410016302328,
              7.058229547303981
            ],
            [
              80.35409598962377,
              7.058228420805709
            ],
            [
              80.35408759743267,
              7.058221683950982
            ],
            [
              80.35408284159602,
              7.058212243941608
            ],
            [
              80.35408310323344,
              7.058208350267259
            ],
            [
              80.35408463269675,
              7.058205606206338
            ],
            [
              80.35409217934134,
              7.05820441361464
            ],
            [
              80.35411310915377,
              7.058211106311282
            ],
            [
              80.3541280127076,
              7.05821299932946
            ],
            [
              80.354138374581,
              7.058216864287138
            ]
          ]
        ]
      },
      "properties": {
        "OBJECTID": 66,
        "Entity": "3DPolyline",
        "Handle": "826F4",
        "Layer": "Contour_Line_Major",
        "LyrFrzn": 0,
        "LyrOn": 1,
        "Color": 35,
        "Linetype": "Continuous",
        "Elevation": 75,
        "LineWt": 25,
        "RefName": "",
        "DocUpdate": 1783359710000,
        "DocId": 1.1061215596273316e+19,
        "t0": null,
        "t00": null,
        "Shape_Length": 14.366328299345401,
        "Shape_Area": 10.567984868512207
      }
    },
    {
      "type": "Feature",
      "id": 67,
      "geometry": {
        "type": "Polygon",
        "coordinates": [
          [
            [
              80.35027857956953,
              7.057804465239109
            ],
            [
              80.3502782405997,
              7.057794969837846
            ],
            [
              80.35028171876421,
              7.057787546618061
            ],
            [
              80.35028610757495,
              7.057784176089004
            ],
            [
              80.35029409999704,
              7.057782763472373
            ],
            [
              80.35032113604704,
              7.05778225657342
            ],
            [
              80.35032834363436,
              7.057779419121828
            ],
            [
              80.35033427740707,
              7.057772592696071
            ],
            [
              80.35034147807619,
              7.057769521863957
            ],
            [
              80.35035056051433,
              7.057770796335137
            ],
            [
              80.35035492635829,
              7.05777285661624
            ],
            [
              80.35035691202063,
              7.057776069583359
            ],
            [
              80.35035715769928,
              7.057778447049717
            ],
            [
              80.35034845370738,
              7.057796018238511
            ],
            [
              80.35034047493878,
              7.057804520639549
            ],
            [
              80.35033099653495,
              7.057820334138302
            ],
            [
              80.35030927071152,
              7.057846909057255
            ],
            [
              80.35030317942888,
              7.057868640231144
            ],
            [
              80.3502986167829,
              7.057872653644415
            ],
            [
              80.35029391471022,
              7.057872764689079
            ],
            [
              80.35028573101113,
              7.057869797269077
            ],
            [
              80.35028228384074,
              7.057864086648483
            ],
            [
              80.35027890216546,
              7.057844525841905
            ],
            [
              80.35027955881388,
              7.057813216192797
            ],
            [
              80.35027857956953,
              7.057804465239109
            ]
          ]
        ]
      },
      "properties": {
        "OBJECTID": 67,
        "Entity": "3DPolyline",
        "Handle": "82703",
        "Layer": "Contour_Line_Major",
        "LyrFrzn": 0,
        "LyrOn": 1,
        "Color": 35,
        "Linetype": "Continuous",
        "Elevation": 75,
        "LineWt": 25,
        "RefName": "",
        "DocUpdate": 1783359710000,
        "DocId": 1.1061215596273316e+19,
        "t0": null,
        "t00": null,
        "Shape_Length": 32.700203033980245,
        "Shape_Area": 53.47294804146743
      }
    },
    {
      "type": "Feature",
      "id": 68,
      "geometry": {
        "type": "Polygon",
        "coordinates": [
          [
            [
              80.35275134472668,
              7.057437040270004
            ],
            [
              80.35274813554376,
              7.057438578961642
            ],
            [
              80.35274745868638,
              7.057436331150986
            ],
            [
              80.35275134472668,
              7.057437040270004
            ]
          ]
        ]
      },
      "properties": {
        "OBJECTID": 68,
        "Entity": "3DPolyline",
        "Handle": "8271E",
        "Layer": "Contour_Line_Major",
        "LyrFrzn": 0,
        "LyrOn": 1,
        "Color": 35,
        "Linetype": "Continuous",
        "Elevation": 75,
        "LineWt": 25,
        "RefName": "",
        "DocUpdate": 1783359710000,
        "DocId": 1.1061215596273316e+19,
        "t0": null,
        "t00": null,
        "Shape_Length": 1.0889409221714614,
        "Shape_Area": 0.05039767017471596
      }
    },
    {
      "type": "Feature",
      "id": 69,
      "geometry": {
        "type": "Polygon",
        "coordinates": [
          [
            [
              80.34893436375295,
              7.057323187426153
            ],
            [
              80.34891817087556,
              7.057332344988305
            ],
            [
              80.34891223265036,
              7.057333925977323
            ],
            [
              80.34890493580178,
              7.057331311636667
            ],
            [
              80.34889978218472,
              7.0573247583122924
            ],
            [
              80.34890197185021,
              7.05732193106966
            ],
            [
              80.34891876676367,
              7.057319954564191
            ],
            [
              80.34892796923647,
              7.057319552217376
            ],
            [
              80.34893436375295,
              7.057323187426153
            ]
          ]
        ]
      },
      "properties": {
        "OBJECTID": 69,
        "Entity": "3DPolyline",
        "Handle": "82724",
        "Layer": "Contour_Line_Major",
        "LyrFrzn": 0,
        "LyrOn": 1,
        "Color": 35,
        "Linetype": "Continuous",
        "Elevation": 75,
        "LineWt": 25,
        "RefName": "",
        "DocUpdate": 1783359710000,
        "DocId": 1.1061215596273316e+19,
        "t0": null,
        "t00": null,
        "Shape_Length": 8.604169593265652,
        "Shape_Area": 3.755784662129991
      }
    },
    {
      "type": "Feature",
      "id": 70,
      "geometry": {
        "type": "Polygon",
        "coordinates": [
          [
            [
              80.35300694411755,
              7.057265532418248
            ],
            [
              80.35301142027488,
              7.057274226709245
            ],
            [
              80.35301111872639,
              7.057276210847498
            ],
            [
              80.3530066461831,
              7.057283820857655
            ],
            [
              80.3530039237899,
              7.057285600833035
            ],
            [
              80.35300027122688,
              7.057285633760916
            ],
            [
              80.35299311627061,
              7.057280579235534
            ],
            [
              80.35299196861904,
              7.057273744765296
            ],
            [
              80.35299944189387,
              7.0572634361552185
            ],
            [
              80.35300224796163,
              7.057262690182678
            ],
            [
              80.35300694411755,
              7.057265532418248
            ]
          ]
        ]
      },
      "properties": {
        "OBJECTID": 70,
        "Entity": "3DPolyline",
        "Handle": "8272F",
        "Layer": "Contour_Line_Major",
        "LyrFrzn": 0,
        "LyrOn": 1,
        "Color": 35,
        "Linetype": "Continuous",
        "Elevation": 75,
        "LineWt": 25,
        "RefName": "",
        "DocUpdate": 1783359710000,
        "DocId": 1.1061215596273316e+19,
        "t0": null,
        "t00": null,
        "Shape_Length": 7.109357374490857,
        "Shape_Area": 3.7075868210413403
      }
    },
    {
      "type": "Feature",
      "id": 71,
      "geometry": {
        "type": "Polygon",
        "coordinates": [
          [
            [
              80.3530749774403,
              7.057274672090807
            ],
            [
              80.35307214194822,
              7.057274438408417
            ],
            [
              80.35307397258521,
              7.05727324152822
            ],
            [
              80.3530749774403,
              7.057274672090807
            ]
          ]
        ]
      },
      "properties": {
        "OBJECTID": 71,
        "Entity": "3DPolyline",
        "Handle": "8273C",
        "Layer": "Contour_Line_Major",
        "LyrFrzn": 0,
        "LyrOn": 1,
        "Color": 35,
        "Linetype": "Continuous",
        "Elevation": 75,
        "LineWt": 25,
        "RefName": "",
        "DocUpdate": 1783359710000,
        "DocId": 1.1061215596273316e+19,
        "t0": null,
        "t00": null,
        "Shape_Length": 0.7490700676346954,
        "Shape_Area": 0.02333056004024908
      }
    },
    {
      "type": "Feature",
      "id": 72,
      "geometry": {
        "type": "Polygon",
        "coordinates": [
          [
            [
              80.35301153792777,
              7.057166039613123
            ],
            [
              80.35300579922472,
              7.057168697332369
            ],
            [
              80.35300279442023,
              7.057168461605871
            ],
            [
              80.3530009029013,
              7.0571665558363215
            ],
            [
              80.35300366822369,
              7.057163854196237
            ],
            [
              80.35301153792777,
              7.057166039613123
            ]
          ]
        ]
      },
      "properties": {
        "OBJECTID": 72,
        "Entity": "3DPolyline",
        "Handle": "82742",
        "Layer": "Contour_Line_Major",
        "LyrFrzn": 0,
        "LyrOn": 1,
        "Color": 35,
        "Linetype": "Continuous",
        "Elevation": 75,
        "LineWt": 25,
        "RefName": "",
        "DocUpdate": 1783359710000,
        "DocId": 1.1061215596273316e+19,
        "t0": null,
        "t00": null,
        "Shape_Length": 2.657494889987956,
        "Shape_Area": 0.35340513008850893
      }
    },
    {
      "type": "Feature",
      "id": 73,
      "geometry": {
        "type": "Polygon",
        "coordinates": [
          [
            [
              80.35563419629717,
              7.05639176429929
            ],
            [
              80.35563173015181,
              7.056394856225821
            ],
            [
              80.35562803676189,
              7.056395607322053
            ],
            [
              80.35562617385564,
              7.0563926469101075
            ],
            [
              80.35562640599811,
              7.056390428397806
            ],
            [
              80.35563419629717,
              7.05639176429929
            ]
          ]
        ]
      },
      "properties": {
        "OBJECTID": 73,
        "Entity": "3DPolyline",
        "Handle": "8274A",
        "Layer": "Contour_Line_Major",
        "LyrFrzn": 0,
        "LyrOn": 1,
        "Color": 35,
        "Linetype": "Continuous",
        "Elevation": 75,
        "LineWt": 25,
        "RefName": "",
        "DocUpdate": 1783359710000,
        "DocId": 1.1061215596273316e+19,
        "t0": null,
        "t00": null,
        "Shape_Length": 2.3595171013079765,
        "Shape_Area": 0.3208459042961423
      }
    },
    {
      "type": "Feature",
      "id": 74,
      "geometry": {
        "type": "Polygon",
        "coordinates": [
          [
            [
              80.3557398281366,
              7.056382864702543
            ],
            [
              80.35573630028124,
              7.056386350447794
            ],
            [
              80.35573469717396,
              7.056383432908059
            ],
            [
              80.35573504514593,
              7.056381261591492
            ],
            [
              80.355737407996,
              7.0563808433374176
            ],
            [
              80.3557398281366,
              7.056382864702543
            ]
          ]
        ]
      },
      "properties": {
        "OBJECTID": 74,
        "Entity": "3DPolyline",
        "Handle": "82752",
        "Layer": "Contour_Line_Major",
        "LyrFrzn": 0,
        "LyrOn": 1,
        "Color": 35,
        "Linetype": "Continuous",
        "Elevation": 75,
        "LineWt": 25,
        "RefName": "",
        "DocUpdate": 1783359710000,
        "DocId": 1.1061215596273316e+19,
        "t0": null,
        "t00": null,
        "Shape_Length": 1.7724917447829638,
        "Shape_Area": 0.19909931494858996
      }
    },
    {
      "type": "Feature",
      "id": 75,
      "geometry": {
        "type": "Polygon",
        "coordinates": [
          [
            [
              80.35577019954711,
              7.056364815846278
            ],
            [
              80.3557735790803,
              7.056361862669198
            ],
            [
              80.35577483297942,
              7.056364571683085
            ],
            [
              80.35577019954711,
              7.056364815846278
            ]
          ]
        ]
      },
      "properties": {
        "OBJECTID": 75,
        "Entity": "3DPolyline",
        "Handle": "8275A",
        "Layer": "Contour_Line_Major",
        "LyrFrzn": 0,
        "LyrOn": 1,
        "Color": 35,
        "Linetype": "Continuous",
        "Elevation": 75,
        "LineWt": 25,
        "RefName": "",
        "DocUpdate": 1783359710000,
        "DocId": 1.1061215596273316e+19,
        "t0": null,
        "t00": null,
        "Shape_Length": 1.3383013099482899,
        "Shape_Area": 0.07849966993229643
      }
    },
    {
      "type": "Feature",
      "id": 76,
      "geometry": {
        "type": "Polygon",
        "coordinates": [
          [
            [
              80.35580816751376,
              7.056346777470213
            ],
            [
              80.35579951567532,
              7.056348403650759
            ],
            [
              80.35579108240277,
              7.056355665407277
            ],
            [
              80.35578973662109,
              7.056354579913135
            ],
            [
              80.35578667186209,
              7.056347284199591
            ],
            [
              80.35579075476879,
              7.056330030335579
            ],
            [
              80.35579177823303,
              7.056319316585426
            ],
            [
              80.35579350974244,
              7.056327595501542
            ],
            [
              80.35579788378699,
              7.056336833256707
            ],
            [
              80.35580816751376,
              7.056346777470213
            ]
          ]
        ]
      },
      "properties": {
        "OBJECTID": 76,
        "Entity": "3DPolyline",
        "Handle": "82760",
        "Layer": "Contour_Line_Major",
        "LyrFrzn": 0,
        "LyrOn": 1,
        "Color": 35,
        "Linetype": "Continuous",
        "Elevation": 75,
        "LineWt": 25,
        "RefName": "",
        "DocUpdate": 1783359710000,
        "DocId": 1.1061215596273316e+19,
        "t0": null,
        "t00": null,
        "Shape_Length": 10.063086360046976,
        "Shape_Area": 3.496009694508758
      }
    },
    {
      "type": "Feature",
      "id": 77,
      "geometry": {
        "type": "Polygon",
        "coordinates": [
          [
            [
              80.35582975788864,
              7.056319671108226
            ],
            [
              80.35582874338321,
              7.056327180091162
            ],
            [
              80.35582636777367,
              7.0563289687038955
            ],
            [
              80.35582406593036,
              7.0563271745415745
            ],
            [
              80.35582344124987,
              7.056323851309876
            ],
            [
              80.35582522419409,
              7.0563165396721255
            ],
            [
              80.35582767659756,
              7.056314872373521
            ],
            [
              80.35582975788864,
              7.056319671108226
            ]
          ]
        ]
      },
      "properties": {
        "OBJECTID": 77,
        "Entity": "3DPolyline",
        "Handle": "8276C",
        "Layer": "Contour_Line_Major",
        "LyrFrzn": 0,
        "LyrOn": 1,
        "Color": 35,
        "Linetype": "Continuous",
        "Elevation": 75,
        "LineWt": 25,
        "RefName": "",
        "DocUpdate": 1783359710000,
        "DocId": 1.1061215596273316e+19,
        "t0": null,
        "t00": null,
        "Shape_Length": 3.600254445063814,
        "Shape_Area": 0.7392054250674367
      }
    },
    {
      "type": "Feature",
      "id": 78,
      "geometry": {
        "type": "Polygon",
        "coordinates": [
          [
            [
              80.35584754002248,
              7.056292559490446
            ],
            [
              80.35584591603642,
              7.056294919904139
            ],
            [
              80.35584548184502,
              7.05629199945491
            ],
            [
              80.35584754002248,
              7.056292559490446
            ]
          ]
        ]
      },
      "properties": {
        "OBJECTID": 78,
        "Entity": "3DPolyline",
        "Handle": "82776",
        "Layer": "Contour_Line_Major",
        "LyrFrzn": 0,
        "LyrOn": 1,
        "Color": 35,
        "Linetype": "Continuous",
        "Elevation": 75,
        "LineWt": 25,
        "RefName": "",
        "DocUpdate": 1783359710000,
        "DocId": 1.1061215596273316e+19,
        "t0": null,
        "t00": null,
        "Shape_Length": 0.878652767117877,
        "Shape_Area": 0.03521163993754298
      }
    },
    {
      "type": "Feature",
      "id": 79,
      "geometry": {
        "type": "Polygon",
        "coordinates": [
          [
            [
              80.35632195811972,
              7.056234935330898
            ],
            [
              80.35631987728712,
              7.056251429435876
            ],
            [
              80.35631734774762,
              7.056251913494498
            ],
            [
              80.35631381486577,
              7.056244622565493
            ],
            [
              80.35631269586698,
              7.056230776155728
            ],
            [
              80.35631722290996,
              7.056226927254216
            ],
            [
              80.35632044368279,
              7.056230093961649
            ],
            [
              80.35632195811972,
              7.056234935330898
            ]
          ]
        ]
      },
      "properties": {
        "OBJECTID": 79,
        "Entity": "3DPolyline",
        "Handle": "8277C",
        "Layer": "Contour_Line_Major",
        "LyrFrzn": 0,
        "LyrOn": 1,
        "Color": 35,
        "Linetype": "Continuous",
        "Elevation": 75,
        "LineWt": 25,
        "RefName": "",
        "DocUpdate": 1783359710000,
        "DocId": 1.1061215596273316e+19,
        "t0": null,
        "t00": null,
        "Shape_Length": 6.270027006504449,
        "Shape_Area": 1.97303247183857
      }
    },
    {
      "type": "Feature",
      "id": 80,
      "geometry": {
        "type": "Polygon",
        "coordinates": [
          [
            [
              80.35340955364,
              7.054651975325896
            ],
            [
              80.35340701260371,
              7.054655530260214
            ],
            [
              80.35340312661408,
              7.054656757764693
            ],
            [
              80.3533998620068,
              7.054648009978927
            ],
            [
              80.35340217825977,
              7.05464136302217
            ],
            [
              80.35340420936011,
              7.054640548132211
            ],
            [
              80.35340702684282,
              7.054642656893726
            ],
            [
              80.35340955364,
              7.054651975325896
            ]
          ]
        ]
      },
      "properties": {
        "OBJECTID": 80,
        "Entity": "3DPolyline",
        "Handle": "82786",
        "Layer": "Contour_Line_Major",
        "LyrFrzn": 0,
        "LyrOn": 1,
        "Color": 35,
        "Linetype": "Continuous",
        "Elevation": 75,
        "LineWt": 25,
        "RefName": "",
        "DocUpdate": 1783359710000,
        "DocId": 1.1061215596273316e+19,
        "t0": null,
        "t00": null,
        "Shape_Length": 4.441167152152009,
        "Shape_Area": 1.2492532141387795
      }
    },
    {
      "type": "Feature",
      "id": 81,
      "geometry": {
        "type": "Polygon",
        "coordinates": [
          [
            [
              80.35269624579237,
              7.060503347036775
            ],
            [
              80.35269290386874,
              7.06051177631033
            ],
            [
              80.3526887521875,
              7.060515206889369
            ],
            [
              80.35268651063039,
              7.060512378003579
            ],
            [
              80.35268635286053,
              7.060504071414558
            ],
            [
              80.35268830714081,
              7.060496009267273
            ],
            [
              80.35269104472326,
              7.060492436523031
            ],
            [
              80.3526945892752,
              7.060493914028022
            ],
            [
              80.35269424386021,
              7.060498140453714
            ],
            [
              80.35269624579237,
              7.060503347036775
            ]
          ]
        ]
      },
      "properties": {
        "OBJECTID": 81,
        "Entity": "3DPolyline",
        "Handle": "82790",
        "Layer": "Contour_Line_Major",
        "LyrFrzn": 0,
        "LyrOn": 1,
        "Color": 35,
        "Linetype": "Continuous",
        "Elevation": 80,
        "LineWt": 25,
        "RefName": "",
        "DocUpdate": 1783359710000,
        "DocId": 1.1061215596273316e+19,
        "t0": null,
        "t00": null,
        "Shape_Length": 5.83881331175821,
        "Shape_Area": 1.8383753750094827
      }
    },
    {
      "type": "Feature",
      "id": 82,
      "geometry": {
        "type": "Polygon",
        "coordinates": [
          [
            [
              80.35771599973535,
              7.059986489370436
            ],
            [
              80.35771436945832,
              7.0599934068469645
            ],
            [
              80.35770864319834,
              7.059996222934409
            ],
            [
              80.35770501591836,
              7.059996288495433
            ],
            [
              80.35770002716573,
              7.059994161389749
            ],
            [
              80.35769114778985,
              7.059986090632287
            ],
            [
              80.35768751950746,
              7.059978349118837
            ],
            [
              80.35769003698802,
              7.059975462583308
            ],
            [
              80.35770186464876,
              7.059973559433446
            ],
            [
              80.35770923686697,
              7.0599780588066245
            ],
            [
              80.35771599973535,
              7.059986489370436
            ]
          ]
        ]
      },
      "properties": {
        "OBJECTID": 82,
        "Entity": "3DPolyline",
        "Handle": "8279C",
        "Layer": "Contour_Line_Major",
        "LyrFrzn": 0,
        "LyrOn": 1,
        "Color": 35,
        "Linetype": "Continuous",
        "Elevation": 80,
        "LineWt": 25,
        "RefName": "",
        "DocUpdate": 1783359710000,
        "DocId": 1.1061215596273316e+19,
        "t0": null,
        "t00": null,
        "Shape_Length": 8.656061543649606,
        "Shape_Area": 5.154615974439645
      }
    },
    {
      "type": "Feature",
      "id": 83,
      "geometry": {
        "type": "Polygon",
        "coordinates": [
          [
            [
              80.35729669683417,
              7.059876529785308
            ],
            [
              80.35728952103221,
              7.059885858357765
            ],
            [
              80.35728640739246,
              7.059877210298489
            ],
            [
              80.35728922375269,
              7.059867702954622
            ],
            [
              80.35729058460606,
              7.059867718397123
            ],
            [
              80.35729669683417,
              7.059876529785308
            ]
          ]
        ]
      },
      "properties": {
        "OBJECTID": 83,
        "Entity": "3DPolyline",
        "Handle": "827A9",
        "Layer": "Contour_Line_Major",
        "LyrFrzn": 0,
        "LyrOn": 1,
        "Color": 35,
        "Linetype": "Continuous",
        "Elevation": 80,
        "LineWt": 25,
        "RefName": "",
        "DocUpdate": 1783359710000,
        "DocId": 1.1061215596273316e+19,
        "t0": null,
        "t00": null,
        "Shape_Length": 4.748300142719455,
        "Shape_Area": 1.2143295848958073
      }
    },
    {
      "type": "Feature",
      "id": 84,
      "geometry": {
        "type": "Polygon",
        "coordinates": [
          [
            [
              80.3500801000863,
              7.055995114049056
            ],
            [
              80.35010130753717,
              7.055990235550794
            ],
            [
              80.35012426100499,
              7.055981861635562
            ],
            [
              80.35015167438887,
              7.055982742822731
            ],
            [
              80.3501642646159,
              7.055980636493239
            ],
            [
              80.35018016265394,
              7.055975736128446
            ],
            [
              80.35019295775449,
              7.0559741022518825
            ],
            [
              80.35020220226941,
              7.055975348003242
            ],
            [
              80.3502096962175,
              7.055978157976917
            ],
            [
              80.35024561973566,
              7.05599722225665
            ],
            [
              80.3502604416809,
              7.056008222160686
            ],
            [
              80.35027448961092,
              7.056021728365085
            ],
            [
              80.35029066280147,
              7.056041573811927
            ],
            [
              80.35030473057533,
              7.056062927810553
            ],
            [
              80.35033447807463,
              7.05611322621509
            ],
            [
              80.3503593408797,
              7.056167351251059
            ],
            [
              80.35037183559021,
              7.056185699994682
            ],
            [
              80.35037578531677,
              7.056195270070318
            ],
            [
              80.35037776282513,
              7.056206275616278
            ],
            [
              80.35037892644945,
              7.05624773309404
            ],
            [
              80.35038107919141,
              7.0562577411789285
            ],
            [
              80.3503879351994,
              7.056266121309053
            ],
            [
              80.35040051810753,
              7.0562757640013665
            ],
            [
              80.35040884749243,
              7.056285270521486
            ],
            [
              80.35041598713246,
              7.056298030816572
            ],
            [
              80.35042245153701,
              7.05631648152207
            ],
            [
              80.35043046116857,
              7.056359858004194
            ],
            [
              80.35043183381673,
              7.056419596475957
            ],
            [
              80.35043529339349,
              7.0564339382092065
            ],
            [
              80.35044722065881,
              7.056467044596022
            ],
            [
              80.35044942505509,
              7.056497804652204
            ],
            [
              80.3504565740258,
              7.056530502775761
            ],
            [
              80.3504654115418,
              7.05659378656642
            ],
            [
              80.35046555483935,
              7.056602707314738
            ],
            [
              80.35046171324896,
              7.056629873371853
            ],
            [
              80.35046239840948,
              7.056637846918779
            ],
            [
              80.35046789319121,
              7.05665883169349
            ],
            [
              80.35046734997621,
              7.056679582837173
            ],
            [
              80.35046449407405,
              7.056692694657362
            ],
            [
              80.35045746836084,
              7.05670926776785
            ],
            [
              80.35045068871698,
              7.0567305357702
            ],
            [
              80.35044258392199,
              7.056745021515399
            ],
            [
              80.35042986352607,
              7.056758649668113
            ],
            [
              80.35040743719085,
              7.05677726550218
            ],
            [
              80.35039479799782,
              7.056791746745583
            ],
            [
              80.35038715269,
              7.056802672869379
            ],
            [
              80.35037100446785,
              7.056831783740879
            ],
            [
              80.35034986850435,
              7.056855495722385
            ],
            [
              80.35032384774466,
              7.056892834997793
            ],
            [
              80.35028142234614,
              7.056923045392756
            ],
            [
              80.35025650377938,
              7.056943295866753
            ],
            [
              80.35022229339901,
              7.056963089277521
            ],
            [
              80.35017675767033,
              7.0569719916663
            ],
            [
              80.35014004281447,
              7.056974940906093
            ],
            [
              80.35008622909774,
              7.056966696204479
            ],
            [
              80.35004565566018,
              7.056967433897892
            ],
            [
              80.35003192791612,
              7.056963890706153
            ],
            [
              80.35001089888569,
              7.0569524760129445
            ],
            [
              80.34999204471005,
              7.0569501422847525
            ],
            [
              80.34997827202818,
              7.056950254264613
            ],
            [
              80.34992831115115,
              7.056958723525213
            ],
            [
              80.34990919017737,
              7.056965905155597
            ],
            [
              80.34989148074567,
              7.056966616785889
            ],
            [
              80.34988322538253,
              7.056968301296395
            ],
            [
              80.34987764116805,
              7.0569711943706945
            ],
            [
              80.34986611889761,
              7.056981391455111
            ],
            [
              80.34985323730588,
              7.056989833652523
            ],
            [
              80.34984486061838,
              7.056991515279697
            ],
            [
              80.3498331137653,
              7.056990707448574
            ],
            [
              80.34976442507542,
              7.056971823627808
            ],
            [
              80.3497332418271,
              7.056956377727811
            ],
            [
              80.34972863054958,
              7.056952422998614
            ],
            [
              80.3497245286913,
              7.056945467724022
            ],
            [
              80.34972493434256,
              7.056944157614462
            ],
            [
              80.34974201635009,
              7.056934983169337
            ],
            [
              80.3497620884339,
              7.05692751070519
            ],
            [
              80.34976688905294,
              7.056922955810175
            ],
            [
              80.34976951595968,
              7.056916938868497
            ],
            [
              80.34976981782312,
              7.056889437734555
            ],
            [
              80.34977375117319,
              7.056871811066258
            ],
            [
              80.34978111543963,
              7.056857259176667
            ],
            [
              80.34978069477879,
              7.056834940035394
            ],
            [
              80.34978655781123,
              7.056800944832576
            ],
            [
              80.3497869005388,
              7.056774005473032
            ],
            [
              80.34978464631877,
              7.056745890215824
            ],
            [
              80.34977678084532,
              7.056720581158663
            ],
            [
              80.34977063474173,
              7.056692060674972
            ],
            [
              80.34974318321754,
              7.056677608634308
            ],
            [
              80.34971712516682,
              7.056656660336741
            ],
            [
              80.34968698907826,
              7.056624019734183
            ],
            [
              80.34966788435068,
              7.056600110619824
            ],
            [
              80.34966318106436,
              7.056591370759415
            ],
            [
              80.34964775372251,
              7.056555479838131
            ],
            [
              80.34963367420545,
              7.056510120287946
            ],
            [
              80.34962359814847,
              7.056492259728249
            ],
            [
              80.34962414432614,
              7.056480439090302
            ],
            [
              80.34963535036977,
              7.056439266592741
            ],
            [
              80.34964542765123,
              7.056417978776363
            ],
            [
              80.3497168049372,
              7.056293812859859
            ],
            [
              80.34974222930695,
              7.056255623427429
            ],
            [
              80.34976056724939,
              7.056232731609632
            ],
            [
              80.34981565767768,
              7.056184421012771
            ],
            [
              80.34985041967344,
              7.056159254538937
            ],
            [
              80.34988714394375,
              7.056138479610253
            ],
            [
              80.34991331583257,
              7.056119356142623
            ],
            [
              80.34994797777858,
              7.056090612980185
            ],
            [
              80.34997423332365,
              7.056062143944242
            ],
            [
              80.35000859632203,
              7.056038699140686
            ],
            [
              80.35002551533289,
              7.0560191249872775
            ],
            [
              80.350057305051,
              7.0560015524723765
            ],
            [
              80.3500801000863,
              7.055995114049056
            ]
          ]
        ]
      },
      "properties": {
        "OBJECTID": 84,
        "Entity": "3DPolyline",
        "Handle": "827B1",
        "Layer": "Contour_Line_Major",
        "LyrFrzn": 0,
        "LyrOn": 1,
        "Color": 35,
        "Linetype": "Continuous",
        "Elevation": 80,
        "LineWt": 25,
        "RefName": "",
        "DocUpdate": 1783359710000,
        "DocId": 1.1061215596273316e+19,
        "t0": null,
        "t00": null,
        "Shape_Length": 338.98503621941643,
        "Shape_Area": 7499.017178242565
      }
    },
    {
      "type": "Feature",
      "id": 85,
      "geometry": {
        "type": "Polygon",
        "coordinates": [
          [
            [
              80.3554851583495,
              7.05642924886984
            ],
            [
              80.35548325315216,
              7.056437225172691
            ],
            [
              80.35548030700204,
              7.0564292801627175
            ],
            [
              80.35548348940559,
              7.056425490017774
            ],
            [
              80.3554851583495,
              7.05642924886984
            ]
          ]
        ]
      },
      "properties": {
        "OBJECTID": 85,
        "Entity": "3DPolyline",
        "Handle": "82822",
        "Layer": "Contour_Line_Major",
        "LyrFrzn": 0,
        "LyrOn": 1,
        "Color": 35,
        "Linetype": "Continuous",
        "Elevation": 80,
        "LineWt": 25,
        "RefName": "",
        "DocUpdate": 1783359710000,
        "DocId": 1.1061215596273316e+19,
        "t0": null,
        "t00": null,
        "Shape_Length": 2.8447627299092377,
        "Shape_Area": 0.3475224302008633
      }
    },
    {
      "type": "Feature",
      "id": 86,
      "geometry": {
        "type": "Polygon",
        "coordinates": [
          [
            [
              80.35698508090375,
              7.056429808464973
            ],
            [
              80.35698017032048,
              7.056446517575463
            ],
            [
              80.3569762303611,
              7.056450104976114
            ],
            [
              80.35696781124523,
              7.056450400018169
            ],
            [
              80.35696275889553,
              7.056447803364814
            ],
            [
              80.35695719848279,
              7.056439386209938
            ],
            [
              80.35695639153964,
              7.056434941100063
            ],
            [
              80.35695756443539,
              7.056427463085577
            ],
            [
              80.3569621288364,
              7.0564227856716055
            ],
            [
              80.35696733538617,
              7.056420589387054
            ],
            [
              80.35697125574924,
              7.056421360026683
            ],
            [
              80.35698508090375,
              7.056429808464973
            ]
          ]
        ]
      },
      "properties": {
        "OBJECTID": 86,
        "Entity": "3DPolyline",
        "Handle": "82829",
        "Layer": "Contour_Line_Major",
        "LyrFrzn": 0,
        "LyrOn": 1,
        "Color": 35,
        "Linetype": "Continuous",
        "Elevation": 80,
        "LineWt": 25,
        "RefName": "",
        "DocUpdate": 1783359710000,
        "DocId": 1.1061215596273316e+19,
        "t0": null,
        "t00": null,
        "Shape_Length": 10.100676021263686,
        "Shape_Area": 7.5845869120359195
      }
    },
    {
      "type": "Feature",
      "id": 87,
      "geometry": {
        "type": "Polygon",
        "coordinates": [
          [
            [
              80.35108331251428,
              7.055526149948169
            ],
            [
              80.35108346654916,
              7.05550981511666
            ],
            [
              80.35108563401913,
              7.055504055319658
            ],
            [
              80.35108811602112,
              7.055501946673784
            ],
            [
              80.35109643654593,
              7.055500912592284
            ],
            [
              80.35111247790054,
              7.055505562501137
            ],
            [
              80.35112074241661,
              7.0555109387998005
            ],
            [
              80.35112277772203,
              7.055515562006787
            ],
            [
              80.3511205686945,
              7.055521906077572
            ],
            [
              80.35110788231272,
              7.055535205049823
            ],
            [
              80.3511047818118,
              7.055536728504871
            ],
            [
              80.3510965762507,
              7.055537130474412
            ],
            [
              80.35108766006591,
              7.055534832315801
            ],
            [
              80.35108471339647,
              7.055531220019679
            ],
            [
              80.35108331251428,
              7.055526149948169
            ]
          ]
        ]
      },
      "properties": {
        "OBJECTID": 87,
        "Entity": "3DPolyline",
        "Handle": "82837",
        "Layer": "Contour_Line_Major",
        "LyrFrzn": 0,
        "LyrOn": 1,
        "Color": 35,
        "Linetype": "Continuous",
        "Elevation": 80,
        "LineWt": 25,
        "RefName": "",
        "DocUpdate": 1783359710000,
        "DocId": 1.1061215596273316e+19,
        "t0": null,
        "t00": null,
        "Shape_Length": 13.44064280689371,
        "Shape_Area": 13.336796089656866
      }
    },
    {
      "type": "Feature",
      "id": 88,
      "geometry": {
        "type": "Polygon",
        "coordinates": [
          [
            [
              80.35110489319571,
              7.055607588330965
            ],
            [
              80.35110122490642,
              7.055609821963426
            ],
            [
              80.3510927105866,
              7.055607627480597
            ],
            [
              80.35110253250959,
              7.05560515365282
            ],
            [
              80.35110489319571,
              7.055607588330965
            ]
          ]
        ]
      },
      "properties": {
        "OBJECTID": 88,
        "Entity": "3DPolyline",
        "Handle": "82848",
        "Layer": "Contour_Line_Major",
        "LyrFrzn": 0,
        "LyrOn": 1,
        "Color": 35,
        "Linetype": "Continuous",
        "Elevation": 80,
        "LineWt": 25,
        "RefName": "",
        "DocUpdate": 1783359710000,
        "DocId": 1.1061215596273316e+19,
        "t0": null,
        "t00": null,
        "Shape_Length": 2.939084112216534,
        "Shape_Area": 0.3468953550763172
      }
    },
    {
      "type": "Feature",
      "id": 89,
      "geometry": {
        "type": "Polygon",
        "coordinates": [
          [
            [
              80.35116848189033,
              7.055562449819444
            ],
            [
              80.35116799919489,
              7.055570325862706
            ],
            [
              80.3511645256358,
              7.055573815264626
            ],
            [
              80.35115754759487,
              7.055573740440621
            ],
            [
              80.35115508759242,
              7.055571103912814
            ],
            [
              80.35115481542823,
              7.055563685421155
            ],
            [
              80.35115840474758,
              7.055558992240541
            ],
            [
              80.35116578238434,
              7.0555582001681865
            ],
            [
              80.35116848189033,
              7.055562449819444
            ]
          ]
        ]
      },
      "properties": {
        "OBJECTID": 89,
        "Entity": "3DPolyline",
        "Handle": "8284F",
        "Layer": "Contour_Line_Major",
        "LyrFrzn": 0,
        "LyrOn": 1,
        "Color": 35,
        "Linetype": "Continuous",
        "Elevation": 80,
        "LineWt": 25,
        "RefName": "",
        "DocUpdate": 1783359710000,
        "DocId": 1.1061215596273316e+19,
        "t0": null,
        "t00": null,
        "Shape_Length": 5.435211841426865,
        "Shape_Area": 2.1782669654968716
      }
    },
    {
      "type": "Feature",
      "id": 90,
      "geometry": {
        "type": "Polygon",
        "coordinates": [
          [
            [
              80.35120743632827,
              7.055613068512322
            ],
            [
              80.35120309464779,
              7.055615774283092
            ],
            [
              80.35120008878104,
              7.055615659752522
            ],
            [
              80.35119525875233,
              7.055612093684884
            ],
            [
              80.35119287727632,
              7.055608332926025
            ],
            [
              80.3511913020734,
              7.0555958019857465
            ],
            [
              80.35119268502798,
              7.055589037965705
            ],
            [
              80.35119512002063,
              7.055588177515937
            ],
            [
              80.35120171396959,
              7.0555929409289915
            ],
            [
              80.35120743632827,
              7.055613068512322
            ]
          ]
        ]
      },
      "properties": {
        "OBJECTID": 90,
        "Entity": "3DPolyline",
        "Handle": "8285A",
        "Layer": "Contour_Line_Major",
        "LyrFrzn": 0,
        "LyrOn": 1,
        "Color": 35,
        "Linetype": "Continuous",
        "Elevation": 80,
        "LineWt": 25,
        "RefName": "",
        "DocUpdate": 1783359710000,
        "DocId": 1.1061215596273316e+19,
        "t0": null,
        "t00": null,
        "Shape_Length": 7.709320835489498,
        "Shape_Area": 3.513355180870091
      }
    },
    {
      "type": "Feature",
      "id": 91,
      "geometry": {
        "type": "Polygon",
        "coordinates": [
          [
            [
              80.35128044790585,
              7.0555535600247
            ],
            [
              80.35127001489388,
              7.055557931631938
            ],
            [
              80.35126149251694,
              7.0555589229227405
            ],
            [
              80.35125207101005,
              7.055557340458877
            ],
            [
              80.35124647224058,
              7.055553796841612
            ],
            [
              80.35124860780093,
              7.055550144572166
            ],
            [
              80.3512606907049,
              7.055544328902115
            ],
            [
              80.35126678253206,
              7.055542957946491
            ],
            [
              80.35127086231753,
              7.055544315898988
            ],
            [
              80.35128044790585,
              7.0555535600247
            ]
          ]
        ]
      },
      "properties": {
        "OBJECTID": 91,
        "Entity": "3DPolyline",
        "Handle": "82866",
        "Layer": "Contour_Line_Major",
        "LyrFrzn": 0,
        "LyrOn": 1,
        "Color": 35,
        "Linetype": "Continuous",
        "Elevation": 80,
        "LineWt": 25,
        "RefName": "",
        "DocUpdate": 1783359710000,
        "DocId": 1.1061215596273316e+19,
        "t0": null,
        "t00": null,
        "Shape_Length": 8.569312552693459,
        "Shape_Area": 4.195395789058021
      }
    },
    {
      "type": "Feature",
      "id": 92,
      "geometry": {
        "type": "Polygon",
        "coordinates": [
          [
            [
              80.35130317477397,
              7.055536877553905
            ],
            [
              80.35130200435768,
              7.055547065544904
            ],
            [
              80.35130197380649,
              7.055535190731579
            ],
            [
              80.35130317477397,
              7.055536877553905
            ]
          ]
        ]
      },
      "properties": {
        "OBJECTID": 92,
        "Entity": "3DPolyline",
        "Handle": "82872",
        "Layer": "Contour_Line_Major",
        "LyrFrzn": 0,
        "LyrOn": 1,
        "Color": 35,
        "Linetype": "Continuous",
        "Elevation": 80,
        "LineWt": 25,
        "RefName": "",
        "DocUpdate": 1783359710000,
        "DocId": 1.1061215596273316e+19,
        "t0": null,
        "t00": null,
        "Shape_Length": 2.675370370882577,
        "Shape_Area": 0.08675118028190702
      }
    },
    {
      "type": "Feature",
      "id": 93,
      "geometry": {
        "type": "Polygon",
        "coordinates": [
          [
            [
              80.35385707637529,
              7.054797320900616
            ],
            [
              80.3538561913397,
              7.054809387119664
            ],
            [
              80.35385573261675,
              7.054796741945823
            ],
            [
              80.35385707637529,
              7.054797320900616
            ]
          ]
        ]
      },
      "properties": {
        "OBJECTID": 93,
        "Entity": "3DPolyline",
        "Handle": "82878",
        "Layer": "Contour_Line_Major",
        "LyrFrzn": 0,
        "LyrOn": 1,
        "Color": 35,
        "Linetype": "Continuous",
        "Elevation": 80,
        "LineWt": 25,
        "RefName": "",
        "DocUpdate": 1783359710000,
        "DocId": 1.1061215596273316e+19,
        "t0": null,
        "t00": null,
        "Shape_Length": 2.8980567970940205,
        "Shape_Area": 0.10211613511184209
      }
    },
    {
      "type": "Feature",
      "id": 94,
      "geometry": {
        "type": "Polygon",
        "coordinates": [
          [
            [
              80.3539125369397,
              7.0547088967213405
            ],
            [
              80.35391183743924,
              7.054718407877023
            ],
            [
              80.35391030094667,
              7.0547190470686605
            ],
            [
              80.35390862307162,
              7.054708681453137
            ],
            [
              80.35391058542176,
              7.0547052089325994
            ],
            [
              80.3539125369397,
              7.0547088967213405
            ]
          ]
        ]
      },
      "properties": {
        "OBJECTID": 94,
        "Entity": "3DPolyline",
        "Handle": "8287E",
        "Layer": "Contour_Line_Major",
        "LyrFrzn": 0,
        "LyrOn": 1,
        "Color": 35,
        "Linetype": "Continuous",
        "Elevation": 80,
        "LineWt": 25,
        "RefName": "",
        "DocUpdate": 1783359710000,
        "DocId": 1.1061215596273316e+19,
        "t0": null,
        "t00": null,
        "Shape_Length": 3.301015775386235,
        "Shape_Area": 0.4175163359348243
      }
    },
    {
      "type": "Feature",
      "id": 95,
      "geometry": {
        "type": "Polygon",
        "coordinates": [
          [
            [
              80.35836261634344,
              7.060755399306944
            ],
            [
              80.35836486849544,
              7.060765679773181
            ],
            [
              80.35836016425387,
              7.060790994056108
            ],
            [
              80.35833531212714,
              7.060837342813581
            ],
            [
              80.35833067562119,
              7.060843069403235
            ],
            [
              80.35832323280138,
              7.06084773744104
            ],
            [
              80.35831194834839,
              7.060852294364
            ],
            [
              80.35830362912527,
              7.060851002999592
            ],
            [
              80.35829830270563,
              7.060841594802835
            ],
            [
              80.35829911052562,
              7.060823734892557
            ],
            [
              80.35829288049757,
              7.06079788636645
            ],
            [
              80.35829371591119,
              7.0607784001335085
            ],
            [
              80.3583011462134,
              7.060752592104636
            ],
            [
              80.35830599145592,
              7.060748484022051
            ],
            [
              80.3583109460808,
              7.060746474619657
            ],
            [
              80.35832015678328,
              7.060750011370431
            ],
            [
              80.35833002151442,
              7.060751359132277
            ],
            [
              80.35835046920697,
              7.060747327684137
            ],
            [
              80.35835653866909,
              7.06074842961858
            ],
            [
              80.35836261634344,
              7.060755399306944
            ]
          ]
        ]
      },
      "properties": {
        "OBJECTID": 95,
        "Entity": "3DPolyline",
        "Handle": "828A9",
        "Layer": "Contour_Line_Major",
        "LyrFrzn": 0,
        "LyrOn": 1,
        "Color": 35,
        "Linetype": "Continuous",
        "Elevation": 85,
        "LineWt": 25,
        "RefName": "",
        "DocUpdate": 1783359710000,
        "DocId": 1.1061215596273316e+19,
        "t0": null,
        "t00": null,
        "Shape_Length": 32.60449259528649,
        "Shape_Area": 67.38459381628901
      }
    },
    {
      "type": "Feature",
      "id": 96,
      "geometry": {
        "type": "Polygon",
        "coordinates": [
          [
            [
              80.35801304850935,
              7.060655419180011
            ],
            [
              80.35802300015635,
              7.060652828706349
            ],
            [
              80.35803191585455,
              7.060655582630587
            ],
            [
              80.35802154156632,
              7.06066393895692
            ],
            [
              80.35801390322305,
              7.060665942854389
            ],
            [
              80.35801271498784,
              7.060664188223461
            ],
            [
              80.35801304850935,
              7.060655419180011
            ]
          ]
        ]
      },
      "properties": {
        "OBJECTID": 96,
        "Entity": "3DPolyline",
        "Handle": "828BF",
        "Layer": "Contour_Line_Major",
        "LyrFrzn": 0,
        "LyrOn": 1,
        "Color": 35,
        "Linetype": "Continuous",
        "Elevation": 85,
        "LineWt": 25,
        "RefName": "",
        "DocUpdate": 1783359710000,
        "DocId": 1.1061215596273316e+19,
        "t0": null,
        "t00": null,
        "Shape_Length": 5.7148483179936775,
        "Shape_Area": 1.8495652093581454
      }
    },
    {
      "type": "Feature",
      "id": 97,
      "geometry": {
        "type": "Polygon",
        "coordinates": [
          [
            [
              80.35711430762129,
              7.0606427808621355
            ],
            [
              80.35711069501232,
              7.060647956176343
            ],
            [
              80.35710832431286,
              7.060647486167851
            ],
            [
              80.35710664347769,
              7.0606451076291235
            ],
            [
              80.35710547739997,
              7.060637144274404
            ],
            [
              80.35710831994518,
              7.060631631410806
            ],
            [
              80.35711289976263,
              7.060636149559477
            ],
            [
              80.35711430762129,
              7.0606427808621355
            ]
          ]
        ]
      },
      "properties": {
        "OBJECTID": 97,
        "Entity": "3DPolyline",
        "Handle": "828C8",
        "Layer": "Contour_Line_Major",
        "LyrFrzn": 0,
        "LyrOn": 1,
        "Color": 35,
        "Linetype": "Continuous",
        "Elevation": 85,
        "LineWt": 25,
        "RefName": "",
        "DocUpdate": 1783359710000,
        "DocId": 1.1061215596273316e+19,
        "t0": null,
        "t00": null,
        "Shape_Length": 4.321964899839083,
        "Shape_Area": 1.1511799802827336
      }
    },
    {
      "type": "Feature",
      "id": 98,
      "geometry": {
        "type": "Polygon",
        "coordinates": [
          [
            [
              80.35794452706858,
              7.060510598705677
            ],
            [
              80.35794087903135,
              7.060515865336921
            ],
            [
              80.35793297841369,
              7.060518307573591
            ],
            [
              80.35792444487,
              7.060515513469375
            ],
            [
              80.35792135023522,
              7.060508174306751
            ],
            [
              80.35792255540669,
              7.060504868971906
            ],
            [
              80.35792665177185,
              7.060501474448278
            ],
            [
              80.35793748290708,
              7.060499973346462
            ],
            [
              80.35794231204594,
              7.060501634393085
            ],
            [
              80.35794452706858,
              7.060510598705677
            ]
          ]
        ]
      },
      "properties": {
        "OBJECTID": 98,
        "Entity": "3DPolyline",
        "Handle": "828D2",
        "Layer": "Contour_Line_Major",
        "LyrFrzn": 0,
        "LyrOn": 1,
        "Color": 35,
        "Linetype": "Continuous",
        "Elevation": 85,
        "LineWt": 25,
        "RefName": "",
        "DocUpdate": 1783359710000,
        "DocId": 1.1061215596273316e+19,
        "t0": null,
        "t00": null,
        "Shape_Length": 7.262925323371646,
        "Shape_Area": 3.8839916687990015
      }
    },
    {
      "type": "Feature",
      "id": 99,
      "geometry": {
        "type": "Polygon",
        "coordinates": [
          [
            [
              80.35819206643181,
              7.0599501252760195
            ],
            [
              80.35818456487465,
              7.059923841726089
            ],
            [
              80.35818491641734,
              7.059912504721256
            ],
            [
              80.35819054320027,
              7.059904999362039
            ],
            [
              80.35819610438372,
              7.059901731676424
            ],
            [
              80.35820426610424,
              7.059900350817238
            ],
            [
              80.3582136281235,
              7.059901825428485
            ],
            [
              80.35822216253452,
              7.059909239911673
            ],
            [
              80.35823454161547,
              7.059931638843954
            ],
            [
              80.35823550108252,
              7.05994105369816
            ],
            [
              80.3582297892318,
              7.05996101082111
            ],
            [
              80.35823058943726,
              7.059967728121786
            ],
            [
              80.35823224244714,
              7.059969932947111
            ],
            [
              80.35824554872076,
              7.059974577059161
            ],
            [
              80.35826338187783,
              7.059973535134511
            ],
            [
              80.35827278024225,
              7.059974918436289
            ],
            [
              80.35828064897764,
              7.059978521181368
            ],
            [
              80.3582908296113,
              7.059985840237302
            ],
            [
              80.35831397273363,
              7.060005485178041
            ],
            [
              80.35832540182386,
              7.0600234234259975
            ],
            [
              80.35833645900593,
              7.060037254556398
            ],
            [
              80.35834178220811,
              7.060047678544869
            ],
            [
              80.3583411473785,
              7.060056962762106
            ],
            [
              80.35833431905995,
              7.060071709112559
            ],
            [
              80.35831736772823,
              7.0600865998359
            ],
            [
              80.35830456382203,
              7.060110974019167
            ],
            [
              80.3582991458155,
              7.060117440351762
            ],
            [
              80.35828900565176,
              7.060149741957072
            ],
            [
              80.3582660226371,
              7.060169627386442
            ],
            [
              80.35824846572811,
              7.060198850594461
            ],
            [
              80.35822920690076,
              7.060210766730447
            ],
            [
              80.3582224565179,
              7.060222174533426
            ],
            [
              80.35821527932288,
              7.060229237249749
            ],
            [
              80.3582104272186,
              7.060231101161899
            ],
            [
              80.35819740695825,
              7.06023112757506
            ],
            [
              80.35817721541092,
              7.060227360438053
            ],
            [
              80.35815836883229,
              7.0602344776555315
            ],
            [
              80.35812828517857,
              7.0602492318114045
            ],
            [
              80.35812153927534,
              7.060251475737239
            ],
            [
              80.358112426161,
              7.0602520330598875
            ],
            [
              80.35810403915305,
              7.060248690105868
            ],
            [
              80.3580957898678,
              7.060233454466394
            ],
            [
              80.35808042235105,
              7.0602133778927785
            ],
            [
              80.35806144653863,
              7.060195358702743
            ],
            [
              80.35805432866526,
              7.060185660396078
            ],
            [
              80.35805402850144,
              7.060180742006242
            ],
            [
              80.35805640378118,
              7.06017263427569
            ],
            [
              80.35806063978573,
              7.060165149618625
            ],
            [
              80.35806756241392,
              7.060157531167799
            ],
            [
              80.35808367068691,
              7.060146657255596
            ],
            [
              80.35810109920297,
              7.060137672026758
            ],
            [
              80.35816133381795,
              7.060123697451012
            ],
            [
              80.35817928604112,
              7.0601137903099165
            ],
            [
              80.35818419089381,
              7.060113727407132
            ],
            [
              80.35821464907495,
              7.060121538384739
            ],
            [
              80.35822333116971,
              7.06012100127139
            ],
            [
              80.35826036213288,
              7.060112902309348
            ],
            [
              80.35824945613103,
              7.060108290443871
            ],
            [
              80.35824447810855,
              7.060104287345132
            ],
            [
              80.35822800674869,
              7.060081662076824
            ],
            [
              80.35822534097376,
              7.060067325089643
            ],
            [
              80.35822696694132,
              7.060058930493032
            ],
            [
              80.35823142908541,
              7.06004897494526
            ],
            [
              80.3582313978134,
              7.060040130322564
            ],
            [
              80.35822291461687,
              7.060022489194973
            ],
            [
              80.35821533338708,
              7.060015909102863
            ],
            [
              80.35821184800191,
              7.060015505407377
            ],
            [
              80.35820786991401,
              7.06001717695057
            ],
            [
              80.35819798166085,
              7.060030280065793
            ],
            [
              80.35819349274622,
              7.060034037677045
            ],
            [
              80.35817621557165,
              7.060044244245335
            ],
            [
              80.35816440981414,
              7.060049306086564
            ],
            [
              80.35815681261246,
              7.060050372941852
            ],
            [
              80.35814778332409,
              7.060049237988936
            ],
            [
              80.35814000237953,
              7.060041720518828
            ],
            [
              80.35813987364412,
              7.060039211151353
            ],
            [
              80.3581416187358,
              7.060037015522819
            ],
            [
              80.3581527329504,
              7.0600258868942705
            ],
            [
              80.35815867109106,
              7.060013209811545
            ],
            [
              80.3581628817851,
              7.060008320239997
            ],
            [
              80.35818005490428,
              7.059998061970262
            ],
            [
              80.35818902473191,
              7.0599897824016695
            ],
            [
              80.35819256075736,
              7.059983005938558
            ],
            [
              80.3581944342415,
              7.05997502777032
            ],
            [
              80.35819420673141,
              7.059960752027232
            ],
            [
              80.35819206643181,
              7.0599501252760195
            ]
          ]
        ]
      },
      "properties": {
        "OBJECTID": 99,
        "Entity": "3DPolyline",
        "Handle": "828DE",
        "Layer": "Contour_Line_Major",
        "LyrFrzn": 0,
        "LyrOn": 1,
        "Color": 35,
        "Linetype": "Continuous",
        "Elevation": 85,
        "LineWt": 25,
        "RefName": "",
        "DocUpdate": 1783359710000,
        "DocId": 1.1061215596273316e+19,
        "t0": null,
        "t00": null,
        "Shape_Length": 141.4407906468619,
        "Shape_Area": 489.7812171612885
      }
    },
    {
      "type": "Feature",
      "id": 100,
      "geometry": {
        "type": "Polygon",
        "coordinates": [
          [
            [
              80.35840575673969,
              7.060248916939162
            ],
            [
              80.35840734820049,
              7.060257679585303
            ],
            [
              80.35840452202002,
              7.060274328257504
            ],
            [
              80.35839990739807,
              7.060281920037544
            ],
            [
              80.35839495070913,
              7.060286088572535
            ],
            [
              80.35838759533115,
              7.060286443891825
            ],
            [
              80.35837620524711,
              7.060284218440957
            ],
            [
              80.35836192419899,
              7.060279288061616
            ],
            [
              80.35835663447492,
              7.060275450065808
            ],
            [
              80.3583559892445,
              7.060268626242785
            ],
            [
              80.35835903204764,
              7.060259702629773
            ],
            [
              80.35837291367366,
              7.060245665186975
            ],
            [
              80.35837859528172,
              7.060241741874489
            ],
            [
              80.35838715039255,
              7.060239396410724
            ],
            [
              80.35839428919249,
              7.060239826837732
            ],
            [
              80.3583973411508,
              7.060240686728069
            ],
            [
              80.35840575673969,
              7.060248916939162
            ]
          ]
        ]
      },
      "properties": {
        "OBJECTID": 100,
        "Entity": "3DPolyline",
        "Handle": "82936",
        "Layer": "Contour_Line_Major",
        "LyrFrzn": 0,
        "LyrOn": 1,
        "Color": 35,
        "Linetype": "Continuous",
        "Elevation": 85,
        "LineWt": 25,
        "RefName": "",
        "DocUpdate": 1783359710000,
        "DocId": 1.1061215596273316e+19,
        "t0": null,
        "t00": null,
        "Shape_Length": 17.1996556071229,
        "Shape_Area": 22.02302767660642
      }
    },
    {
      "type": "Feature",
      "id": 101,
      "geometry": {
        "type": "Polygon",
        "coordinates": [
          [
            [
              80.35841337080504,
              7.059570523335697
            ],
            [
              80.35841703379705,
              7.059592511377902
            ],
            [
              80.35842567609585,
              7.05961099575113
            ],
            [
              80.3584271126114,
              7.059625099485735
            ],
            [
              80.35842508307174,
              7.059637914914327
            ],
            [
              80.35840699187106,
              7.059659992445277
            ],
            [
              80.35840743995185,
              7.059662702154985
            ],
            [
              80.35841317264659,
              7.0596696686538625
            ],
            [
              80.35841655234216,
              7.059678435567818
            ],
            [
              80.3584148924902,
              7.059732460481966
            ],
            [
              80.35841892899269,
              7.059741620868814
            ],
            [
              80.35842710718717,
              7.059753254531923
            ],
            [
              80.3584342601131,
              7.059778259486489
            ],
            [
              80.35844997204526,
              7.059805972638765
            ],
            [
              80.35846445201219,
              7.059838043069242
            ],
            [
              80.35849076525226,
              7.059877280147036
            ],
            [
              80.35850014202303,
              7.059896967661203
            ],
            [
              80.35849875470333,
              7.059904990821974
            ],
            [
              80.35848560306547,
              7.0599202051739836
            ],
            [
              80.3584787717572,
              7.0599259531713665
            ],
            [
              80.35847124426063,
              7.05992834618172
            ],
            [
              80.35846630468575,
              7.059927982097664
            ],
            [
              80.35845852857324,
              7.059924184102624
            ],
            [
              80.35844780555888,
              7.059912936797137
            ],
            [
              80.35841186716797,
              7.059883801035352
            ],
            [
              80.35839531273193,
              7.0598649548214345
            ],
            [
              80.3583936424003,
              7.059860864009489
            ],
            [
              80.35839426841032,
              7.059854694106823
            ],
            [
              80.35840789106751,
              7.059828169147825
            ],
            [
              80.35840464756423,
              7.059795469229815
            ],
            [
              80.35840064242545,
              7.05978654587513
            ],
            [
              80.35839333612824,
              7.05977822764049
            ],
            [
              80.35838587186606,
              7.059764955934264
            ],
            [
              80.3583737049028,
              7.059733833020853
            ],
            [
              80.35836919042234,
              7.059718033566476
            ],
            [
              80.35837187839189,
              7.059651860301893
            ],
            [
              80.35836635095116,
              7.05962603987874
            ],
            [
              80.35836514614768,
              7.059594251825277
            ],
            [
              80.35835866376983,
              7.059569528199075
            ],
            [
              80.35837039319277,
              7.059524568850507
            ],
            [
              80.35837669874978,
              7.059511364018183
            ],
            [
              80.35839067658787,
              7.059498451950918
            ],
            [
              80.3584128393619,
              7.059488990193123
            ],
            [
              80.35842169511679,
              7.059488578140122
            ],
            [
              80.35842370692754,
              7.05948994585513
            ],
            [
              80.35842462888607,
              7.059497014284221
            ],
            [
              80.35842319798878,
              7.0595051224116325
            ],
            [
              80.35841120844736,
              7.059531870325208
            ],
            [
              80.35840510635042,
              7.05955118197906
            ],
            [
              80.35840710956091,
              7.059561421398661
            ],
            [
              80.35841337080504,
              7.059570523335697
            ]
          ]
        ]
      },
      "properties": {
        "OBJECTID": 101,
        "Entity": "3DPolyline",
        "Handle": "82949",
        "Layer": "Contour_Line_Major",
        "LyrFrzn": 0,
        "LyrOn": 1,
        "Color": 35,
        "Linetype": "Continuous",
        "Elevation": 85,
        "LineWt": 25,
        "RefName": "",
        "DocUpdate": 1783359710000,
        "DocId": 1.1061215596273316e+19,
        "t0": null,
        "t00": null,
        "Shape_Length": 112.37247744301244,
        "Shape_Area": 270.527201996618
      }
    },
    {
      "type": "Feature",
      "id": 102,
      "geometry": {
        "type": "Polygon",
        "coordinates": [
          [
            [
              80.35785253109789,
              7.0595516611185305
            ],
            [
              80.35785049207057,
              7.059553616638849
            ],
            [
              80.35784568728849,
              7.05955399807397
            ],
            [
              80.35783317644618,
              7.059551661620113
            ],
            [
              80.3578352317839,
              7.059549697076935
            ],
            [
              80.35784302736796,
              7.059548558136111
            ],
            [
              80.35784817141554,
              7.059549031956931
            ],
            [
              80.35785253109789,
              7.0595516611185305
            ]
          ]
        ]
      },
      "properties": {
        "OBJECTID": 102,
        "Entity": "3DPolyline",
        "Handle": "8297E",
        "Layer": "Contour_Line_Major",
        "LyrFrzn": 0,
        "LyrOn": 1,
        "Color": 35,
        "Linetype": "Continuous",
        "Elevation": 85,
        "LineWt": 25,
        "RefName": "",
        "DocUpdate": 1783359710000,
        "DocId": 1.1061215596273316e+19,
        "t0": null,
        "t00": null,
        "Shape_Length": 4.567451940861744,
        "Shape_Area": 0.8445652405612192
      }
    },
    {
      "type": "Feature",
      "id": 103,
      "geometry": {
        "type": "Polygon",
        "coordinates": [
          [
            [
              80.35347586139778,
              7.057718451129711
            ],
            [
              80.35347815006696,
              7.057710163304589
            ],
            [
              80.353490983067,
              7.057708002047798
            ],
            [
              80.35350787185456,
              7.057700370335183
            ],
            [
              80.35351797054268,
              7.057700094870271
            ],
            [
              80.35352667317692,
              7.057703643667336
            ],
            [
              80.35353158044063,
              7.057708346825329
            ],
            [
              80.35353837066579,
              7.057717210752373
            ],
            [
              80.35354384856274,
              7.057727634998928
            ],
            [
              80.35354852838417,
              7.057745516055942
            ],
            [
              80.35354993719086,
              7.057769039613364
            ],
            [
              80.3535483260362,
              7.057786282398953
            ],
            [
              80.35354124238462,
              7.05781465427691
            ],
            [
              80.35354143221407,
              7.0578279277304325
            ],
            [
              80.35354614741746,
              7.057844453838567
            ],
            [
              80.35354719406014,
              7.057853616449031
            ],
            [
              80.35354279949206,
              7.0578689793676155
            ],
            [
              80.35354382360097,
              7.057872196418613
            ],
            [
              80.35355259393968,
              7.057883723334399
            ],
            [
              80.35355400802105,
              7.057888439744958
            ],
            [
              80.35355266169253,
              7.057894273959464
            ],
            [
              80.35354364328943,
              7.057908174167726
            ],
            [
              80.35353472816887,
              7.057912242190826
            ],
            [
              80.35352555682181,
              7.057911082533766
            ],
            [
              80.3535169554714,
              7.057904358948317
            ],
            [
              80.35349528213835,
              7.057880836267682
            ],
            [
              80.35348436823551,
              7.057875470808175
            ],
            [
              80.3534706364374,
              7.057874151966258
            ],
            [
              80.35343562136724,
              7.057881408511451
            ],
            [
              80.35338994370035,
              7.0578992460403205
            ],
            [
              80.35339458241958,
              7.057906944657487
            ],
            [
              80.35340908376709,
              7.057918098704635
            ],
            [
              80.35341304970906,
              7.057926478411278
            ],
            [
              80.35341504890471,
              7.057936265568058
            ],
            [
              80.35340881389999,
              7.057944877177462
            ],
            [
              80.3534019828548,
              7.0579465040233655
            ],
            [
              80.35339299697948,
              7.0579454468334175
            ],
            [
              80.3533640549403,
              7.057934232979853
            ],
            [
              80.35333692228234,
              7.057944963008782
            ],
            [
              80.35332554295313,
              7.057945491774629
            ],
            [
              80.35329962936359,
              7.057934444025438
            ],
            [
              80.35328843709759,
              7.057933929212813
            ],
            [
              80.35327996358856,
              7.0579375166284875
            ],
            [
              80.35326506148022,
              7.057951548881405
            ],
            [
              80.35325769964493,
              7.05795593202132
            ],
            [
              80.35324052123168,
              7.057962168524774
            ],
            [
              80.35321676373702,
              7.0579639799564715
            ],
            [
              80.35320649184263,
              7.05796900942568
            ],
            [
              80.35320289535835,
              7.057974949065103
            ],
            [
              80.35319265609118,
              7.0580008218467745
            ],
            [
              80.35318814885687,
              7.058005372662714
            ],
            [
              80.35316788378138,
              7.058012285098214
            ],
            [
              80.3531631810976,
              7.058012181795383
            ],
            [
              80.35315560722945,
              7.05800885526292
            ],
            [
              80.35315167921104,
              7.057999249958131
            ],
            [
              80.35314553451843,
              7.057966294552854
            ],
            [
              80.35313466507543,
              7.0579406512158105
            ],
            [
              80.35313279895949,
              7.057926318035189
            ],
            [
              80.35312564575949,
              7.05789847458495
            ],
            [
              80.35312188786679,
              7.057871335048115
            ],
            [
              80.3531258694507,
              7.057832585638836
            ],
            [
              80.35312839395512,
              7.057823346569022
            ],
            [
              80.35313600539199,
              7.057811352994814
            ],
            [
              80.35315877778434,
              7.057789966905008
            ],
            [
              80.35317200290122,
              7.0577753724222605
            ],
            [
              80.35319119078417,
              7.057745431670473
            ],
            [
              80.35320511671198,
              7.057741265671127
            ],
            [
              80.35321099125021,
              7.05773794601649
            ],
            [
              80.35321993615807,
              7.0577248136660025
            ],
            [
              80.35322832914427,
              7.057717919148765
            ],
            [
              80.35324310327034,
              7.057709978782079
            ],
            [
              80.35325213742618,
              7.057708212978443
            ],
            [
              80.35327296143406,
              7.057708914808334
            ],
            [
              80.35330769913169,
              7.05772013488704
            ],
            [
              80.35331657141384,
              7.057720182456498
            ],
            [
              80.35332877214255,
              7.057716917696481
            ],
            [
              80.3533356155205,
              7.057717492513853
            ],
            [
              80.35334997314239,
              7.057723251698692
            ],
            [
              80.3533632927607,
              7.057726673023498
            ],
            [
              80.35338073372458,
              7.057738059087086
            ],
            [
              80.35338698081446,
              7.057737046518061
            ],
            [
              80.3533956623561,
              7.057728393975536
            ],
            [
              80.3534008284319,
              7.057725370929907
            ],
            [
              80.35341777828015,
              7.057723325731908
            ],
            [
              80.35343244212469,
              7.057726994951229
            ],
            [
              80.35345330735987,
              7.05774039744816
            ],
            [
              80.35346218661368,
              7.057740641309272
            ],
            [
              80.35346513978425,
              7.057738940345805
            ],
            [
              80.3534712209094,
              7.0577309463215485
            ],
            [
              80.35347586139778,
              7.057718451129711
            ]
          ]
        ]
      },
      "properties": {
        "OBJECTID": 103,
        "Entity": "3DPolyline",
        "Handle": "82988",
        "Layer": "Contour_Line_Major",
        "LyrFrzn": 0,
        "LyrOn": 1,
        "Color": 35,
        "Linetype": "Continuous",
        "Elevation": 85,
        "LineWt": 25,
        "RefName": "",
        "DocUpdate": 1783359710000,
        "DocId": 1.1061215596273316e+19,
        "t0": null,
        "t00": null,
        "Shape_Length": 157.10619878940497,
        "Shape_Area": 1044.7312343810252
      }
    },
    {
      "type": "Feature",
      "id": 104,
      "geometry": {
        "type": "Polygon",
        "coordinates": [
          [
            [
              80.34927849115202,
              7.05719703206745
            ],
            [
              80.3492707848533,
              7.0572055764381405
            ],
            [
              80.34925106701513,
              7.05722195182899
            ],
            [
              80.34924286229999,
              7.0572359878545905
            ],
            [
              80.34923959706211,
              7.057237462220894
            ],
            [
              80.34923069273187,
              7.05723703462446
            ],
            [
              80.34922395914792,
              7.057232413905836
            ],
            [
              80.34922268715331,
              7.0572245372310105
            ],
            [
              80.3492239564901,
              7.0572168160614694
            ],
            [
              80.34923315215289,
              7.057207675868892
            ],
            [
              80.34923879214001,
              7.057197269794123
            ],
            [
              80.34925152702289,
              7.057186266665701
            ],
            [
              80.34925830496789,
              7.05718376059655
            ],
            [
              80.34926740529126,
              7.0571851834565935
            ],
            [
              80.34927251567275,
              7.057188337465904
            ],
            [
              80.34927849115202,
              7.05719703206745
            ]
          ]
        ]
      },
      "properties": {
        "OBJECTID": 104,
        "Entity": "3DPolyline",
        "Handle": "829E4",
        "Layer": "Contour_Line_Major",
        "LyrFrzn": 0,
        "LyrOn": 1,
        "Color": 35,
        "Linetype": "Continuous",
        "Elevation": 85,
        "LineWt": 25,
        "RefName": "",
        "DocUpdate": 1783359710000,
        "DocId": 1.1061215596273316e+19,
        "t0": null,
        "t00": null,
        "Shape_Length": 18.175455637653307,
        "Shape_Area": 18.88963464641977
      }
    },
    {
      "type": "Feature",
      "id": 105,
      "geometry": {
        "type": "Polygon",
        "coordinates": [
          [
            [
              80.35215038153599,
              7.0554281326246935
            ],
            [
              80.35217234140634,
              7.055406938113627
            ],
            [
              80.35218919909178,
              7.055396228256953
            ],
            [
              80.35220748368278,
              7.055387508553507
            ],
            [
              80.35221588460928,
              7.055385951740301
            ],
            [
              80.35224300560944,
              7.055386116906777
            ],
            [
              80.35226038272967,
              7.055384075954345
            ],
            [
              80.35226964503514,
              7.055384897460651
            ],
            [
              80.35228509135426,
              7.0553896767579145
            ],
            [
              80.35231945160693,
              7.055411091416459
            ],
            [
              80.35236965600497,
              7.055427270875767
            ],
            [
              80.35240140515631,
              7.055447274446086
            ],
            [
              80.35243864821277,
              7.055491560717721
            ],
            [
              80.35245732826426,
              7.055508404698518
            ],
            [
              80.35248336980948,
              7.055523694037405
            ],
            [
              80.35252091023146,
              7.0555533778559765
            ],
            [
              80.35258699231113,
              7.05559885287295
            ],
            [
              80.3526389022478,
              7.055628950986772
            ],
            [
              80.3526648260115,
              7.055645607814642
            ],
            [
              80.35269463822034,
              7.0556703584104605
            ],
            [
              80.3527124556708,
              7.05568832100443
            ],
            [
              80.35272321485128,
              7.055703996186008
            ],
            [
              80.35273641304438,
              7.055736122866586
            ],
            [
              80.35274187755113,
              7.055757463065013
            ],
            [
              80.35274228024387,
              7.055775223321185
            ],
            [
              80.3527315709933,
              7.05582593677094
            ],
            [
              80.35272675863163,
              7.055894375580047
            ],
            [
              80.3527276436767,
              7.05592664891138
            ],
            [
              80.35273505156647,
              7.055971217624637
            ],
            [
              80.35274671868633,
              7.056004645621804
            ],
            [
              80.35274961987957,
              7.056031230395568
            ],
            [
              80.35276342740288,
              7.05606664048885
            ],
            [
              80.35276564220615,
              7.056085457043775
            ],
            [
              80.35276552271436,
              7.056099127159861
            ],
            [
              80.35276070307202,
              7.056137608567009
            ],
            [
              80.35275170817623,
              7.056173706155216
            ],
            [
              80.35274896801624,
              7.05620587857932
            ],
            [
              80.35273299980211,
              7.056236535653248
            ],
            [
              80.35272588766148,
              7.056260636250796
            ],
            [
              80.35271395912847,
              7.056289589347934
            ],
            [
              80.35270754606411,
              7.056314931940269
            ],
            [
              80.35270306534537,
              7.056326475772238
            ],
            [
              80.35269572331711,
              7.0563394285250345
            ],
            [
              80.35268195689574,
              7.05635589735402
            ],
            [
              80.35267432596703,
              7.056370853257242
            ],
            [
              80.35266467567546,
              7.056384034370442
            ],
            [
              80.35265624344231,
              7.056406807987752
            ],
            [
              80.35264703002635,
              7.056420962084503
            ],
            [
              80.35264010730572,
              7.056427980744392
            ],
            [
              80.35262185709364,
              7.0564412557619605
            ],
            [
              80.35259151963355,
              7.056469328537885
            ],
            [
              80.35258556266152,
              7.056472686062214
            ],
            [
              80.35254321240467,
              7.056486084138623
            ],
            [
              80.35251417006289,
              7.056505429009995
            ],
            [
              80.35245231758273,
              7.05655214400738
            ],
            [
              80.35242218465655,
              7.056585483273691
            ],
            [
              80.35241263616614,
              7.056593813485249
            ],
            [
              80.35240559113866,
              7.056605440591742
            ],
            [
              80.35240031068223,
              7.056626921467669
            ],
            [
              80.35238700970235,
              7.056649854759154
            ],
            [
              80.35237832985504,
              7.056677484489706
            ],
            [
              80.3523665005583,
              7.056692343203636
            ],
            [
              80.35234439081202,
              7.056725565149686
            ],
            [
              80.35232726307524,
              7.056744223711136
            ],
            [
              80.35231680885256,
              7.056765792383786
            ],
            [
              80.3523047972018,
              7.056784816239396
            ],
            [
              80.35229374939176,
              7.0567956924506765
            ],
            [
              80.35228007105192,
              7.056819773072958
            ],
            [
              80.35226330336971,
              7.05683864831559
            ],
            [
              80.35222426050912,
              7.056876217484854
            ],
            [
              80.35220716612233,
              7.05688586055886
            ],
            [
              80.35217975996068,
              7.056894713228587
            ],
            [
              80.35216912449137,
              7.056903366654703
            ],
            [
              80.35215207260644,
              7.056912395604311
            ],
            [
              80.35212930428195,
              7.0569269532953784
            ],
            [
              80.35210118687657,
              7.056934194895762
            ],
            [
              80.35207841200047,
              7.056943044941612
            ],
            [
              80.35206080519576,
              7.056944180120727
            ],
            [
              80.35203753304802,
              7.0569427494024755
            ],
            [
              80.35202329987324,
              7.056940637449718
            ],
            [
              80.3519911900898,
              7.0569318387604705
            ],
            [
              80.351957890406,
              7.056928365240095
            ],
            [
              80.35193627427358,
              7.056921742960045
            ],
            [
              80.35191490850022,
              7.056920648656836
            ],
            [
              80.35190314122696,
              7.05691824343562
            ],
            [
              80.35185280212121,
              7.056899869318606
            ],
            [
              80.35181924434809,
              7.056894476001203
            ],
            [
              80.35178349173049,
              7.056876774302441
            ],
            [
              80.35170699946225,
              7.056851075088521
            ],
            [
              80.35167934260265,
              7.0568500878188285
            ],
            [
              80.35164952555395,
              7.056844422896372
            ],
            [
              80.35162048224217,
              7.05684100320479
            ],
            [
              80.3515952867381,
              7.056827374816362
            ],
            [
              80.3515709210605,
              7.0568231819075375
            ],
            [
              80.35156596443444,
              7.056820138489479
            ],
            [
              80.35155298702406,
              7.05680702275712
            ],
            [
              80.35154029944458,
              7.056806851361428
            ],
            [
              80.35153576484424,
              7.056805041414185
            ],
            [
              80.3515197325061,
              7.05678737342186
            ],
            [
              80.3515165459996,
              7.0567810779357
            ],
            [
              80.35151548260625,
              7.056767066074238
            ],
            [
              80.35150360984849,
              7.056711652074896
            ],
            [
              80.35150134281278,
              7.0566926690113085
            ],
            [
              80.35149203037422,
              7.056656294564163
            ],
            [
              80.35149961991091,
              7.056621668550165
            ],
            [
              80.35150060632478,
              7.056596663071464
            ],
            [
              80.35150801997509,
              7.056560251255376
            ],
            [
              80.35151683062419,
              7.056528450903684
            ],
            [
              80.35152815739933,
              7.056457015395672
            ],
            [
              80.35153350749769,
              7.0564369167632535
            ],
            [
              80.35154027339726,
              7.056422232850947
            ],
            [
              80.3515639199299,
              7.056382988859846
            ],
            [
              80.35158792621925,
              7.056347429548907
            ],
            [
              80.35161690799873,
              7.0563312812898165
            ],
            [
              80.3516244700203,
              7.05632422373454
            ],
            [
              80.35162828537496,
              7.056312606628216
            ],
            [
              80.35164052576985,
              7.056291225883399
            ],
            [
              80.35165266950106,
              7.056276194858759
            ],
            [
              80.35166111625695,
              7.056257331600425
            ],
            [
              80.35167406652474,
              7.056243746241892
            ],
            [
              80.35168564882157,
              7.056228111109808
            ],
            [
              80.3517145152178,
              7.056184255787741
            ],
            [
              80.35173469100378,
              7.056168585551154
            ],
            [
              80.35175345973074,
              7.0561600872487436
            ],
            [
              80.35176696748637,
              7.056142127412061
            ],
            [
              80.35178041386058,
              7.056127936698506
            ],
            [
              80.35178815539398,
              7.056116799923954
            ],
            [
              80.35180477841315,
              7.0560749890368335
            ],
            [
              80.35181261299054,
              7.0560607516354334
            ],
            [
              80.351818105237,
              7.056040643245345
            ],
            [
              80.35183482289759,
              7.055995881885727
            ],
            [
              80.35184893410258,
              7.055970445069828
            ],
            [
              80.35185975646611,
              7.0559348213058115
            ],
            [
              80.3518643522664,
              7.055914760515283
            ],
            [
              80.35187702540061,
              7.055884941929753
            ],
            [
              80.35188375832357,
              7.055861404348801
            ],
            [
              80.35189774055448,
              7.055823883631307
            ],
            [
              80.35190790523569,
              7.0558028202017375
            ],
            [
              80.35193579698826,
              7.0557540093545095
            ],
            [
              80.35196002570984,
              7.0557329455451026
            ],
            [
              80.35197215488566,
              7.055717945243627
            ],
            [
              80.35199990968887,
              7.0556914274402
            ],
            [
              80.35202242367795,
              7.055663739125683
            ],
            [
              80.35203187548512,
              7.055645489624784
            ],
            [
              80.35203597841277,
              7.055626952293611
            ],
            [
              80.35205111280452,
              7.05559234578021
            ],
            [
              80.35207381204121,
              7.055557751573147
            ],
            [
              80.35207591061584,
              7.055550089431808
            ],
            [
              80.35207711786894,
              7.055532932024468
            ],
            [
              80.35208109805423,
              7.055519317017113
            ],
            [
              80.35208923750858,
              7.055509154975185
            ],
            [
              80.35209739409333,
              7.055503603386191
            ],
            [
              80.35210126563143,
              7.055499101446526
            ],
            [
              80.35210968761987,
              7.055467419936464
            ],
            [
              80.35211295465659,
              7.055460078718089
            ],
            [
              80.35211843059466,
              7.05545298659908
            ],
            [
              80.35213554604556,
              7.055443132795117
            ],
            [
              80.35215038153599,
              7.0554281326246935
            ]
          ]
        ]
      },
      "properties": {
        "OBJECTID": 105,
        "Entity": "3DPolyline",
        "Handle": "829F6",
        "Layer": "Contour_Line_Major",
        "LyrFrzn": 0,
        "LyrOn": 1,
        "Color": 35,
        "Linetype": "Continuous",
        "Elevation": 85,
        "LineWt": 25,
        "RefName": "",
        "DocUpdate": 1783359710000,
        "DocId": 1.1061215596273316e+19,
        "t0": null,
        "t00": null,
        "Shape_Length": 487.9161588419119,
        "Shape_Area": 15072.449322060076
      }
    },
    {
      "type": "Feature",
      "id": 106,
      "geometry": {
        "type": "Polygon",
        "coordinates": [
          [
            [
              80.3499484311092,
              7.056175838224242
            ],
            [
              80.34996337265778,
              7.056160165304054
            ],
            [
              80.34998833188592,
              7.056139950175978
            ],
            [
              80.34999897692062,
              7.056128995671406
            ],
            [
              80.35005321936205,
              7.056105037628849
            ],
            [
              80.35007044607062,
              7.056090763587255
            ],
            [
              80.35007819662623,
              7.056088764494682
            ],
            [
              80.35009643238071,
              7.056089135413729
            ],
            [
              80.35013802417832,
              7.056095662562412
            ],
            [
              80.3501427745673,
              7.056097899764237
            ],
            [
              80.35015204696575,
              7.05610642075052
            ],
            [
              80.35018113378338,
              7.056161699531745
            ],
            [
              80.3501876540636,
              7.056170591165314
            ],
            [
              80.35024643352975,
              7.056226555301922
            ],
            [
              80.35026874191668,
              7.056238613984574
            ],
            [
              80.35027594666794,
              7.056245584427536
            ],
            [
              80.35030273681843,
              7.056281754365701
            ],
            [
              80.35034043311546,
              7.056348280380964
            ],
            [
              80.3503685378217,
              7.056441696705753
            ],
            [
              80.35038113266403,
              7.056497331529254
            ],
            [
              80.35039290472243,
              7.0565755153274745
            ],
            [
              80.35039263987925,
              7.056584285354518
            ],
            [
              80.35038887286038,
              7.056596278802497
            ],
            [
              80.35038805342508,
              7.056604735087821
            ],
            [
              80.35039516154585,
              7.056637506422616
            ],
            [
              80.3503974821381,
              7.056655060392845
            ],
            [
              80.35039529522106,
              7.056689692994905
            ],
            [
              80.35038600960219,
              7.056718565573759
            ],
            [
              80.35037956724943,
              7.056731701347569
            ],
            [
              80.35034152902443,
              7.056774655551792
            ],
            [
              80.35032380707305,
              7.056798634599345
            ],
            [
              80.35029034645976,
              7.056822932751969
            ],
            [
              80.35026861857631,
              7.056846475661684
            ],
            [
              80.35025497189632,
              7.056854924042644
            ],
            [
              80.35022832864308,
              7.056864024595222
            ],
            [
              80.35020824902801,
              7.056867165240019
            ],
            [
              80.35018935795141,
              7.056865972090371
            ],
            [
              80.35016413240648,
              7.05685963415837
            ],
            [
              80.35013572924053,
              7.056846486966214
            ],
            [
              80.35010484987279,
              7.056828687002706
            ],
            [
              80.35003195333707,
              7.0567782262944
            ],
            [
              80.34996293049059,
              7.056710723153357
            ],
            [
              80.34991751862158,
              7.056647096263394
            ],
            [
              80.34990388686734,
              7.056624732492538
            ],
            [
              80.34987759875128,
              7.056599948644516
            ],
            [
              80.34986463785542,
              7.0565834743455405
            ],
            [
              80.34984374061308,
              7.056567822976878
            ],
            [
              80.34982997359243,
              7.056554802887281
            ],
            [
              80.34980230385368,
              7.05651894828731
            ],
            [
              80.34979478113594,
              7.056506256195459
            ],
            [
              80.34978358241752,
              7.056474065298143
            ],
            [
              80.34978279154271,
              7.056455560979622
            ],
            [
              80.34978659274657,
              7.056402861593382
            ],
            [
              80.34979571791297,
              7.056363116265806
            ],
            [
              80.3498330593879,
              7.056295851693562
            ],
            [
              80.3498592334736,
              7.056255046471264
            ],
            [
              80.34987206976409,
              7.056240769942144
            ],
            [
              80.34988769701442,
              7.056229434332119
            ],
            [
              80.3499484311092,
              7.056175838224242
            ]
          ]
        ]
      },
      "properties": {
        "OBJECTID": 106,
        "Entity": "3DPolyline",
        "Handle": "82A96",
        "Layer": "Contour_Line_Major",
        "LyrFrzn": 0,
        "LyrOn": 1,
        "Color": 35,
        "Linetype": "Continuous",
        "Elevation": 85,
        "LineWt": 25,
        "RefName": "",
        "DocUpdate": 1783359710000,
        "DocId": 1.1061215596273316e+19,
        "t0": null,
        "t00": null,
        "Shape_Length": 234.57765128116048,
        "Shape_Area": 3934.188886885655
      }
    },
    {
      "type": "Feature",
      "id": 107,
      "geometry": {
        "type": "Polygon",
        "coordinates": [
          [
            [
              80.35738413613808,
              7.055914770867471
            ],
            [
              80.3573865349794,
              7.055913201176425
            ],
            [
              80.35738916217214,
              7.055915438098673
            ],
            [
              80.35738838118245,
              7.055917119465755
            ],
            [
              80.35738599324792,
              7.055917345931802
            ],
            [
              80.35738413613808,
              7.055914770867471
            ]
          ]
        ]
      },
      "properties": {
        "OBJECTID": 107,
        "Entity": "3DPolyline",
        "Handle": "82AD3",
        "Layer": "Contour_Line_Major",
        "LyrFrzn": 0,
        "LyrOn": 1,
        "Color": 35,
        "Linetype": "Continuous",
        "Elevation": 85,
        "LineWt": 25,
        "RefName": "",
        "DocUpdate": 1783359710000,
        "DocId": 1.1061215596273316e+19,
        "t0": null,
        "t00": null,
        "Shape_Length": 1.51867648927648,
        "Shape_Area": 0.1528167794472941
      }
    },
    {
      "type": "Feature",
      "id": 108,
      "geometry": {
        "type": "Polygon",
        "coordinates": [
          [
            [
              80.35660411556734,
              7.055633289609783
            ],
            [
              80.35660817182014,
              7.055629410206079
            ],
            [
              80.35661149973905,
              7.055634321914033
            ],
            [
              80.35660716260168,
              7.055644904466374
            ],
            [
              80.35660543098348,
              7.055643252201697
            ],
            [
              80.35660411556734,
              7.055633289609783
            ]
          ]
        ]
      },
      "properties": {
        "OBJECTID": 108,
        "Entity": "3DPolyline",
        "Handle": "82ADB",
        "Layer": "Contour_Line_Major",
        "LyrFrzn": 0,
        "LyrOn": 1,
        "Color": 35,
        "Linetype": "Continuous",
        "Elevation": 85,
        "LineWt": 25,
        "RefName": "",
        "DocUpdate": 1783359710000,
        "DocId": 1.1061215596273316e+19,
        "t0": null,
        "t00": null,
        "Shape_Length": 3.91551035358731,
        "Shape_Area": 0.7969037259047903
      }
    },
    {
      "type": "Feature",
      "id": 109,
      "geometry": {
        "type": "Polygon",
        "coordinates": [
          [
            [
              80.35664465564363,
              7.055696663177257
            ],
            [
              80.35664237621307,
              7.055698309010176
            ],
            [
              80.35663747479386,
              7.055698542863431
            ],
            [
              80.35662522788932,
              7.055696611079035
            ],
            [
              80.35662739897194,
              7.055694745294003
            ],
            [
              80.35663519821715,
              7.055693531296022
            ],
            [
              80.35664324395877,
              7.0556941258102475
            ],
            [
              80.35664465564363,
              7.055696663177257
            ]
          ]
        ]
      },
      "properties": {
        "OBJECTID": 109,
        "Entity": "3DPolyline",
        "Handle": "82AE3",
        "Layer": "Contour_Line_Major",
        "LyrFrzn": 0,
        "LyrOn": 1,
        "Color": 35,
        "Linetype": "Continuous",
        "Elevation": 85,
        "LineWt": 25,
        "RefName": "",
        "DocUpdate": 1783359710000,
        "DocId": 1.1061215596273316e+19,
        "t0": null,
        "t00": null,
        "Shape_Length": 4.621983747953652,
        "Shape_Area": 0.8319369509174053
      }
    },
    {
      "type": "Feature",
      "id": 110,
      "geometry": {
        "type": "Polygon",
        "coordinates": [
          [
            [
              80.3572469221626,
              7.061423222118679
            ],
            [
              80.35724482060307,
              7.061413404980445
            ],
            [
              80.35724487535428,
              7.061399324104963
            ],
            [
              80.35724779332442,
              7.061392304383742
            ],
            [
              80.3572515344293,
              7.061391123688084
            ],
            [
              80.35725555817669,
              7.061391805826593
            ],
            [
              80.35726148524003,
              7.061396367439381
            ],
            [
              80.3572636425946,
              7.061404465126762
            ],
            [
              80.35726475940318,
              7.061428444172187
            ],
            [
              80.35726267725535,
              7.061434735987022
            ],
            [
              80.35725541028197,
              7.061434660848208
            ],
            [
              80.35725086282355,
              7.061432275646645
            ],
            [
              80.3572469221626,
              7.061423222118679
            ]
          ]
        ]
      },
      "properties": {
        "OBJECTID": 110,
        "Entity": "3DPolyline",
        "Handle": "82AED",
        "Layer": "Contour_Line_Major",
        "LyrFrzn": 0,
        "LyrOn": 1,
        "Color": 35,
        "Linetype": "Continuous",
        "Elevation": 90,
        "LineWt": 25,
        "RefName": "",
        "DocUpdate": 1783359710000,
        "DocId": 1.1061215596273316e+19,
        "t0": null,
        "t00": null,
        "Shape_Length": 11.99143095783097,
        "Shape_Area": 8.680539980317445
      }
    },
    {
      "type": "Feature",
      "id": 111,
      "geometry": {
        "type": "Polygon",
        "coordinates": [
          [
            [
              80.35801524070705,
              7.060981056114323
            ],
            [
              80.35800458001249,
              7.060990928052168
            ],
            [
              80.35799433405647,
              7.060994199237364
            ],
            [
              80.35798992230502,
              7.060993863009801
            ],
            [
              80.35798145791647,
              7.060988844740511
            ],
            [
              80.35797806714692,
              7.060984826636438
            ],
            [
              80.35797639219525,
              7.060980146962167
            ],
            [
              80.35798465585485,
              7.060974456122232
            ],
            [
              80.3579958028025,
              7.0609717849816285
            ],
            [
              80.35800738813732,
              7.060975569231827
            ],
            [
              80.35801524070705,
              7.060981056114323
            ]
          ]
        ]
      },
      "properties": {
        "OBJECTID": 111,
        "Entity": "3DPolyline",
        "Handle": "82AFC",
        "Layer": "Contour_Line_Major",
        "LyrFrzn": 0,
        "LyrOn": 1,
        "Color": 35,
        "Linetype": "Continuous",
        "Elevation": 90,
        "LineWt": 25,
        "RefName": "",
        "DocUpdate": 1783359710000,
        "DocId": 1.1061215596273316e+19,
        "t0": null,
        "t00": null,
        "Shape_Length": 10.278647572722075,
        "Shape_Area": 6.8795909940941495
      }
    },
    {
      "type": "Feature",
      "id": 112,
      "geometry": {
        "type": "Polygon",
        "coordinates": [
          [
            [
              80.358995553519,
              7.06020450062976
            ],
            [
              80.35899160753922,
              7.060209815706346
            ],
            [
              80.35898835295791,
              7.060211443927819
            ],
            [
              80.35898390664416,
              7.060212540452291
            ],
            [
              80.35897377927789,
              7.060210582685075
            ],
            [
              80.35896412678332,
              7.060203714828651
            ],
            [
              80.35896485092239,
              7.060192030086133
            ],
            [
              80.35896820067678,
              7.060186381320375
            ],
            [
              80.35897408225433,
              7.060181892938081
            ],
            [
              80.35898295948843,
              7.060182331171599
            ],
            [
              80.35899068517992,
              7.060190534193563
            ],
            [
              80.358995553519,
              7.06020450062976
            ]
          ]
        ]
      },
      "properties": {
        "OBJECTID": 112,
        "Entity": "3DPolyline",
        "Handle": "82B09",
        "Layer": "Contour_Line_Major",
        "LyrFrzn": 0,
        "LyrOn": 1,
        "Color": 35,
        "Linetype": "Continuous",
        "Elevation": 90,
        "LineWt": 25,
        "RefName": "",
        "DocUpdate": 1783359710000,
        "DocId": 1.1061215596273316e+19,
        "t0": null,
        "t00": null,
        "Shape_Length": 10.786765127282134,
        "Shape_Area": 8.656249398038996
      }
    },
    {
      "type": "Feature",
      "id": 113,
      "geometry": {
        "type": "Polygon",
        "coordinates": [
          [
            [
              80.35880745577181,
              7.059751972770704
            ],
            [
              80.3588021694128,
              7.059738458028201
            ],
            [
              80.35880024449399,
              7.059725931138389
            ],
            [
              80.35880181994308,
              7.059715419848315
            ],
            [
              80.35880997501417,
              7.059699794291278
            ],
            [
              80.35881371418415,
              7.059697376169665
            ],
            [
              80.35882165848449,
              7.059696733104122
            ],
            [
              80.35883565481764,
              7.059697347522318
            ],
            [
              80.35884099114803,
              7.059699557406675
            ],
            [
              80.35884548902953,
              7.059707695391076
            ],
            [
              80.35885072443402,
              7.05974243778082
            ],
            [
              80.35885003434277,
              7.059752409373394
            ],
            [
              80.35883989613555,
              7.059772144239822
            ],
            [
              80.35883529913754,
              7.059776808961929
            ],
            [
              80.35882924351094,
              7.059779476267055
            ],
            [
              80.35881657236703,
              7.0597607177157355
            ],
            [
              80.35880745577181,
              7.059751972770704
            ]
          ]
        ]
      },
      "properties": {
        "OBJECTID": 113,
        "Entity": "3DPolyline",
        "Handle": "82B17",
        "Layer": "Contour_Line_Major",
        "LyrFrzn": 0,
        "LyrOn": 1,
        "Color": 35,
        "Linetype": "Continuous",
        "Elevation": 90,
        "LineWt": 25,
        "RefName": "",
        "DocUpdate": 1783359710000,
        "DocId": 1.1061215596273316e+19,
        "t0": null,
        "t00": null,
        "Shape_Length": 23.50749964936748,
        "Shape_Area": 36.859118637703965
      }
    },
    {
      "type": "Feature",
      "id": 114,
      "geometry": {
        "type": "Polygon",
        "coordinates": [
          [
            [
              80.3585892044328,
              7.057580779598534
            ],
            [
              80.35858740954448,
              7.057593503994151
            ],
            [
              80.35857957841266,
              7.057618511873738
            ],
            [
              80.35857739762042,
              7.057620851632615
            ],
            [
              80.35856986736407,
              7.057622646744146
            ],
            [
              80.3585616506066,
              7.057620628280782
            ],
            [
              80.3585569495017,
              7.05761280117725
            ],
            [
              80.35855469589129,
              7.057598322744623
            ],
            [
              80.35855752872152,
              7.057572219836482
            ],
            [
              80.35855955992945,
              7.0575647556593815
            ],
            [
              80.35856277911981,
              7.057561856513434
            ],
            [
              80.35856659044326,
              7.057560945453085
            ],
            [
              80.35857480559444,
              7.057560184266104
            ],
            [
              80.35857846461953,
              7.057561380571974
            ],
            [
              80.35858181366895,
              7.05756412230881
            ],
            [
              80.35858685709105,
              7.057571903751012
            ],
            [
              80.3585892044328,
              7.057580779598534
            ]
          ]
        ]
      },
      "properties": {
        "OBJECTID": 114,
        "Entity": "3DPolyline",
        "Handle": "82B2A",
        "Layer": "Contour_Line_Major",
        "LyrFrzn": 0,
        "LyrOn": 1,
        "Color": 35,
        "Linetype": "Continuous",
        "Elevation": 90,
        "LineWt": 25,
        "RefName": "",
        "DocUpdate": 1783359710000,
        "DocId": 1.1061215596273316e+19,
        "t0": null,
        "t00": null,
        "Shape_Length": 17.61322218811638,
        "Shape_Area": 20.508074214237492
      }
    },
    {
      "type": "Feature",
      "id": 115,
      "geometry": {
        "type": "Polygon",
        "coordinates": [
          [
            [
              80.35886382583969,
              7.0571831597580115
            ],
            [
              80.35885501056724,
              7.0571962942192314
            ],
            [
              80.35885373267371,
              7.057200478670254
            ],
            [
              80.35885404798874,
              7.05721873722192
            ],
            [
              80.3588510574823,
              7.05722784453514
            ],
            [
              80.35883325651731,
              7.057222019276429
            ],
            [
              80.35883011084681,
              7.057218869873741
            ],
            [
              80.35882917613709,
              7.057215141889432
            ],
            [
              80.35883093247796,
              7.057202788299977
            ],
            [
              80.3588434106795,
              7.057186038905628
            ],
            [
              80.35885056253977,
              7.057165104129688
            ],
            [
              80.35885192564598,
              7.057164793031456
            ],
            [
              80.35885693734782,
              7.057170623336808
            ],
            [
              80.35886382583969,
              7.0571831597580115
            ]
          ]
        ]
      },
      "properties": {
        "OBJECTID": 115,
        "Entity": "3DPolyline",
        "Handle": "82B3D",
        "Layer": "Contour_Line_Major",
        "LyrFrzn": 0,
        "LyrOn": 1,
        "Color": 35,
        "Linetype": "Continuous",
        "Elevation": 90,
        "LineWt": 25,
        "RefName": "",
        "DocUpdate": 1783359710000,
        "DocId": 1.1061215596273316e+19,
        "t0": null,
        "t00": null,
        "Shape_Length": 17.014209708014672,
        "Shape_Area": 13.375963602887404
      }
    },
    {
      "type": "Feature",
      "id": 116,
      "geometry": {
        "type": "Polygon",
        "coordinates": [
          [
            [
              80.35226482147569,
              7.055527790565932
            ],
            [
              80.3522836855556,
              7.055522320763849
            ],
            [
              80.35229298074216,
              7.0555229387945415
            ],
            [
              80.35231339360587,
              7.055528183581798
            ],
            [
              80.35235198804433,
              7.05554997225947
            ],
            [
              80.35238324856219,
              7.055573023446483
            ],
            [
              80.35240613576467,
              7.0555868846718095
            ],
            [
              80.35241570947304,
              7.0555955742780725
            ],
            [
              80.35243615585438,
              7.055619704953483
            ],
            [
              80.35246405829898,
              7.055638082253636
            ],
            [
              80.35251390145156,
              7.055680983962176
            ],
            [
              80.3525250280596,
              7.0556941748916335
            ],
            [
              80.35254983979759,
              7.05571550574011
            ],
            [
              80.35258636562826,
              7.055754041765059
            ],
            [
              80.35260585135545,
              7.0557905605579965
            ],
            [
              80.35261254081215,
              7.0558093597998965
            ],
            [
              80.3526214456341,
              7.055842005161827
            ],
            [
              80.35263318873061,
              7.055911326235366
            ],
            [
              80.35263199586268,
              7.0559363902314685
            ],
            [
              80.35263360652573,
              7.05597034881807
            ],
            [
              80.3526287272382,
              7.0560041808156395
            ],
            [
              80.35263511195974,
              7.056038338688559
            ],
            [
              80.35263528352418,
              7.0560614842424965
            ],
            [
              80.35263759425874,
              7.056080328971264
            ],
            [
              80.35262880353596,
              7.056116747950512
            ],
            [
              80.3526248802043,
              7.056142235101991
            ],
            [
              80.35261541914782,
              7.056169103944536
            ],
            [
              80.35260912949046,
              7.056197509471777
            ],
            [
              80.35260890734108,
              7.05624270259076
            ],
            [
              80.35260604829108,
              7.056277674392911
            ],
            [
              80.35260138003619,
              7.056297768560399
            ],
            [
              80.35260152109274,
              7.0563115900950395
            ],
            [
              80.35258807858325,
              7.056335392458893
            ],
            [
              80.35256609707513,
              7.056379955692737
            ],
            [
              80.35254803853024,
              7.056407118343323
            ],
            [
              80.35253246066446,
              7.056420091329651
            ],
            [
              80.3525148552847,
              7.0564293366163575
            ],
            [
              80.3524755162277,
              7.056457911581367
            ],
            [
              80.352455167925,
              7.056477845603088
            ],
            [
              80.35242358362719,
              7.056505300647161
            ],
            [
              80.35238876487689,
              7.056530327944903
            ],
            [
              80.35237895445817,
              7.056540798833567
            ],
            [
              80.35236695876229,
              7.056560727251678
            ],
            [
              80.35235613438688,
              7.056591298277515
            ],
            [
              80.35234254797659,
              7.056620250871002
            ],
            [
              80.35232093773595,
              7.056655638972756
            ],
            [
              80.3523028350491,
              7.056674155072953
            ],
            [
              80.35228623479888,
              7.056693738802493
            ],
            [
              80.35226204668491,
              7.0567291993051
            ],
            [
              80.35225122042034,
              7.056740281152907
            ],
            [
              80.35223306730704,
              7.056763151624864
            ],
            [
              80.35222368115953,
              7.05677193342151
            ],
            [
              80.35213933686762,
              7.056821839123427
            ],
            [
              80.35209706963427,
              7.056839312213108
            ],
            [
              80.35207900960708,
              7.056844720705256
            ],
            [
              80.35204114335188,
              7.056849406115547
            ],
            [
              80.35198967161699,
              7.05684725875336
            ],
            [
              80.35191493371309,
              7.056832878680088
            ],
            [
              80.35187929742048,
              7.056821376851923
            ],
            [
              80.35184327506593,
              7.0568016658051524
            ],
            [
              80.35181630390503,
              7.056788759497536
            ],
            [
              80.3517612403378,
              7.0567534196342026
            ],
            [
              80.35175146169355,
              7.056745596276439
            ],
            [
              80.35173393924961,
              7.056727754359484
            ],
            [
              80.3517071544614,
              7.056690232215391
            ],
            [
              80.35168727790109,
              7.056658073622851
            ],
            [
              80.35167813434805,
              7.056618093925301
            ],
            [
              80.3516777305607,
              7.056599849743229
            ],
            [
              80.3516738428332,
              7.0565704287773094
            ],
            [
              80.35167511360731,
              7.056557739877874
            ],
            [
              80.35168367132535,
              7.056534617305694
            ],
            [
              80.35169285915673,
              7.056498528155433
            ],
            [
              80.35171089441803,
              7.056453647425378
            ],
            [
              80.35172792055782,
              7.056424720434089
            ],
            [
              80.35174162020621,
              7.056405508080821
            ],
            [
              80.35174823811066,
              7.056390463048775
            ],
            [
              80.35175534951672,
              7.056379943199657
            ],
            [
              80.35176535791769,
              7.056359937867498
            ],
            [
              80.35178856010582,
              7.056330931708743
            ],
            [
              80.35180500144604,
              7.056297363623002
            ],
            [
              80.35183536583857,
              7.05627012944515
            ],
            [
              80.35186083113275,
              7.056234946621896
            ],
            [
              80.35188650800423,
              7.05620648118808
            ],
            [
              80.3518910919521,
              7.056198848730242
            ],
            [
              80.35189996975643,
              7.056178630162798
            ],
            [
              80.35190776992575,
              7.056147468810153
            ],
            [
              80.35191626308527,
              7.056127782480998
            ],
            [
              80.3519275216393,
              7.05609557666476
            ],
            [
              80.35194330175688,
              7.056064133318097
            ],
            [
              80.35195113869834,
              7.056040381084236
            ],
            [
              80.35197558060801,
              7.055992990998893
            ],
            [
              80.35198447431779,
              7.055965887109336
            ],
            [
              80.35199534228408,
              7.0559397836649
            ],
            [
              80.35200679871389,
              7.055900705441989
            ],
            [
              80.35201751668264,
              7.055881543211675
            ],
            [
              80.35202321854405,
              7.055859142105602
            ],
            [
              80.35203479365354,
              7.055844102138598
            ],
            [
              80.35204143797675,
              7.055832183219837
            ],
            [
              80.35206908216558,
              7.055791452256373
            ],
            [
              80.3520803702444,
              7.055767300480087
            ],
            [
              80.35209546519224,
              7.055750644463999
            ],
            [
              80.35210996606301,
              7.055730163236988
            ],
            [
              80.35211900030512,
              7.055712028935573
            ],
            [
              80.3521235554844,
              7.055700335059728
            ],
            [
              80.35212879403596,
              7.055671872905127
            ],
            [
              80.352141469765,
              7.055646031566477
            ],
            [
              80.35214852260944,
              7.0556046786465565
            ],
            [
              80.35215258571188,
              7.055590686561275
            ],
            [
              80.35217682784224,
              7.0555697340155845
            ],
            [
              80.35218975449021,
              7.055555528998089
            ],
            [
              80.35220151619805,
              7.055548888823007
            ],
            [
              80.35221665596337,
              7.055537110132149
            ],
            [
              80.35226482147569,
              7.055527790565932
            ]
          ]
        ]
      },
      "properties": {
        "OBJECTID": 116,
        "Entity": "3DPolyline",
        "Handle": "82B4D",
        "Layer": "Contour_Line_Major",
        "LyrFrzn": 0,
        "LyrOn": 1,
        "Color": 35,
        "Linetype": "Continuous",
        "Elevation": 90,
        "LineWt": 25,
        "RefName": "",
        "DocUpdate": 1783359710000,
        "DocId": 1.1061215596273316e+19,
        "t0": null,
        "t00": null,
        "Shape_Length": 390.92498308851947,
        "Shape_Area": 9574.62998742223
      }
    },
    {
      "type": "Feature",
      "id": 117,
      "geometry": {
        "type": "Polygon",
        "coordinates": [
          [
            [
              80.34997678065005,
              7.056266331441212
            ],
            [
              80.34998401951658,
              7.056257931131133
            ],
            [
              80.34998903701455,
              7.056254322681028
            ],
            [
              80.35001092812189,
              7.056244220531665
            ],
            [
              80.35005241720363,
              7.056218590335111
            ],
            [
              80.35006427535224,
              7.056215542270807
            ],
            [
              80.35007781142107,
              7.056214977688316
            ],
            [
              80.35011531143297,
              7.056220967275635
            ],
            [
              80.35012438860535,
              7.056224696655884
            ],
            [
              80.35013004790855,
              7.056228981186919
            ],
            [
              80.35016816342858,
              7.056266915367751
            ],
            [
              80.35018804927587,
              7.056297519127605
            ],
            [
              80.35023324830622,
              7.056348212619333
            ],
            [
              80.35025016666016,
              7.056384300075771
            ],
            [
              80.35026935714907,
              7.0564149019606095
            ],
            [
              80.35027649226063,
              7.056438699417652
            ],
            [
              80.35029158179097,
              7.056470789890234
            ],
            [
              80.35029626764097,
              7.0564868474293
            ],
            [
              80.35030449273323,
              7.056532836516608
            ],
            [
              80.35030504910958,
              7.056563686541812
            ],
            [
              80.35030755226792,
              7.056582773957308
            ],
            [
              80.35030791077449,
              7.056619166712781
            ],
            [
              80.35030645045185,
              7.056636598735846
            ],
            [
              80.35030177912034,
              7.056652332995853
            ],
            [
              80.35029876980488,
              7.056673516693569
            ],
            [
              80.35029558596348,
              7.056683502878913
            ],
            [
              80.35027598478462,
              7.056721445367982
            ],
            [
              80.35027213573942,
              7.056727328549798
            ],
            [
              80.35026700248514,
              7.056731484086666
            ],
            [
              80.3502507757193,
              7.056735107692106
            ],
            [
              80.35019881419778,
              7.056729704926792
            ],
            [
              80.3501910027586,
              7.056727309692684
            ],
            [
              80.35015406255627,
              7.056709424410555
            ],
            [
              80.35010460848046,
              7.056672649435296
            ],
            [
              80.35008828206159,
              7.056658139634341
            ],
            [
              80.35001949783094,
              7.0565825041383095
            ],
            [
              80.3500130299681,
              7.056573681320163
            ],
            [
              80.34999861566558,
              7.0565469556872555
            ],
            [
              80.34997014422599,
              7.056501639422887
            ],
            [
              80.34996593250315,
              7.056492957235393
            ],
            [
              80.3499605240845,
              7.056474337037937
            ],
            [
              80.34994843367221,
              7.056456303626266
            ],
            [
              80.34993498587335,
              7.0564143641137145
            ],
            [
              80.34992374304267,
              7.0563845810361645
            ],
            [
              80.34992339005893,
              7.0563676123270955
            ],
            [
              80.34992460202545,
              7.056361413410704
            ],
            [
              80.34994602230296,
              7.056311084020826
            ],
            [
              80.34995757979489,
              7.0562899049925685
            ],
            [
              80.34997678065005,
              7.056266331441212
            ]
          ]
        ]
      },
      "properties": {
        "OBJECTID": 117,
        "Entity": "3DPolyline",
        "Handle": "82BC0",
        "Layer": "Contour_Line_Major",
        "LyrFrzn": 0,
        "LyrOn": 1,
        "Color": 35,
        "Linetype": "Continuous",
        "Elevation": 90,
        "LineWt": 25,
        "RefName": "",
        "DocUpdate": 1783359710000,
        "DocId": 1.1061215596273316e+19,
        "t0": null,
        "t00": null,
        "Shape_Length": 154.17855498628717,
        "Shape_Area": 1615.945655813181
      }
    },
    {
      "type": "Feature",
      "id": 118,
      "geometry": {
        "type": "Polygon",
        "coordinates": [
          [
            [
              80.35417330487125,
              7.056091248005222
            ],
            [
              80.35419471009818,
              7.056073659020637
            ],
            [
              80.35420730685537,
              7.056068143385298
            ],
            [
              80.35421815025208,
              7.056064909283201
            ],
            [
              80.35423209651266,
              7.056063016380179
            ],
            [
              80.35425264016017,
              7.05606474261394
            ],
            [
              80.35426124361783,
              7.056069278109302
            ],
            [
              80.35429512319243,
              7.056092685571772
            ],
            [
              80.35433319615566,
              7.0561243464108605
            ],
            [
              80.35435343184801,
              7.056138568409849
            ],
            [
              80.35436167302845,
              7.0561464483848235
            ],
            [
              80.35436871504488,
              7.056165052715389
            ],
            [
              80.35437782520005,
              7.056205777674191
            ],
            [
              80.35438986568427,
              7.056227298816399
            ],
            [
              80.35439571849457,
              7.056242254404089
            ],
            [
              80.35439750169841,
              7.056253720987312
            ],
            [
              80.35439785757924,
              7.056279825547603
            ],
            [
              80.354403570795,
              7.056313845893996
            ],
            [
              80.35441140295899,
              7.056332011711284
            ],
            [
              80.35441317056643,
              7.056341665578329
            ],
            [
              80.35440871147901,
              7.056389249880618
            ],
            [
              80.3544092486943,
              7.0564027599016175
            ],
            [
              80.35441292708553,
              7.056427210133402
            ],
            [
              80.35441247753522,
              7.056436034186451
            ],
            [
              80.35440978898201,
              7.05644345763167
            ],
            [
              80.35439493129051,
              7.056460126719139
            ],
            [
              80.35438741637748,
              7.056475032161381
            ],
            [
              80.35438081589136,
              7.056482139035206
            ],
            [
              80.35437362016363,
              7.056483634235264
            ],
            [
              80.35436468269538,
              7.056482945280278
            ],
            [
              80.35434280420175,
              7.05647157754016
            ],
            [
              80.35432371320664,
              7.056459139063094
            ],
            [
              80.35428779245423,
              7.056431380662233
            ],
            [
              80.35423385074925,
              7.056397851705098
            ],
            [
              80.3542123946226,
              7.056380295693545
            ],
            [
              80.35419924266623,
              7.05636698350272
            ],
            [
              80.35416628964799,
              7.05632636666632
            ],
            [
              80.3541510275936,
              7.0562957395993395
            ],
            [
              80.35413197575959,
              7.056262897502291
            ],
            [
              80.35412184335937,
              7.056240486215069
            ],
            [
              80.35411631755788,
              7.056214979639493
            ],
            [
              80.35411598119319,
              7.056201587486664
            ],
            [
              80.35412172687212,
              7.0561501217869065
            ],
            [
              80.3541273254578,
              7.056138144401576
            ],
            [
              80.35413976991966,
              7.056122964471824
            ],
            [
              80.35415484613002,
              7.0561073757129495
            ],
            [
              80.35417330487125,
              7.056091248005222
            ]
          ]
        ]
      },
      "properties": {
        "OBJECTID": 118,
        "Entity": "3DPolyline",
        "Handle": "82BF3",
        "Layer": "Contour_Line_Major",
        "LyrFrzn": 0,
        "LyrOn": 1,
        "Color": 35,
        "Linetype": "Continuous",
        "Elevation": 90,
        "LineWt": 25,
        "RefName": "",
        "DocUpdate": 1783359710000,
        "DocId": 1.1061215596273316e+19,
        "t0": null,
        "t00": null,
        "Shape_Length": 123.57197420869609,
        "Shape_Area": 1010.4855732830079
      }
    },
    {
      "type": "Feature",
      "id": 119,
      "geometry": {
        "type": "Polygon",
        "coordinates": [
          [
            [
              80.35825063908042,
              7.055635555679649
            ],
            [
              80.35823566451793,
              7.055626091710606
            ],
            [
              80.35823511060714,
              7.055619362988921
            ],
            [
              80.35823877027853,
              7.055614819093156
            ],
            [
              80.35825226920456,
              7.055616236969367
            ],
            [
              80.3582569641849,
              7.055618633214395
            ],
            [
              80.35825837665563,
              7.055625866039802
            ],
            [
              80.35825704396213,
              7.055637626831886
            ],
            [
              80.35825481716783,
              7.05563853102368
            ],
            [
              80.35825063908042,
              7.055635555679649
            ]
          ]
        ]
      },
      "properties": {
        "OBJECTID": 119,
        "Entity": "3DPolyline",
        "Handle": "82C24",
        "Layer": "Contour_Line_Major",
        "LyrFrzn": 0,
        "LyrOn": 1,
        "Color": 35,
        "Linetype": "Continuous",
        "Elevation": 90,
        "LineWt": 25,
        "RefName": "",
        "DocUpdate": 1783359710000,
        "DocId": 1.1061215596273316e+19,
        "t0": null,
        "t00": null,
        "Shape_Length": 8.384934201934911,
        "Shape_Area": 4.524920874621648
      }
    },
    {
      "type": "Feature",
      "id": 120,
      "geometry": {
        "type": "Polygon",
        "coordinates": [
          [
            [
              80.34662647915063,
              7.054126947542164
            ],
            [
              80.34662456520849,
              7.054129439577193
            ],
            [
              80.34662432806884,
              7.054134548069992
            ],
            [
              80.34662088159108,
              7.0541374359570215
            ],
            [
              80.34661285231148,
              7.05413870102454
            ],
            [
              80.3465951136122,
              7.054135828722868
            ],
            [
              80.34661517977716,
              7.054124120432099
            ],
            [
              80.34662301479985,
              7.05412191708792
            ],
            [
              80.34662647915063,
              7.054126947542164
            ]
          ]
        ]
      },
      "properties": {
        "OBJECTID": 120,
        "Entity": "3DPolyline",
        "Handle": "82C30",
        "Layer": "Contour_Line_Major",
        "LyrFrzn": 0,
        "LyrOn": 1,
        "Color": 35,
        "Linetype": "Continuous",
        "Elevation": 90,
        "LineWt": 25,
        "RefName": "",
        "DocUpdate": 1783359710000,
        "DocId": 1.1061215596273316e+19,
        "t0": null,
        "t00": null,
        "Shape_Length": 8.4324708730217,
        "Shape_Area": 3.4898739490762027
      }
    },
    {
      "type": "Feature",
      "id": 121,
      "geometry": {
        "type": "Polygon",
        "coordinates": [
          [
            [
              80.35990576790375,
              7.061255015411701
            ],
            [
              80.35990509034994,
              7.061262466074101
            ],
            [
              80.35990248510674,
              7.061267284596856
            ],
            [
              80.3598969132157,
              7.061267139462009
            ],
            [
              80.35989573376973,
              7.061264912677866
            ],
            [
              80.3598961413886,
              7.061260178880191
            ],
            [
              80.35989896693236,
              7.061255158043013
            ],
            [
              80.3599043808755,
              7.061252301700821
            ],
            [
              80.35990576790375,
              7.061255015411701
            ]
          ]
        ]
      },
      "properties": {
        "OBJECTID": 121,
        "Entity": "3DPolyline",
        "Handle": "82C88",
        "Layer": "Contour_Line_Major",
        "LyrFrzn": 0,
        "LyrOn": 1,
        "Color": 35,
        "Linetype": "Continuous",
        "Elevation": 95,
        "LineWt": 25,
        "RefName": "",
        "DocUpdate": 1783359710000,
        "DocId": 1.1061215596273316e+19,
        "t0": null,
        "t00": null,
        "Shape_Length": 4.501746658183578,
        "Shape_Area": 1.3117401950817875
      }
    },
    {
      "type": "Feature",
      "id": 122,
      "geometry": {
        "type": "Polygon",
        "coordinates": [
          [
            [
              80.3592793260546,
              7.060349616610544
            ],
            [
              80.35926386760416,
              7.0603357034742915
            ],
            [
              80.359257746397,
              7.06032614675583
            ],
            [
              80.35925565051497,
              7.060312174178972
            ],
            [
              80.35925671778621,
              7.060307744308555
            ],
            [
              80.35926147669777,
              7.060303197394894
            ],
            [
              80.35926898903915,
              7.060303266506083
            ],
            [
              80.3592945547905,
              7.060309374686981
            ],
            [
              80.35930295615461,
              7.060314795366008
            ],
            [
              80.3593076310581,
              7.060322607956056
            ],
            [
              80.35930960865065,
              7.060330424078613
            ],
            [
              80.35930956788717,
              7.0603389927196645
            ],
            [
              80.3593067927288,
              7.060349510505484
            ],
            [
              80.35930207970777,
              7.060357556239063
            ],
            [
              80.35929743272244,
              7.060360381969289
            ],
            [
              80.35928653103998,
              7.060355250022751
            ],
            [
              80.3592793260546,
              7.060349616610544
            ]
          ]
        ]
      },
      "properties": {
        "OBJECTID": 122,
        "Entity": "3DPolyline",
        "Handle": "82C93",
        "Layer": "Contour_Line_Major",
        "LyrFrzn": 0,
        "LyrOn": 1,
        "Color": 35,
        "Linetype": "Continuous",
        "Elevation": 95,
        "LineWt": 25,
        "RefName": "",
        "DocUpdate": 1783359710000,
        "DocId": 1.1061215596273316e+19,
        "t0": null,
        "t00": null,
        "Shape_Length": 19.20302361883074,
        "Shape_Area": 25.440756142394612
      }
    },
    {
      "type": "Feature",
      "id": 123,
      "geometry": {
        "type": "Polygon",
        "coordinates": [
          [
            [
              80.35485969610016,
              7.056454012323789
            ],
            [
              80.35488198632356,
              7.056441369640925
            ],
            [
              80.35489774392342,
              7.056437178981015
            ],
            [
              80.35497228820972,
              7.056431886412961
            ],
            [
              80.35498574862781,
              7.0564316924443435
            ],
            [
              80.35499522370225,
              7.056433195310149
            ],
            [
              80.35502156175859,
              7.056447621094508
            ],
            [
              80.35510762135173,
              7.056485486369438
            ],
            [
              80.35515781688889,
              7.056511509625573
            ],
            [
              80.35517529730545,
              7.056522525720857
            ],
            [
              80.3551844935129,
              7.056531876876984
            ],
            [
              80.35519657922659,
              7.056547573742302
            ],
            [
              80.35521720171361,
              7.056568245600192
            ],
            [
              80.35522651556394,
              7.056580260783517
            ],
            [
              80.35523235010345,
              7.0565901219781155
            ],
            [
              80.35524982668308,
              7.05662943112052
            ],
            [
              80.35525602766977,
              7.056654524342185
            ],
            [
              80.35525734201494,
              7.056665240414112
            ],
            [
              80.35525863842082,
              7.056729485231197
            ],
            [
              80.3552520989465,
              7.056780182809425
            ],
            [
              80.35525739588847,
              7.056808854040655
            ],
            [
              80.35524426480549,
              7.056843890383068
            ],
            [
              80.35523776596831,
              7.056878306326746
            ],
            [
              80.35522792345033,
              7.056895651727174
            ],
            [
              80.35522765226476,
              7.056912994970507
            ],
            [
              80.35522571196013,
              7.056920818356096
            ],
            [
              80.35521817717101,
              7.056931779094042
            ],
            [
              80.35520114910486,
              7.056941950625037
            ],
            [
              80.35519528906734,
              7.056951164298742
            ],
            [
              80.3551973132866,
              7.056961214706474
            ],
            [
              80.35520223211432,
              7.056971308912211
            ],
            [
              80.3552007438563,
              7.0569802699266875
            ],
            [
              80.35519663577516,
              7.056986907181585
            ],
            [
              80.3551760877596,
              7.0570072734233
            ],
            [
              80.35515588860234,
              7.057023520878368
            ],
            [
              80.35513566037966,
              7.0570313298544045
            ],
            [
              80.35509768837994,
              7.057037180413305
            ],
            [
              80.35508389661724,
              7.057041908376279
            ],
            [
              80.35507245234498,
              7.057048813187634
            ],
            [
              80.35506265458628,
              7.057056710742958
            ],
            [
              80.35505430158399,
              7.057066143486562
            ],
            [
              80.35505056474189,
              7.0570727703983565
            ],
            [
              80.35504878925074,
              7.057080573206165
            ],
            [
              80.3550485973246,
              7.057094289359617
            ],
            [
              80.35504450510862,
              7.057128705910129
            ],
            [
              80.35504549965563,
              7.0571565534954335
            ],
            [
              80.35504811557743,
              7.05716888958476
            ],
            [
              80.35507381375606,
              7.057204738474885
            ],
            [
              80.3550930793484,
              7.057246756473316
            ],
            [
              80.35513520984331,
              7.057285513540264
            ],
            [
              80.35516731675045,
              7.057325900303171
            ],
            [
              80.35517568527389,
              7.057340579856829
            ],
            [
              80.35518383632161,
              7.05736323351963
            ],
            [
              80.35519597882869,
              7.057417064895129
            ],
            [
              80.35519718019535,
              7.0574269811990336
            ],
            [
              80.3551963036479,
              7.057440127452384
            ],
            [
              80.35519328283611,
              7.057451453526194
            ],
            [
              80.3551806266664,
              7.05746454732531
            ],
            [
              80.35517024038279,
              7.057480937683716
            ],
            [
              80.3551644525333,
              7.057493594128621
            ],
            [
              80.35516010710126,
              7.057498356851363
            ],
            [
              80.35514630069997,
              7.057507109085581
            ],
            [
              80.35513560271507,
              7.057511891977043
            ],
            [
              80.35510348979453,
              7.057513123914036
            ],
            [
              80.35507056715642,
              7.05752173757144
            ],
            [
              80.35505101539697,
              7.057524222459426
            ],
            [
              80.35503521325265,
              7.057528515272444
            ],
            [
              80.35502622002507,
              7.057528191684692
            ],
            [
              80.35499410450996,
              7.057518872171598
            ],
            [
              80.35497218535981,
              7.057519818783441
            ],
            [
              80.35494804915326,
              7.057526396699205
            ],
            [
              80.35492145966249,
              7.05754050150414
            ],
            [
              80.35486656795115,
              7.057553416618304
            ],
            [
              80.35484772223339,
              7.057552119694477
            ],
            [
              80.35482046307176,
              7.057542433307601
            ],
            [
              80.35481067165348,
              7.05754051210241
            ],
            [
              80.3547743408044,
              7.0575394298047085
            ],
            [
              80.35475404442941,
              7.0575454341135
            ],
            [
              80.35469305284553,
              7.057574661357385
            ],
            [
              80.35467966043397,
              7.057578028528624
            ],
            [
              80.3546543778731,
              7.057581388305809
            ],
            [
              80.3546361944147,
              7.057590269248318
            ],
            [
              80.35462818261358,
              7.057591952370944
            ],
            [
              80.35460845900369,
              7.057589074899894
            ],
            [
              80.35456726286424,
              7.057575858715089
            ],
            [
              80.35454102571212,
              7.05756176500639
            ],
            [
              80.35452121449602,
              7.0575593830975745
            ],
            [
              80.3544948468473,
              7.057549947577628
            ],
            [
              80.35446856282839,
              7.057533740799167
            ],
            [
              80.35444964752456,
              7.05751666952209
            ],
            [
              80.3544115209118,
              7.057466144465856
            ],
            [
              80.35440823481545,
              7.057457197656588
            ],
            [
              80.35440819661748,
              7.057407012017265
            ],
            [
              80.35441038196849,
              7.0573811416300405
            ],
            [
              80.35440905977244,
              7.057366957547427
            ],
            [
              80.35441113459002,
              7.057357471811654
            ],
            [
              80.3544171916331,
              7.057347892988841
            ],
            [
              80.35441230797093,
              7.0573189672446235
            ],
            [
              80.3544167555936,
              7.057275748230294
            ],
            [
              80.35441494943437,
              7.057257976984443
            ],
            [
              80.35440546231249,
              7.057240329891618
            ],
            [
              80.35440369009856,
              7.057232692233829
            ],
            [
              80.35440653365175,
              7.057202935051639
            ],
            [
              80.35440340184606,
              7.057183270582992
            ],
            [
              80.35439932596779,
              7.057175807933126
            ],
            [
              80.35438317136449,
              7.057154803018154
            ],
            [
              80.35436931450103,
              7.057141819107106
            ],
            [
              80.3543548666534,
              7.0571351788089896
            ],
            [
              80.35432994639275,
              7.057130624362789
            ],
            [
              80.35432261733632,
              7.057130971517772
            ],
            [
              80.35428932859321,
              7.057141781738114
            ],
            [
              80.354252344758,
              7.057155871222296
            ],
            [
              80.35423522012661,
              7.057166448719377
            ],
            [
              80.3542102086491,
              7.057189813614805
            ],
            [
              80.35414991001099,
              7.057238440472611
            ],
            [
              80.35412532525334,
              7.057264223783509
            ],
            [
              80.35410675401272,
              7.0572765586002255
            ],
            [
              80.3540874012479,
              7.05729356156043
            ],
            [
              80.35407163301596,
              7.057304742445424
            ],
            [
              80.35401552615436,
              7.057352969850467
            ],
            [
              80.35398633959187,
              7.057373802578953
            ],
            [
              80.35396103403552,
              7.057389180884923
            ],
            [
              80.3539429698042,
              7.057397616027719
            ],
            [
              80.3539078818775,
              7.0574097760124435
            ],
            [
              80.35389480693577,
              7.057409470271402
            ],
            [
              80.35387965430769,
              7.05740700161711
            ],
            [
              80.35386571111323,
              7.0574027373193475
            ],
            [
              80.35385270548085,
              7.057396851577726
            ],
            [
              80.35383040331432,
              7.057381497830101
            ],
            [
              80.35380694617676,
              7.057375675409296
            ],
            [
              80.35379788021974,
              7.0573716521368395
            ],
            [
              80.35378150464577,
              7.057356570716872
            ],
            [
              80.35376316966048,
              7.057324558153969
            ],
            [
              80.35373685482602,
              7.0572849065730905
            ],
            [
              80.35371568491554,
              7.05724833935287
            ],
            [
              80.35369954173888,
              7.05721585674932
            ],
            [
              80.3536832644264,
              7.057188691738831
            ],
            [
              80.35368005058278,
              7.057177929617952
            ],
            [
              80.35367728267369,
              7.057158350677589
            ],
            [
              80.35366999696394,
              7.057132022150676
            ],
            [
              80.35366973206645,
              7.057122601020117
            ],
            [
              80.35367711726045,
              7.0570948419275314
            ],
            [
              80.35368021974566,
              7.057069700969863
            ],
            [
              80.35369138635623,
              7.057042355963687
            ],
            [
              80.35369574139366,
              7.057022843871235
            ],
            [
              80.35370424452884,
              7.057004413017555
            ],
            [
              80.3537101879835,
              7.056984692366671
            ],
            [
              80.35373105326929,
              7.056949741862599
            ],
            [
              80.35373624336688,
              7.056938531871407
            ],
            [
              80.35374397577613,
              7.056905232057405
            ],
            [
              80.35376376253475,
              7.056878875883421
            ],
            [
              80.35378033690586,
              7.056844622262126
            ],
            [
              80.35380658129604,
              7.0568123240691385
            ],
            [
              80.35381696373884,
              7.056805251385082
            ],
            [
              80.35386716700854,
              7.056783225723384
            ],
            [
              80.35394408773875,
              7.056765140114269
            ],
            [
              80.35396724469696,
              7.056766065845512
            ],
            [
              80.35408334845457,
              7.056763329271937
            ],
            [
              80.3541076137323,
              7.056766817277246
            ],
            [
              80.35413428508764,
              7.056765485612864
            ],
            [
              80.35414380198604,
              7.056766864632425
            ],
            [
              80.35415626242904,
              7.0567734804774025
            ],
            [
              80.35418537902338,
              7.056794598307333
            ],
            [
              80.3542243940525,
              7.05682860412048
            ],
            [
              80.3542530675248,
              7.056861748977644
            ],
            [
              80.3542875426688,
              7.056892529254905
            ],
            [
              80.35430717442296,
              7.056906129909728
            ],
            [
              80.35431250673022,
              7.056911854871118
            ],
            [
              80.35431904183517,
              7.0569231833010475
            ],
            [
              80.35432719192393,
              7.056933427614336
            ],
            [
              80.35436945768289,
              7.056973166353708
            ],
            [
              80.35441353517908,
              7.057010974597363
            ],
            [
              80.3544234993466,
              7.057017596029085
            ],
            [
              80.35444112487971,
              7.057025165157449
            ],
            [
              80.35445011589528,
              7.0570270771215755
            ],
            [
              80.35445837549047,
              7.057025599674004
            ],
            [
              80.35447317272552,
              7.057018595493299
            ],
            [
              80.35452575076862,
              7.05698035919695
            ],
            [
              80.3545470568896,
              7.056969627366434
            ],
            [
              80.3545601525955,
              7.056960819894387
            ],
            [
              80.3545791884203,
              7.056943822805106
            ],
            [
              80.35458966383997,
              7.056927798921489
            ],
            [
              80.35459476259628,
              7.0569125753565185
            ],
            [
              80.35459343226582,
              7.056893801635579
            ],
            [
              80.35458718591131,
              7.056860306090055
            ],
            [
              80.35457047110485,
              7.056816239205129
            ],
            [
              80.35456797063003,
              7.056806851163914
            ],
            [
              80.35456716545224,
              7.056794612553113
            ],
            [
              80.35456984131663,
              7.056777394749693
            ],
            [
              80.35458955122839,
              7.056714971777042
            ],
            [
              80.35459824257518,
              7.056705747553461
            ],
            [
              80.35462534488781,
              7.056687440082861
            ],
            [
              80.35465159474029,
              7.056662918158885
            ],
            [
              80.35468639105521,
              7.056643560297176
            ],
            [
              80.35470390482186,
              7.056629184257955
            ],
            [
              80.35474941913796,
              7.056574883516419
            ],
            [
              80.35478273425736,
              7.056531261169351
            ],
            [
              80.35480331945118,
              7.0565016958414155
            ],
            [
              80.35481275997721,
              7.056493493872126
            ],
            [
              80.3548320777151,
              7.056481473024354
            ],
            [
              80.35484938393698,
              7.056462657217905
            ],
            [
              80.35485969610016,
              7.056454012323789
            ]
          ]
        ]
      },
      "properties": {
        "OBJECTID": 123,
        "Entity": "3DPolyline",
        "Handle": "82CA6",
        "Layer": "Contour_Line_Major",
        "LyrFrzn": 0,
        "LyrOn": 1,
        "Color": 35,
        "Linetype": "Continuous",
        "Elevation": 95,
        "LineWt": 25,
        "RefName": "",
        "DocUpdate": 1783359710000,
        "DocId": 1.1061215596273316e+19,
        "t0": null,
        "t00": null,
        "Shape_Length": 608.3132813568824,
        "Shape_Area": 12447.159006531387
      }
    },
    {
      "type": "Feature",
      "id": 124,
      "geometry": {
        "type": "Polygon",
        "coordinates": [
          [
            [
              80.3588609411709,
              7.057544971371406
            ],
            [
              80.35886605753834,
              7.0575365960367735
            ],
            [
              80.3588855087474,
              7.057526904387363
            ],
            [
              80.35889008661131,
              7.057528887997208
            ],
            [
              80.35890790385291,
              7.0575439486197125
            ],
            [
              80.35891021818767,
              7.057550496137607
            ],
            [
              80.35890771995696,
              7.057557174535521
            ],
            [
              80.35890181556515,
              7.057561159965391
            ],
            [
              80.35888949478039,
              7.0575648380843665
            ],
            [
              80.35887646517385,
              7.057565129540181
            ],
            [
              80.35886910043959,
              7.057563761711447
            ],
            [
              80.3588670420917,
              7.057562002269567
            ],
            [
              80.3588609411709,
              7.057544971371406
            ]
          ]
        ]
      },
      "properties": {
        "OBJECTID": 124,
        "Entity": "3DPolyline",
        "Handle": "82D72",
        "Layer": "Contour_Line_Major",
        "LyrFrzn": 0,
        "LyrOn": 1,
        "Color": 35,
        "Linetype": "Continuous",
        "Elevation": 95,
        "LineWt": 25,
        "RefName": "",
        "DocUpdate": 1783359710000,
        "DocId": 1.1061215596273316e+19,
        "t0": null,
        "t00": null,
        "Shape_Length": 14.942945908398427,
        "Shape_Area": 16.178471956080156
      }
    },
    {
      "type": "Feature",
      "id": 125,
      "geometry": {
        "type": "Polygon",
        "coordinates": [
          [
            [
              80.3576076767884,
              7.056837708035357
            ],
            [
              80.35760157121777,
              7.056838535427118
            ],
            [
              80.35760064460246,
              7.0568368245737565
            ],
            [
              80.3576006915582,
              7.056830349950061
            ],
            [
              80.35760281795652,
              7.056826746480308
            ],
            [
              80.35760513151801,
              7.056828585877702
            ],
            [
              80.3576076767884,
              7.056837708035357
            ]
          ]
        ]
      },
      "properties": {
        "OBJECTID": 125,
        "Entity": "3DPolyline",
        "Handle": "82D81",
        "Layer": "Contour_Line_Major",
        "LyrFrzn": 0,
        "LyrOn": 1,
        "Color": 35,
        "Linetype": "Continuous",
        "Elevation": 95,
        "LineWt": 25,
        "RefName": "",
        "DocUpdate": 1783359710000,
        "DocId": 1.1061215596273316e+19,
        "t0": null,
        "t00": null,
        "Shape_Length": 3.4473119407489135,
        "Shape_Area": 0.6961243094731667
      }
    },
    {
      "type": "Feature",
      "id": 126,
      "geometry": {
        "type": "Polygon",
        "coordinates": [
          [
            [
              80.35216677418863,
              7.055907560426506
            ],
            [
              80.35217984091042,
              7.055898765645532
            ],
            [
              80.35220378985028,
              7.055872493106166
            ],
            [
              80.35223077829852,
              7.055850792698618
            ],
            [
              80.3522614537504,
              7.05583553771404
            ],
            [
              80.35230185949676,
              7.055821845699467
            ],
            [
              80.35231444871884,
              7.0558191531687715
            ],
            [
              80.35232379233682,
              7.055820107754651
            ],
            [
              80.35233381530355,
              7.055823469353467
            ],
            [
              80.35236014329489,
              7.055840484051328
            ],
            [
              80.35237054627854,
              7.055847944637673
            ],
            [
              80.35237847641707,
              7.0558567911638255
            ],
            [
              80.35238611640489,
              7.055880918550211
            ],
            [
              80.3523963246378,
              7.05589886336444
            ],
            [
              80.3524047852083,
              7.0559260600813385
            ],
            [
              80.35241450531993,
              7.055944073867636
            ],
            [
              80.35242219855104,
              7.055962467461897
            ],
            [
              80.35243645070109,
              7.055980875580788
            ],
            [
              80.35243906451181,
              7.055986207838875
            ],
            [
              80.35244140291276,
              7.056004684459372
            ],
            [
              80.35244288476035,
              7.0560075367135955
            ],
            [
              80.35245087026667,
              7.056007818246438
            ],
            [
              80.35245137282423,
              7.0560064838455725
            ],
            [
              80.35244564046023,
              7.055996771107823
            ],
            [
              80.3524438014245,
              7.055988378063685
            ],
            [
              80.35244575161198,
              7.055979987561649
            ],
            [
              80.35245037087064,
              7.055970393203534
            ],
            [
              80.35245503762056,
              7.0559663681509495
            ],
            [
              80.35246001844978,
              7.055966979290591
            ],
            [
              80.35246824996739,
              7.055975269942718
            ],
            [
              80.35247110397286,
              7.055983676153512
            ],
            [
              80.35247225360855,
              7.055992985442825
            ],
            [
              80.35247121023913,
              7.056002332394744
            ],
            [
              80.35246867630988,
              7.056009232313391
            ],
            [
              80.3524697951922,
              7.056015912972962
            ],
            [
              80.35248019611656,
              7.056043102430233
            ],
            [
              80.35248439630676,
              7.056058161575133
            ],
            [
              80.35248434876955,
              7.056080641084672
            ],
            [
              80.35248666028524,
              7.056099570841267
            ],
            [
              80.35248636102784,
              7.056131830769741
            ],
            [
              80.35247432316203,
              7.056206872626663
            ],
            [
              80.3524657073561,
              7.0562255683288075
            ],
            [
              80.35246283461612,
              7.056255398716906
            ],
            [
              80.35245368466637,
              7.056291639903396
            ],
            [
              80.35245289261567,
              7.05631364530658
            ],
            [
              80.35243765133838,
              7.056342421033196
            ],
            [
              80.35243063408772,
              7.056370547854268
            ],
            [
              80.35242387786865,
              7.056388058476341
            ],
            [
              80.3524189200614,
              7.056396286511832
            ],
            [
              80.35236461580591,
              7.056459547825183
            ],
            [
              80.35234858235724,
              7.056475230168083
            ],
            [
              80.3523214958932,
              7.056511400334939
            ],
            [
              80.35229598850594,
              7.056549518351529
            ],
            [
              80.35228010998269,
              7.056579455518127
            ],
            [
              80.35226827895418,
              7.0565981648446865
            ],
            [
              80.35225809646506,
              7.056611193247119
            ],
            [
              80.3522189096031,
              7.056653362697488
            ],
            [
              80.35218947932182,
              7.056674943025512
            ],
            [
              80.35217381382671,
              7.056689714097589
            ],
            [
              80.35215140041419,
              7.056703641820579
            ],
            [
              80.35213309960369,
              7.056717474846258
            ],
            [
              80.35207397933412,
              7.0567435854946305
            ],
            [
              80.35205817316343,
              7.0567475245270535
            ],
            [
              80.35202190617635,
              7.0567474606193255
            ],
            [
              80.35199606914763,
              7.056749793739472
            ],
            [
              80.35198202772428,
              7.0567491320262015
            ],
            [
              80.35196695442393,
              7.056746290753142
            ],
            [
              80.35194302701791,
              7.056738161019332
            ],
            [
              80.35192428862653,
              7.056726788483993
            ],
            [
              80.35190615603591,
              7.056710161424647
            ],
            [
              80.35188911682609,
              7.056698365209764
            ],
            [
              80.35187450123048,
              7.056685430832576
            ],
            [
              80.35186251349421,
              7.056670982289162
            ],
            [
              80.35185477500201,
              7.056657797857205
            ],
            [
              80.3518459306037,
              7.056628611521448
            ],
            [
              80.35184385298868,
              7.05660558001025
            ],
            [
              80.351844201693,
              7.0565840208370965
            ],
            [
              80.35184730200389,
              7.05655334955282
            ],
            [
              80.35185352616259,
              7.056523901017888
            ],
            [
              80.35185890052378,
              7.056509783217941
            ],
            [
              80.35188381865417,
              7.056472209846373
            ],
            [
              80.35189546693313,
              7.056449496792711
            ],
            [
              80.3519048291252,
              7.056437757130766
            ],
            [
              80.35191387604279,
              7.0564150838828885
            ],
            [
              80.35192980522969,
              7.056386489134534
            ],
            [
              80.3519396635628,
              7.056350687646474
            ],
            [
              80.35194351188893,
              7.056341398862915
            ],
            [
              80.35198915739844,
              7.056268477783405
            ],
            [
              80.35200756629844,
              7.0562205329826835
            ],
            [
              80.35201541809292,
              7.056204981308118
            ],
            [
              80.35203011488171,
              7.056183614814977
            ],
            [
              80.3520410705707,
              7.056153031315955
            ],
            [
              80.35205325344195,
              7.056134584798899
            ],
            [
              80.352059526776,
              7.056112731731266
            ],
            [
              80.35206831262929,
              7.056098728111404
            ],
            [
              80.3520799317554,
              7.056075478619755
            ],
            [
              80.35209306330974,
              7.05603829591701
            ],
            [
              80.35210201623212,
              7.056024603689127
            ],
            [
              80.35211663870608,
              7.05596746533187
            ],
            [
              80.35213129727563,
              7.05594492469111
            ],
            [
              80.35215344368409,
              7.055923084602505
            ],
            [
              80.35216677418863,
              7.055907560426506
            ]
          ]
        ]
      },
      "properties": {
        "OBJECTID": 126,
        "Entity": "3DPolyline",
        "Handle": "82D8A",
        "Layer": "Contour_Line_Major",
        "LyrFrzn": 0,
        "LyrOn": 1,
        "Color": 35,
        "Linetype": "Continuous",
        "Elevation": 95,
        "LineWt": 25,
        "RefName": "",
        "DocUpdate": 1783359710000,
        "DocId": 1.1061215596273316e+19,
        "t0": null,
        "t00": null,
        "Shape_Length": 277.7499048399593,
        "Shape_Area": 4364.387388981851
      }
    },
    {
      "type": "Feature",
      "id": 127,
      "geometry": {
        "type": "Polygon",
        "coordinates": [
          [
            [
              80.35765313224505,
              7.056801589035227
            ],
            [
              80.35764942584605,
              7.056809804383324
            ],
            [
              80.35764152387769,
              7.05681327236599
            ],
            [
              80.35762807525697,
              7.056813434767676
            ],
            [
              80.35761990048314,
              7.056811845098429
            ],
            [
              80.35761743053773,
              7.056809820055462
            ],
            [
              80.35761972204622,
              7.056801386575898
            ],
            [
              80.35762887123364,
              7.05679694431255
            ],
            [
              80.35764224706519,
              7.056796382004516
            ],
            [
              80.35765313224505,
              7.056801589035227
            ]
          ]
        ]
      },
      "properties": {
        "OBJECTID": 127,
        "Entity": "3DPolyline",
        "Handle": "82DF2",
        "Layer": "Contour_Line_Major",
        "LyrFrzn": 0,
        "LyrOn": 1,
        "Color": 35,
        "Linetype": "Continuous",
        "Elevation": 95,
        "LineWt": 25,
        "RefName": "",
        "DocUpdate": 1783359710000,
        "DocId": 1.1061215596273316e+19,
        "t0": null,
        "t00": null,
        "Shape_Length": 9.608700320506143,
        "Shape_Area": 5.768428490935484
      }
    },
    {
      "type": "Feature",
      "id": 128,
      "geometry": {
        "type": "Polygon",
        "coordinates": [
          [
            [
              80.35244599708341,
              7.055957113043665
            ],
            [
              80.35244249210407,
              7.055955851779115
            ],
            [
              80.35244081564258,
              7.055953612531651
            ],
            [
              80.35244239483656,
              7.0559522208291385
            ],
            [
              80.35244599708341,
              7.055957113043665
            ]
          ]
        ]
      },
      "properties": {
        "OBJECTID": 128,
        "Entity": "3DPolyline",
        "Handle": "82DFE",
        "Layer": "Contour_Line_Major",
        "LyrFrzn": 0,
        "LyrOn": 1,
        "Color": 35,
        "Linetype": "Continuous",
        "Elevation": 95,
        "LineWt": 25,
        "RefName": "",
        "DocUpdate": 1783359710000,
        "DocId": 1.1061215596273316e+19,
        "t0": null,
        "t00": null,
        "Shape_Length": 1.624592884480973,
        "Shape_Area": 0.11277893027768626
      }
    },
    {
      "type": "Feature",
      "id": 129,
      "geometry": {
        "type": "Polygon",
        "coordinates": [
          [
            [
              80.3547304245045,
              7.054780437823615
            ],
            [
              80.35472888058223,
              7.054783827708792
            ],
            [
              80.35472572048974,
              7.054783933695546
            ],
            [
              80.35472364957403,
              7.054777539365972
            ],
            [
              80.35472597178004,
              7.054775081326258
            ],
            [
              80.3547304245045,
              7.054780437823615
            ]
          ]
        ]
      },
      "properties": {
        "OBJECTID": 129,
        "Entity": "3DPolyline",
        "Handle": "82E05",
        "Layer": "Contour_Line_Major",
        "LyrFrzn": 0,
        "LyrOn": 1,
        "Color": 35,
        "Linetype": "Continuous",
        "Elevation": 95,
        "LineWt": 25,
        "RefName": "",
        "DocUpdate": 1783359710000,
        "DocId": 1.1061215596273316e+19,
        "t0": null,
        "t00": null,
        "Shape_Length": 2.6473679323492876,
        "Shape_Area": 0.4349929246528119
      }
    },
    {
      "type": "Feature",
      "id": 130,
      "geometry": {
        "type": "Polygon",
        "coordinates": [
          [
            [
              80.35672542076722,
              7.0543580572465
            ],
            [
              80.35672068510065,
              7.054359570347914
            ],
            [
              80.35671827991962,
              7.054359178083033
            ],
            [
              80.35671763665133,
              7.054356854341561
            ],
            [
              80.35671933138272,
              7.054355053026001
            ],
            [
              80.35672542076722,
              7.0543580572465
            ]
          ]
        ]
      },
      "properties": {
        "OBJECTID": 130,
        "Entity": "3DPolyline",
        "Handle": "82E0D",
        "Layer": "Contour_Line_Major",
        "LyrFrzn": 0,
        "LyrOn": 1,
        "Color": 35,
        "Linetype": "Continuous",
        "Elevation": 95,
        "LineWt": 25,
        "RefName": "",
        "DocUpdate": 1783359710000,
        "DocId": 1.1061215596273316e+19,
        "t0": null,
        "t00": null,
        "Shape_Length": 2.108208191314785,
        "Shape_Area": 0.23731363971570565
      }
    },
    {
      "type": "Feature",
      "id": 131,
      "geometry": {
        "type": "Polygon",
        "coordinates": [
          [
            [
              80.34471322968898,
              7.053916223343136
            ],
            [
              80.34471185235824,
              7.053915706729169
            ],
            [
              80.3447124441873,
              7.053914001603578
            ],
            [
              80.34471322968898,
              7.053916223343136
            ]
          ]
        ]
      },
      "properties": {
        "OBJECTID": 131,
        "Entity": "3DPolyline",
        "Handle": "82E15",
        "Layer": "Contour_Line_Major",
        "LyrFrzn": 0,
        "LyrOn": 1,
        "Color": 35,
        "Linetype": "Continuous",
        "Elevation": 95,
        "LineWt": 25,
        "RefName": "",
        "DocUpdate": 1783359710000,
        "DocId": 1.1061215596273316e+19,
        "t0": null,
        "t00": null,
        "Shape_Length": 0.6225007635452955,
        "Shape_Area": 0.016204554932556747
      }
    },
    {
      "type": "Feature",
      "id": 132,
      "geometry": {
        "type": "Polygon",
        "coordinates": [
          [
            [
              80.35189319198612,
              7.053727244560403
            ],
            [
              80.35188807723078,
              7.053731154111283
            ],
            [
              80.35187978247858,
              7.053733211278075
            ],
            [
              80.35187047577732,
              7.053731784569526
            ],
            [
              80.35186715982968,
              7.053730681858632
            ],
            [
              80.35186565078355,
              7.05372851339617
            ],
            [
              80.35186795424387,
              7.053726519373357
            ],
            [
              80.3518807988459,
              7.053725052852479
            ],
            [
              80.35189319198612,
              7.053727244560403
            ]
          ]
        ]
      },
      "properties": {
        "OBJECTID": 132,
        "Entity": "3DPolyline",
        "Handle": "82E1B",
        "Layer": "Contour_Line_Major",
        "LyrFrzn": 0,
        "LyrOn": 1,
        "Color": 35,
        "Linetype": "Continuous",
        "Elevation": 95,
        "LineWt": 25,
        "RefName": "",
        "DocUpdate": 1783359710000,
        "DocId": 1.1061215596273316e+19,
        "t0": null,
        "t00": null,
        "Shape_Length": 6.5276198520764765,
        "Shape_Area": 1.8109543143508766
      }
    },
    {
      "type": "Feature",
      "id": 133,
      "geometry": {
        "type": "Polygon",
        "coordinates": [
          [
            [
              80.34319458087431,
              7.05269296586098
            ],
            [
              80.34319304785534,
              7.052695634801194
            ],
            [
              80.34319183020905,
              7.052690389491559
            ],
            [
              80.34319310474092,
              7.05268803406198
            ],
            [
              80.34319458087431,
              7.05269296586098
            ]
          ]
        ]
      },
      "properties": {
        "OBJECTID": 133,
        "Entity": "3DPolyline",
        "Handle": "82E26",
        "Layer": "Contour_Line_Major",
        "LyrFrzn": 0,
        "LyrOn": 1,
        "Color": 35,
        "Linetype": "Continuous",
        "Elevation": 95,
        "LineWt": 25,
        "RefName": "",
        "DocUpdate": 1783359710000,
        "DocId": 1.1061215596273316e+19,
        "t0": null,
        "t00": null,
        "Shape_Length": 1.8005673832117637,
        "Shape_Area": 0.1285348499124717
      }
    },
    {
      "type": "Feature",
      "id": 134,
      "geometry": {
        "type": "Polygon",
        "coordinates": [
          [
            [
              80.36078657540801,
              7.061527584815181
            ],
            [
              80.36078096684948,
              7.061529742596925
            ],
            [
              80.36077374285922,
              7.061527372755948
            ],
            [
              80.36077128056095,
              7.061524366312187
            ],
            [
              80.36077610663193,
              7.06152102432121
            ],
            [
              80.36078178686088,
              7.061520742651833
            ],
            [
              80.36078657540801,
              7.061527584815181
            ]
          ]
        ]
      },
      "properties": {
        "OBJECTID": 134,
        "Entity": "3DPolyline",
        "Handle": "82E5A",
        "Layer": "Contour_Line_Major",
        "LyrFrzn": 0,
        "LyrOn": 1,
        "Color": 35,
        "Linetype": "Continuous",
        "Elevation": 100,
        "LineWt": 25,
        "RefName": "",
        "DocUpdate": 1783359710000,
        "DocId": 1.1061215596273316e+19,
        "t0": null,
        "t00": null,
        "Shape_Length": 4.132607628607177,
        "Shape_Area": 1.061036185024398
      }
    },
    {
      "type": "Feature",
      "id": 135,
      "geometry": {
        "type": "Polygon",
        "coordinates": [
          [
            [
              80.36037184671365,
              7.06150892558875
            ],
            [
              80.36036569094445,
              7.061511317795234
            ],
            [
              80.36036382845086,
              7.061506702997005
            ],
            [
              80.36036670958174,
              7.061506034874811
            ],
            [
              80.36037184671365,
              7.06150892558875
            ]
          ]
        ]
      },
      "properties": {
        "OBJECTID": 135,
        "Entity": "3DPolyline",
        "Handle": "82E63",
        "Layer": "Contour_Line_Major",
        "LyrFrzn": 0,
        "LyrOn": 1,
        "Color": 35,
        "Linetype": "Continuous",
        "Elevation": 100,
        "LineWt": 25,
        "RefName": "",
        "DocUpdate": 1783359710000,
        "DocId": 1.1061215596273316e+19,
        "t0": null,
        "t00": null,
        "Shape_Length": 2.2574192960547794,
        "Shape_Area": 0.2724267149642779
      }
    },
    {
      "type": "Feature",
      "id": 136,
      "geometry": {
        "type": "Polygon",
        "coordinates": [
          [
            [
              80.36081853062251,
              7.06150953781678
            ],
            [
              80.36079962665835,
              7.061513590482407
            ],
            [
              80.36079150191436,
              7.061509783903954
            ],
            [
              80.36079820124343,
              7.06150190007492
            ],
            [
              80.36080288101145,
              7.0614989414077565
            ],
            [
              80.36081144641672,
              7.0615016396248285
            ],
            [
              80.36081853062251,
              7.06150953781678
            ]
          ]
        ]
      },
      "properties": {
        "OBJECTID": 136,
        "Entity": "3DPolyline",
        "Handle": "82E6A",
        "Layer": "Contour_Line_Major",
        "LyrFrzn": 0,
        "LyrOn": 1,
        "Color": 35,
        "Linetype": "Continuous",
        "Elevation": 100,
        "LineWt": 25,
        "RefName": "",
        "DocUpdate": 1783359710000,
        "DocId": 1.1061215596273316e+19,
        "t0": null,
        "t00": null,
        "Shape_Length": 7.045733183190931,
        "Shape_Area": 2.8128863276841436
      }
    },
    {
      "type": "Feature",
      "id": 137,
      "geometry": {
        "type": "Polygon",
        "coordinates": [
          [
            [
              80.36047940544933,
              7.06136434679867
            ],
            [
              80.36047682888426,
              7.061372680403197
            ],
            [
              80.36047467779018,
              7.061373826219012
            ],
            [
              80.36047133719086,
              7.0613688602428
            ],
            [
              80.36047045331492,
              7.06135975122732
            ],
            [
              80.36047476653788,
              7.061358654506947
            ],
            [
              80.36047940544933,
              7.06136434679867
            ]
          ]
        ]
      },
      "properties": {
        "OBJECTID": 137,
        "Entity": "3DPolyline",
        "Handle": "82E73",
        "Layer": "Contour_Line_Major",
        "LyrFrzn": 0,
        "LyrOn": 1,
        "Color": 35,
        "Linetype": "Continuous",
        "Elevation": 100,
        "LineWt": 25,
        "RefName": "",
        "DocUpdate": 1783359710000,
        "DocId": 1.1061215596273316e+19,
        "t0": null,
        "t00": null,
        "Shape_Length": 4.209749935874104,
        "Shape_Area": 1.0820513901997493
      }
    },
    {
      "type": "Feature",
      "id": 138,
      "geometry": {
        "type": "Polygon",
        "coordinates": [
          [
            [
              80.35796053558902,
              7.06108952547203
            ],
            [
              80.3579570745502,
              7.061093785608712
            ],
            [
              80.35794997560046,
              7.061090712166831
            ],
            [
              80.357948349491,
              7.06108869642597
            ],
            [
              80.35794820562707,
              7.0610735207832365
            ],
            [
              80.35795105709776,
              7.061070066656206
            ],
            [
              80.35795686886789,
              7.061070253752929
            ],
            [
              80.35795847556906,
              7.061071898606196
            ],
            [
              80.35796053558902,
              7.06108952547203
            ]
          ]
        ]
      },
      "properties": {
        "OBJECTID": 138,
        "Entity": "3DPolyline",
        "Handle": "82E7C",
        "Layer": "Contour_Line_Major",
        "LyrFrzn": 0,
        "LyrOn": 1,
        "Color": 35,
        "Linetype": "Continuous",
        "Elevation": 100,
        "LineWt": 25,
        "RefName": "",
        "DocUpdate": 1783359710000,
        "DocId": 1.1061215596273316e+19,
        "t0": null,
        "t00": null,
        "Shape_Length": 6.778282950363707,
        "Shape_Area": 2.889993343471446
      }
    },
    {
      "type": "Feature",
      "id": 139,
      "geometry": {
        "type": "Polygon",
        "coordinates": [
          [
            [
              80.35786703958073,
              7.060953716001695
            ],
            [
              80.35786771262677,
              7.0609528395255765
            ],
            [
              80.3578689364297,
              7.060955065470441
            ],
            [
              80.35786703958073,
              7.060953716001695
            ]
          ]
        ]
      },
      "properties": {
        "OBJECTID": 139,
        "Entity": "3DPolyline",
        "Handle": "82E87",
        "Layer": "Contour_Line_Major",
        "LyrFrzn": 0,
        "LyrOn": 1,
        "Color": 35,
        "Linetype": "Continuous",
        "Elevation": 100,
        "LineWt": 25,
        "RefName": "",
        "DocUpdate": 1783359710000,
        "DocId": 1.1061215596273316e+19,
        "t0": null,
        "t00": null,
        "Shape_Length": 0.6600743649715585,
        "Shape_Area": 0.015694639877534135
      }
    },
    {
      "type": "Feature",
      "id": 140,
      "geometry": {
        "type": "Polygon",
        "coordinates": [
          [
            [
              80.35792694562798,
              7.060994899780737
            ],
            [
              80.35791955182101,
              7.060997507339927
            ],
            [
              80.35790342648951,
              7.060993806388612
            ],
            [
              80.35789485742622,
              7.060989843570367
            ],
            [
              80.35788815556192,
              7.060983781174043
            ],
            [
              80.35788344107394,
              7.060977110949321
            ],
            [
              80.35788208716636,
              7.060972713028147
            ],
            [
              80.35788322884781,
              7.060969488110169
            ],
            [
              80.35788683962322,
              7.060968921411307
            ],
            [
              80.35789816728422,
              7.060973744624388
            ],
            [
              80.35792147696313,
              7.060988188718723
            ],
            [
              80.35792694562798,
              7.060994899780737
            ]
          ]
        ]
      },
      "properties": {
        "OBJECTID": 140,
        "Entity": "3DPolyline",
        "Handle": "82E8D",
        "Layer": "Contour_Line_Major",
        "LyrFrzn": 0,
        "LyrOn": 1,
        "Color": 35,
        "Linetype": "Continuous",
        "Elevation": 100,
        "LineWt": 25,
        "RefName": "",
        "DocUpdate": 1783359710000,
        "DocId": 1.1061215596273316e+19,
        "t0": null,
        "t00": null,
        "Shape_Length": 12.274058773399362,
        "Shape_Area": 7.034495283151054
      }
    },
    {
      "type": "Feature",
      "id": 141,
      "geometry": {
        "type": "Polygon",
        "coordinates": [
          [
            [
              80.3597118442542,
              7.0601512117725
            ],
            [
              80.35971479686674,
              7.060143329148828
            ],
            [
              80.3597172476179,
              7.060142211788031
            ],
            [
              80.35972511708853,
              7.0601512182268475
            ],
            [
              80.35971998401787,
              7.060154606822476
            ],
            [
              80.35971586779768,
              7.0601553311370395
            ],
            [
              80.3597118442542,
              7.0601512117725
            ]
          ]
        ]
      },
      "properties": {
        "OBJECTID": 141,
        "Entity": "3DPolyline",
        "Handle": "82E9B",
        "Layer": "Contour_Line_Major",
        "LyrFrzn": 0,
        "LyrOn": 1,
        "Color": 35,
        "Linetype": "Continuous",
        "Elevation": 100,
        "LineWt": 25,
        "RefName": "",
        "DocUpdate": 1783359710000,
        "DocId": 1.1061215596273316e+19,
        "t0": null,
        "t00": null,
        "Shape_Length": 4.327070270276812,
        "Shape_Area": 1.2233718396431896
      }
    },
    {
      "type": "Feature",
      "id": 142,
      "geometry": {
        "type": "Polygon",
        "coordinates": [
          [
            [
              80.35655979001392,
              7.056727720214707
            ],
            [
              80.3565896056739,
              7.056717402534256
            ],
            [
              80.35660667415031,
              7.056715971561002
            ],
            [
              80.35664302074098,
              7.056716111203242
            ],
            [
              80.3566776884274,
              7.056721664906029
            ],
            [
              80.35673730745718,
              7.056737469752438
            ],
            [
              80.35676470720871,
              7.056750258788174
            ],
            [
              80.35678223860076,
              7.056756525165387
            ],
            [
              80.35678537399008,
              7.056759238578672
            ],
            [
              80.35679205155915,
              7.056773009429731
            ],
            [
              80.3567993334629,
              7.056783203663231
            ],
            [
              80.35681383859591,
              7.0567962490047
            ],
            [
              80.35683208471393,
              7.056808830044503
            ],
            [
              80.35684631136786,
              7.056815032166837
            ],
            [
              80.35687148093572,
              7.056819374256311
            ],
            [
              80.35688646550126,
              7.056824874595138
            ],
            [
              80.35694078555333,
              7.056854749451708
            ],
            [
              80.35697154530614,
              7.056875464149701
            ],
            [
              80.3569904405849,
              7.056885451861346
            ],
            [
              80.35702318051821,
              7.0568976421981375
            ],
            [
              80.35706626780541,
              7.056909131294179
            ],
            [
              80.3570858172823,
              7.056916808807009
            ],
            [
              80.3571269247438,
              7.056945102403757
            ],
            [
              80.35713627670394,
              7.056953820562935
            ],
            [
              80.3571443257733,
              7.056963831322507
            ],
            [
              80.3571591141621,
              7.056985523529638
            ],
            [
              80.35716674360113,
              7.057005022321574
            ],
            [
              80.35718242967705,
              7.057082201974856
            ],
            [
              80.3571851423492,
              7.057146514790892
            ],
            [
              80.35717847142048,
              7.057181727435132
            ],
            [
              80.35717796678001,
              7.057229200546917
            ],
            [
              80.35717639646414,
              7.057241880920864
            ],
            [
              80.35716419771201,
              7.057267357638856
            ],
            [
              80.35715936992854,
              7.057301485565203
            ],
            [
              80.35714303722385,
              7.057362860441515
            ],
            [
              80.35713686465859,
              7.057394515315623
            ],
            [
              80.35712107292903,
              7.057438513843726
            ],
            [
              80.3571173197106,
              7.057453744723246
            ],
            [
              80.35711592812856,
              7.057465503617955
            ],
            [
              80.35711728167253,
              7.0574747471534005
            ],
            [
              80.35712879789352,
              7.057493116103346
            ],
            [
              80.35713122952843,
              7.057504532016319
            ],
            [
              80.35712989744889,
              7.057510571595223
            ],
            [
              80.35712024167071,
              7.057527138489631
            ],
            [
              80.35711644000689,
              7.057541387877882
            ],
            [
              80.35712148976083,
              7.0575471865937685
            ],
            [
              80.3571430836858,
              7.05756080521841
            ],
            [
              80.3571616945924,
              7.057569550602421
            ],
            [
              80.35718384892246,
              7.057573371130062
            ],
            [
              80.35720107020927,
              7.05757080153406
            ],
            [
              80.35721008641083,
              7.057570884504468
            ],
            [
              80.35721898747047,
              7.057574358431534
            ],
            [
              80.35722375916941,
              7.05758284595694
            ],
            [
              80.35722884357867,
              7.0576055270288585
            ],
            [
              80.35723808774424,
              7.057612977780011
            ],
            [
              80.35724677694114,
              7.057616445987643
            ],
            [
              80.35727576716494,
              7.057621680672972
            ],
            [
              80.35729186579754,
              7.057626269855881
            ],
            [
              80.35730019917101,
              7.0576257919749885
            ],
            [
              80.35731451536877,
              7.057618303111719
            ],
            [
              80.35732132817665,
              7.057612821942523
            ],
            [
              80.3573429358448,
              7.057583669466697
            ],
            [
              80.3573504045845,
              7.05756477308254
            ],
            [
              80.35736299960487,
              7.057544772982486
            ],
            [
              80.35737102538155,
              7.057516545239239
            ],
            [
              80.35737650490437,
              7.0575087891277075
            ],
            [
              80.35738778973534,
              7.057497338731583
            ],
            [
              80.35741342564471,
              7.057453107710111
            ],
            [
              80.35743132261497,
              7.057392602427652
            ],
            [
              80.35743639413596,
              7.0573819657023105
            ],
            [
              80.35744673077242,
              7.057370660534277
            ],
            [
              80.3574492909461,
              7.05736569452293
            ],
            [
              80.35745646230588,
              7.057335263953918
            ],
            [
              80.35746730782135,
              7.057315405263286
            ],
            [
              80.35747511585232,
              7.057290771854145
            ],
            [
              80.35749102277087,
              7.057260387680991
            ],
            [
              80.35750335625387,
              7.057229119376931
            ],
            [
              80.35751104378382,
              7.05720454007324
            ],
            [
              80.35752298084829,
              7.05717971787013
            ],
            [
              80.35753883153595,
              7.057124447043419
            ],
            [
              80.35754563101622,
              7.057110895557139
            ],
            [
              80.35755808225731,
              7.0570940285738395
            ],
            [
              80.35756535510158,
              7.057068129880492
            ],
            [
              80.35760294761269,
              7.0570111350714955
            ],
            [
              80.35762094302554,
              7.056988863860393
            ],
            [
              80.35764653402512,
              7.0569640324013445
            ],
            [
              80.35768275961114,
              7.056937031112636
            ],
            [
              80.35771051779518,
              7.056923666755686
            ],
            [
              80.35778068819438,
              7.056899856339242
            ],
            [
              80.35780171347582,
              7.056898385539232
            ],
            [
              80.35781901394714,
              7.056901409694558
            ],
            [
              80.3578305501617,
              7.056909227211491
            ],
            [
              80.35783789626298,
              7.056920818127132
            ],
            [
              80.35784006544634,
              7.056920988450822
            ],
            [
              80.35784462723757,
              7.0569182024149475
            ],
            [
              80.35785168908876,
              7.056910045953252
            ],
            [
              80.35785624764299,
              7.056908951400324
            ],
            [
              80.35786239283549,
              7.056911566734388
            ],
            [
              80.35787679544393,
              7.056921506623076
            ],
            [
              80.35789169467024,
              7.056925214922238
            ],
            [
              80.35793838929061,
              7.056918924764578
            ],
            [
              80.35796281744857,
              7.056921866455305
            ],
            [
              80.35797976819684,
              7.056920456979164
            ],
            [
              80.35798453290423,
              7.0569182555529935
            ],
            [
              80.35799113368255,
              7.056911561998621
            ],
            [
              80.35799610942347,
              7.056902083847866
            ],
            [
              80.35800057635754,
              7.056897171109178
            ],
            [
              80.358017503142,
              7.056886211477846
            ],
            [
              80.35803554358233,
              7.056879213448265
            ],
            [
              80.35803815971671,
              7.056873054423033
            ],
            [
              80.3580439293093,
              7.05684533100631
            ],
            [
              80.35804682680251,
              7.056839996402794
            ],
            [
              80.35805140590483,
              7.0568358164942016
            ],
            [
              80.35805829311869,
              7.056832832846268
            ],
            [
              80.35807172775694,
              7.056831648284125
            ],
            [
              80.3581041691508,
              7.056848277613339
            ],
            [
              80.35811401879621,
              7.056855914610323
            ],
            [
              80.35812729300187,
              7.056869312801059
            ],
            [
              80.35814691882966,
              7.056895850010521
            ],
            [
              80.35816409438918,
              7.056915279602361
            ],
            [
              80.35820171182121,
              7.056947925475234
            ],
            [
              80.35821625781163,
              7.056971439965723
            ],
            [
              80.35822467751308,
              7.056981244078929
            ],
            [
              80.35826152029723,
              7.05701623344742
            ],
            [
              80.35827203913023,
              7.057023822516428
            ],
            [
              80.35828907745682,
              7.057033113844318
            ],
            [
              80.35829780570421,
              7.0570424127433515
            ],
            [
              80.3583054734644,
              7.057061735188549
            ],
            [
              80.35830591443542,
              7.057074864271673
            ],
            [
              80.35829970805219,
              7.057083802533703
            ],
            [
              80.35828571370071,
              7.057092982455786
            ],
            [
              80.35827718932127,
              7.057101982657665
            ],
            [
              80.35827400452787,
              7.057113435168442
            ],
            [
              80.35827585812581,
              7.0571231678410395
            ],
            [
              80.35828396839581,
              7.057138068604472
            ],
            [
              80.358309231477,
              7.057167233102817
            ],
            [
              80.35833812870256,
              7.057192649663928
            ],
            [
              80.35834399000396,
              7.05719694071245
            ],
            [
              80.35836064646443,
              7.057204758019623
            ],
            [
              80.35836442951774,
              7.057209250636991
            ],
            [
              80.35837580653559,
              7.057245891053799
            ],
            [
              80.35837894443445,
              7.057269801424506
            ],
            [
              80.35837423501216,
              7.057308776957749
            ],
            [
              80.35837485012947,
              7.057336150053606
            ],
            [
              80.35836554350584,
              7.057358258663106
            ],
            [
              80.35835774353535,
              7.057381673688424
            ],
            [
              80.35835366270386,
              7.057402080807058
            ],
            [
              80.35835619238568,
              7.057417274205338
            ],
            [
              80.35836550353474,
              7.057444472015211
            ],
            [
              80.35837017030691,
              7.057468676653518
            ],
            [
              80.35836933125064,
              7.057518433277689
            ],
            [
              80.35836134248228,
              7.057557304802944
            ],
            [
              80.35835732688963,
              7.057612515952076
            ],
            [
              80.35833242000022,
              7.05768627580025
            ],
            [
              80.35832899231772,
              7.057693293023076
            ],
            [
              80.35831220487266,
              7.057716794285833
            ],
            [
              80.35829042192827,
              7.057763454823745
            ],
            [
              80.35826991482179,
              7.057791650954266
            ],
            [
              80.35825171407778,
              7.057823629417904
            ],
            [
              80.35824330622566,
              7.057842675585928
            ],
            [
              80.35822333787985,
              7.057871504727145
            ],
            [
              80.35820588861114,
              7.057895618352159
            ],
            [
              80.35818067716087,
              7.057924904309954
            ],
            [
              80.35816710490506,
              7.057938545086936
            ],
            [
              80.35813810092161,
              7.0579636414302565
            ],
            [
              80.35812299624502,
              7.057979559536083
            ],
            [
              80.35811287953773,
              7.058001444507146
            ],
            [
              80.35810548933283,
              7.058033670296801
            ],
            [
              80.35809548896742,
              7.05806508564785
            ],
            [
              80.3580823093981,
              7.058090088873331
            ],
            [
              80.35807022885669,
              7.058107330858134
            ],
            [
              80.35806311855285,
              7.058124353543855
            ],
            [
              80.3580210749045,
              7.058176067896276
            ],
            [
              80.35801115548944,
              7.058185531104714
            ],
            [
              80.35799824994871,
              7.058194992919
            ],
            [
              80.35798789432523,
              7.058211528115382
            ],
            [
              80.35797825441479,
              7.0582238174865255
            ],
            [
              80.35795577999312,
              7.058265635960146
            ],
            [
              80.35794618971516,
              7.058288554633523
            ],
            [
              80.35793486378985,
              7.05830813497996
            ],
            [
              80.35792744499379,
              7.058328902933294
            ],
            [
              80.35791880978604,
              7.058342086464732
            ],
            [
              80.35790800474146,
              7.058354254831915
            ],
            [
              80.3578848061054,
              7.058371007536171
            ],
            [
              80.35783436975812,
              7.058397230369256
            ],
            [
              80.35782282518144,
              7.058400706908566
            ],
            [
              80.35779581930507,
              7.058400951964959
            ],
            [
              80.35775747666376,
              7.058406304726676
            ],
            [
              80.35771039647611,
              7.058403184405635
            ],
            [
              80.35768914287084,
              7.058404717294304
            ],
            [
              80.35766356233017,
              7.058402206366151
            ],
            [
              80.35763512270232,
              7.058396209932075
            ],
            [
              80.35760286069842,
              7.05839585074743
            ],
            [
              80.35756519335288,
              7.058392128281613
            ],
            [
              80.35754529631366,
              7.058398095270568
            ],
            [
              80.35752370217686,
              7.058399691905168
            ],
            [
              80.35747351631252,
              7.05841169388515
            ],
            [
              80.35745333391378,
              7.058412515461247
            ],
            [
              80.35740155983623,
              7.058409477291624
            ],
            [
              80.35736417336125,
              7.058402340562985
            ],
            [
              80.35734987427568,
              7.058395440048361
            ],
            [
              80.35731914740636,
              7.058376403330641
            ],
            [
              80.35729275853755,
              7.05835732735798
            ],
            [
              80.35728039836789,
              7.058346217979632
            ],
            [
              80.35726358609087,
              7.058326635988298
            ],
            [
              80.35725555020575,
              7.058319520675328
            ],
            [
              80.35724674016524,
              7.0583163480844835
            ],
            [
              80.35723733754925,
              7.058315448687498
            ],
            [
              80.35722956932301,
              7.058317773507782
            ],
            [
              80.35722172249808,
              7.0583225965553495
            ],
            [
              80.35720273883618,
              7.05834577273013
            ],
            [
              80.35719363595453,
              7.0583638744831285
            ],
            [
              80.35718348644633,
              7.058379965814086
            ],
            [
              80.35717515453962,
              7.058399709461497
            ],
            [
              80.35716421182585,
              7.058413863082198
            ],
            [
              80.357154684196,
              7.058431378108098
            ],
            [
              80.3571257340647,
              7.05846200661261
            ],
            [
              80.35710475702521,
              7.058491450298025
            ],
            [
              80.35708750014358,
              7.058523718553754
            ],
            [
              80.35707632685371,
              7.058567817508599
            ],
            [
              80.35706924296056,
              7.058605032226144
            ],
            [
              80.35706797875088,
              7.058626182214742
            ],
            [
              80.35707563231273,
              7.058699059672811
            ],
            [
              80.3570759408868,
              7.058716244521823
            ],
            [
              80.35707413450726,
              7.058773335603793
            ],
            [
              80.35706800877597,
              7.0588071152986505
            ],
            [
              80.35706669258346,
              7.0588259107015
            ],
            [
              80.35706381991635,
              7.058918845368452
            ],
            [
              80.35706503497009,
              7.058955607489822
            ],
            [
              80.35706306020961,
              7.059023167468334
            ],
            [
              80.35705837553681,
              7.059070348981984
            ],
            [
              80.35703476417993,
              7.0591354739818994
            ],
            [
              80.35702019203168,
              7.059159112110213
            ],
            [
              80.3570081197068,
              7.059172320734677
            ],
            [
              80.35697399009474,
              7.059202524190447
            ],
            [
              80.35695689606408,
              7.059213215799325
            ],
            [
              80.35688632080827,
              7.059244703219837
            ],
            [
              80.35687009147466,
              7.059248176894909
            ],
            [
              80.35679829181011,
              7.059258207864717
            ],
            [
              80.35678444917355,
              7.059258429392223
            ],
            [
              80.35676519967221,
              7.059255732661698
            ],
            [
              80.35675058071433,
              7.059252282500894
            ],
            [
              80.35673856589375,
              7.059246794385929
            ],
            [
              80.35672794946443,
              7.059239708974235
            ],
            [
              80.35671910300617,
              7.059230772602818
            ],
            [
              80.35670391681327,
              7.059209936428845
            ],
            [
              80.35669842034913,
              7.059197813463298
            ],
            [
              80.35669435982498,
              7.059181818338804
            ],
            [
              80.3566896093345,
              7.059148141249182
            ],
            [
              80.3566802700671,
              7.05909940269501
            ],
            [
              80.35668285885347,
              7.059035715899064
            ],
            [
              80.35668084231845,
              7.059006309286255
            ],
            [
              80.3566863399167,
              7.05897434504691
            ],
            [
              80.35668320186377,
              7.058959129097124
            ],
            [
              80.35668451337403,
              7.058938491145505
            ],
            [
              80.3566771981582,
              7.058915685786641
            ],
            [
              80.35667611175057,
              7.058892002566479
            ],
            [
              80.35667746572167,
              7.058883888008952
            ],
            [
              80.35668425914268,
              7.058866240782044
            ],
            [
              80.35668496348462,
              7.058853193785016
            ],
            [
              80.35668053713941,
              7.058844429037015
            ],
            [
              80.35667149119003,
              7.058835056402758
            ],
            [
              80.35661656555806,
              7.058791158507664
            ],
            [
              80.3565974659204,
              7.058780928981997
            ],
            [
              80.35658476983136,
              7.058771137939903
            ],
            [
              80.35657360518034,
              7.058736846870265
            ],
            [
              80.35656853810853,
              7.058715397799356
            ],
            [
              80.35656617060526,
              7.0586791949048395
            ],
            [
              80.3565693026364,
              7.058644365445598
            ],
            [
              80.35655994610143,
              7.058598963708712
            ],
            [
              80.35655703506701,
              7.058574098454747
            ],
            [
              80.35654801531136,
              7.058535938917216
            ],
            [
              80.35653550340321,
              7.058504906850868
            ],
            [
              80.35653401685707,
              7.0584910128991245
            ],
            [
              80.35653892495172,
              7.058475481503812
            ],
            [
              80.3565476410296,
              7.058462774804982
            ],
            [
              80.35656211856157,
              7.058455192118848
            ],
            [
              80.35659971111453,
              7.058442915989695
            ],
            [
              80.3566155400615,
              7.058431034084201
            ],
            [
              80.3566472076872,
              7.058399567234767
            ],
            [
              80.356675144597,
              7.058377506963649
            ],
            [
              80.35669502937388,
              7.058357478039875
            ],
            [
              80.35670536126135,
              7.058348985096025
            ],
            [
              80.35673998011045,
              7.0583113135544036
            ],
            [
              80.35675860997439,
              7.058284708711674
            ],
            [
              80.35678811342041,
              7.058255986856143
            ],
            [
              80.35680152346607,
              7.05824641361018
            ],
            [
              80.35682231455628,
              7.058236232735583
            ],
            [
              80.35685495507042,
              7.058228683209595
            ],
            [
              80.35687303854539,
              7.058228600488139
            ],
            [
              80.35691119928507,
              7.058233011137328
            ],
            [
              80.35695067626943,
              7.058229083751324
            ],
            [
              80.35698854943575,
              7.058211593309881
            ],
            [
              80.35700290931945,
              7.058203302192865
            ],
            [
              80.35702116923655,
              7.058180346641353
            ],
            [
              80.35705258740128,
              7.058175424910617
            ],
            [
              80.35706782024896,
              7.058168354311982
            ],
            [
              80.35709332147061,
              7.05814894276457
            ],
            [
              80.35710122676562,
              7.058138491760313
            ],
            [
              80.3571131176149,
              7.058106516417754
            ],
            [
              80.35711439923523,
              7.0580937406706985
            ],
            [
              80.35711214467017,
              7.058083922416767
            ],
            [
              80.35709805770381,
              7.058057827878471
            ],
            [
              80.35705604275572,
              7.058009307538695
            ],
            [
              80.35704041116709,
              7.057994987963878
            ],
            [
              80.35702396247898,
              7.057988172219754
            ],
            [
              80.35700316805345,
              7.0579830700161255
            ],
            [
              80.3569943687098,
              7.057978057604438
            ],
            [
              80.35698405277155,
              7.057963855704747
            ],
            [
              80.35697609865863,
              7.057944080578341
            ],
            [
              80.35697436858003,
              7.057928843955889
            ],
            [
              80.35697546340663,
              7.057906430093368
            ],
            [
              80.35697150512304,
              7.057877368146909
            ],
            [
              80.35697207244766,
              7.057868462841514
            ],
            [
              80.35697633212658,
              7.057851037346719
            ],
            [
              80.35698609542028,
              7.0578300555518
            ],
            [
              80.35699111246872,
              7.057801169691551
            ],
            [
              80.35700090055568,
              7.057769440202608
            ],
            [
              80.35700331864895,
              7.057751963325271
            ],
            [
              80.35700422606021,
              7.057721013073361
            ],
            [
              80.35700386059352,
              7.057713559171808
            ],
            [
              80.35700208003999,
              7.057709307196578
            ],
            [
              80.35699409107053,
              7.05770232310295
            ],
            [
              80.35698048791892,
              7.057695036395402
            ],
            [
              80.35697330662825,
              7.0576867183151775
            ],
            [
              80.35696662783195,
              7.057674480656823
            ],
            [
              80.3569570735578,
              7.0576457131167345
            ],
            [
              80.35693109933364,
              7.057609000101208
            ],
            [
              80.35692711260535,
              7.057606449237015
            ],
            [
              80.35691334577733,
              7.057602950509953
            ],
            [
              80.35690396601305,
              7.05759797076545
            ],
            [
              80.35688276186795,
              7.057577477269472
            ],
            [
              80.35684557711218,
              7.057550861545233
            ],
            [
              80.3568380275024,
              7.05754306306545
            ],
            [
              80.35679950247167,
              7.057492355819819
            ],
            [
              80.35675114153919,
              7.057437188305583
            ],
            [
              80.35673654370486,
              7.057415202373915
            ],
            [
              80.35672848151853,
              7.0574055127006945
            ],
            [
              80.35670447082036,
              7.057387442207136
            ],
            [
              80.35669552232571,
              7.057382918036259
            ],
            [
              80.3566851893212,
              7.057380434405156
            ],
            [
              80.35667623835668,
              7.057380321665062
            ],
            [
              80.35666377261693,
              7.057383400719883
            ],
            [
              80.35663548025356,
              7.057396707287005
            ],
            [
              80.35662470912358,
              7.057403982117119
            ],
            [
              80.35658644656668,
              7.057441875673432
            ],
            [
              80.35657002241453,
              7.057461892180536
            ],
            [
              80.35655149664741,
              7.057488536961826
            ],
            [
              80.3564984367922,
              7.057549208100071
            ],
            [
              80.35646007016125,
              7.05758311610363
            ],
            [
              80.35645139766729,
              7.057587225224083
            ],
            [
              80.3564371570288,
              7.057591134000487
            ],
            [
              80.35640755966004,
              7.05759610614395
            ],
            [
              80.35637836676678,
              7.0575868441208245
            ],
            [
              80.35636027485113,
              7.057577982737013
            ],
            [
              80.35635229140755,
              7.057571595636459
            ],
            [
              80.35633531863847,
              7.057553539352124
            ],
            [
              80.35632387986456,
              7.0575361528209015
            ],
            [
              80.35631568300442,
              7.05753022945375
            ],
            [
              80.35629704852255,
              7.057522178690587
            ],
            [
              80.35627393039482,
              7.057508840143108
            ],
            [
              80.35626147321932,
              7.0575037521204536
            ],
            [
              80.35624663780288,
              7.057499732695617
            ],
            [
              80.35622372830821,
              7.057497257036182
            ],
            [
              80.35619756080625,
              7.057491690596747
            ],
            [
              80.35616926901085,
              7.057488850218352
            ],
            [
              80.35615580114018,
              7.0574898266339074
            ],
            [
              80.3561478475507,
              7.057491977509953
            ],
            [
              80.35612387873809,
              7.057507816383794
            ],
            [
              80.35610190261592,
              7.057517881622547
            ],
            [
              80.35607931533498,
              7.0575364550102835
            ],
            [
              80.35606249399032,
              7.05754707189023
            ],
            [
              80.35604717172738,
              7.057553332771431
            ],
            [
              80.3560380657393,
              7.057553359103883
            ],
            [
              80.35602854900459,
              7.057551188650128
            ],
            [
              80.35599823171708,
              7.057535928867581
            ],
            [
              80.3559652666244,
              7.057532032764353
            ],
            [
              80.35595784253108,
              7.05752776576288
            ],
            [
              80.35595248785862,
              7.057522479488277
            ],
            [
              80.35594473497433,
              7.057505200247669
            ],
            [
              80.35593394634746,
              7.057494996640452
            ],
            [
              80.35591352401562,
              7.057458516466651
            ],
            [
              80.35589655633858,
              7.057441377377169
            ],
            [
              80.35589212628066,
              7.057431387873532
            ],
            [
              80.35588966091352,
              7.057416887434255
            ],
            [
              80.35589198983506,
              7.0573951717758545
            ],
            [
              80.35588643472566,
              7.057342325498256
            ],
            [
              80.35588862841561,
              7.057297922020363
            ],
            [
              80.35588743977307,
              7.0572794469918545
            ],
            [
              80.3558832784277,
              7.057259781106923
            ],
            [
              80.3558691175646,
              7.057224988395501
            ],
            [
              80.35586362443904,
              7.057204587092054
            ],
            [
              80.3558672408939,
              7.057180246430693
            ],
            [
              80.35586353108586,
              7.057150301994044
            ],
            [
              80.35586475225661,
              7.057132808096858
            ],
            [
              80.35586997755593,
              7.057112475856109
            ],
            [
              80.35588860302008,
              7.057059577917594
            ],
            [
              80.3558966474934,
              7.057049971964968
            ],
            [
              80.35593605057586,
              7.057012321552115
            ],
            [
              80.3559525268777,
              7.056998469569454
            ],
            [
              80.35597369885622,
              7.056987818894338
            ],
            [
              80.35600344395505,
              7.056975510267585
            ],
            [
              80.35600781536486,
              7.056974870457824
            ],
            [
              80.35601696633884,
              7.056977662728859
            ],
            [
              80.35603155741754,
              7.056985505306452
            ],
            [
              80.35606220990576,
              7.056994707852355
            ],
            [
              80.35607266090716,
              7.057002867637919
            ],
            [
              80.35608065890868,
              7.057016399711676
            ],
            [
              80.35608754271166,
              7.057040131633287
            ],
            [
              80.3561000945772,
              7.0570651377272
            ],
            [
              80.35611893997343,
              7.057124964569684
            ],
            [
              80.35612991131681,
              7.05714315821275
            ],
            [
              80.3561489402958,
              7.057166460948515
            ],
            [
              80.35615788326062,
              7.057180875345182
            ],
            [
              80.35616559282411,
              7.057188883908096
            ],
            [
              80.35618876633575,
              7.0572060297382775
            ],
            [
              80.35621548894302,
              7.057217427597527
            ],
            [
              80.35622474891132,
              7.057219976694455
            ],
            [
              80.35623394098171,
              7.057219898013271
            ],
            [
              80.35624558301505,
              7.057217299952831
            ],
            [
              80.35627882892699,
              7.0572020826187885
            ],
            [
              80.35629736086996,
              7.057184075295055
            ],
            [
              80.3563252773834,
              7.057153139678756
            ],
            [
              80.35634318090112,
              7.057130581657559
            ],
            [
              80.35635492213177,
              7.057110576791714
            ],
            [
              80.35637469968722,
              7.057094066383943
            ],
            [
              80.35642586848545,
              7.057045533364375
            ],
            [
              80.35645917318905,
              7.057010028201981
            ],
            [
              80.35646835935968,
              7.056996519823984
            ],
            [
              80.35647526361888,
              7.0569812037455675
            ],
            [
              80.3564807989233,
              7.056952733789422
            ],
            [
              80.35648039717974,
              7.056943362216286
            ],
            [
              80.35647321958685,
              7.056898951238082
            ],
            [
              80.3564689385596,
              7.056851856868876
            ],
            [
              80.35646942759408,
              7.056834740960143
            ],
            [
              80.35647450514743,
              7.056813191901709
            ],
            [
              80.35648797031831,
              7.056785968476297
            ],
            [
              80.35650802080316,
              7.05675670353907
            ],
            [
              80.3565165599253,
              7.05674688026209
            ],
            [
              80.35652806625555,
              7.056739602828327
            ],
            [
              80.35655979001392,
              7.056727720214707
            ]
          ]
        ]
      },
      "properties": {
        "OBJECTID": 142,
        "Entity": "3DPolyline",
        "Handle": "82EA4",
        "Layer": "Contour_Line_Major",
        "LyrFrzn": 0,
        "LyrOn": 1,
        "Color": 35,
        "Linetype": "Continuous",
        "Elevation": 100,
        "LineWt": 25,
        "RefName": "",
        "DocUpdate": 1783359710000,
        "DocId": 1.1061215596273316e+19,
        "t0": null,
        "t00": null,
        "Shape_Length": 1275.0110538889926,
        "Shape_Area": 32055.962338460093
      }
    },
    {
      "type": "Feature",
      "id": 143,
      "geometry": {
        "type": "Polygon",
        "coordinates": [
          [
            [
              80.34861130360257,
              7.057992094199484
            ],
            [
              80.34860910543449,
              7.057997113121832
            ],
            [
              80.34860835174781,
              7.057991547357534
            ],
            [
              80.34861130360257,
              7.057992094199484
            ]
          ]
        ]
      },
      "properties": {
        "OBJECTID": 143,
        "Entity": "3DPolyline",
        "Handle": "8305F",
        "Layer": "Contour_Line_Major",
        "LyrFrzn": 0,
        "LyrOn": 1,
        "Color": 35,
        "Linetype": "Continuous",
        "Elevation": 100,
        "LineWt": 25,
        "RefName": "",
        "DocUpdate": 1783359710000,
        "DocId": 1.1061215596273316e+19,
        "t0": null,
        "t00": null,
        "Shape_Length": 1.5581448835771325,
        "Shape_Area": 0.09778536002571077
      }
    },
    {
      "type": "Feature",
      "id": 144,
      "geometry": {
        "type": "Polygon",
        "coordinates": [
          [
            [
              80.35487154245077,
              7.056544482522642
            ],
            [
              80.35490130498985,
              7.05652415073548
            ],
            [
              80.35491566902019,
              7.056518733404648
            ],
            [
              80.35493711984769,
              7.056515291427483
            ],
            [
              80.35497602390126,
              7.056511763210986
            ],
            [
              80.3549890475085,
              7.056511200491854
            ],
            [
              80.35499880459285,
              7.056512400727048
            ],
            [
              80.3550165843186,
              7.0565184621806365
            ],
            [
              80.35508479528863,
              7.056550333752156
            ],
            [
              80.35512148566266,
              7.05657617101582
            ],
            [
              80.35514383245216,
              7.0565991979628855
            ],
            [
              80.35515272222084,
              7.05661276565406
            ],
            [
              80.35516221161632,
              7.056634017321915
            ],
            [
              80.3551794920741,
              7.056680261290946
            ],
            [
              80.35518232844733,
              7.056695558238311
            ],
            [
              80.35517756400553,
              7.0567296174751375
            ],
            [
              80.35517874114727,
              7.05675245688476
            ],
            [
              80.35517652881914,
              7.056805703999968
            ],
            [
              80.35517229518712,
              7.056825860311132
            ],
            [
              80.35516122606884,
              7.056856753999745
            ],
            [
              80.35515756944045,
              7.056889817060381
            ],
            [
              80.35515336797802,
              7.05689785079309
            ],
            [
              80.35513630320044,
              7.056912958336578
            ],
            [
              80.3551191712406,
              7.056936044718927
            ],
            [
              80.35505130484545,
              7.056969168318476
            ],
            [
              80.35501543491004,
              7.056981161781209
            ],
            [
              80.35500311789302,
              7.056988000258288
            ],
            [
              80.35499328970938,
              7.0569956381676615
            ],
            [
              80.35498025276851,
              7.057010399404654
            ],
            [
              80.35496682350663,
              7.05703320144438
            ],
            [
              80.35495703813743,
              7.05705372998695
            ],
            [
              80.35495472540313,
              7.057065687500721
            ],
            [
              80.35495425728018,
              7.057078776427213
            ],
            [
              80.35495746789775,
              7.057128510568983
            ],
            [
              80.35496683785794,
              7.0571817456442325
            ],
            [
              80.35498127975681,
              7.05722342682424
            ],
            [
              80.35500808696598,
              7.057277675558726
            ],
            [
              80.35501595458929,
              7.057304263573568
            ],
            [
              80.35502242203881,
              7.057343547561944
            ],
            [
              80.35502292529493,
              7.057362632205847
            ],
            [
              80.35501994151826,
              7.057397562255642
            ],
            [
              80.35501491574436,
              7.057407817297849
            ],
            [
              80.354996414173,
              7.05743000719219
            ],
            [
              80.35498914498336,
              7.0574361579575005
            ],
            [
              80.3549776547495,
              7.057441591018147
            ],
            [
              80.35494631084916,
              7.057450451978538
            ],
            [
              80.35491787275069,
              7.057455851666486
            ],
            [
              80.35491275714381,
              7.057459052993877
            ],
            [
              80.35490216110547,
              7.057471293034108
            ],
            [
              80.35488602766937,
              7.057486631605333
            ],
            [
              80.35487971058754,
              7.057489152868084
            ],
            [
              80.35486602195289,
              7.057488705197859
            ],
            [
              80.35483486122176,
              7.05748036841793
            ],
            [
              80.35483029159985,
              7.057480294261484
            ],
            [
              80.35481517376823,
              7.057484728216286
            ],
            [
              80.35480565586805,
              7.057485367232371
            ],
            [
              80.35479503942666,
              7.057484225503073
            ],
            [
              80.35477994870246,
              7.057479547176066
            ],
            [
              80.35477041734694,
              7.0574787877567235
            ],
            [
              80.35475818649309,
              7.057481585772561
            ],
            [
              80.35472159701831,
              7.057493997014801
            ],
            [
              80.35469439874477,
              7.057498533664091
            ],
            [
              80.35465043217857,
              7.057501515745333
            ],
            [
              80.35461609510523,
              7.0574952007250715
            ],
            [
              80.3546047602431,
              7.057489128264963
            ],
            [
              80.35459315131843,
              7.0574723945384985
            ],
            [
              80.35458562424877,
              7.057466002613792
            ],
            [
              80.35457672910597,
              7.05746154450905
            ],
            [
              80.35456175753765,
              7.0574571295606106
            ],
            [
              80.35455295336594,
              7.057451056076034
            ],
            [
              80.35453929167289,
              7.057437046692548
            ],
            [
              80.35453047123266,
              7.057421803881514
            ],
            [
              80.35451357637852,
              7.057367178071047
            ],
            [
              80.35451161214526,
              7.057354359857786
            ],
            [
              80.35451145272586,
              7.057345910346131
            ],
            [
              80.35451504071649,
              7.057320599997516
            ],
            [
              80.35450751942636,
              7.057276059181748
            ],
            [
              80.35450679601999,
              7.0572394397618785
            ],
            [
              80.35450366626162,
              7.057192809203825
            ],
            [
              80.35449977197014,
              7.057167994145129
            ],
            [
              80.35450123310127,
              7.0571596707961275
            ],
            [
              80.35453406562661,
              7.057098451824765
            ],
            [
              80.35454547683217,
              7.057082090034827
            ],
            [
              80.35456308459403,
              7.057063277373075
            ],
            [
              80.35459695116471,
              7.057039271623016
            ],
            [
              80.35463428202365,
              7.057007999981434
            ],
            [
              80.3546511569463,
              7.0569887774512905
            ],
            [
              80.35466617902449,
              7.056966523060408
            ],
            [
              80.35466878295861,
              7.056958090936671
            ],
            [
              80.35467215610497,
              7.056928380614436
            ],
            [
              80.35466976200063,
              7.056895798551318
            ],
            [
              80.35467031345206,
              7.0568728891693215
            ],
            [
              80.35466683850268,
              7.056840132845162
            ],
            [
              80.3546664582238,
              7.056821828083762
            ],
            [
              80.35467078277748,
              7.0567876868391695
            ],
            [
              80.35467699146992,
              7.056769934813745
            ],
            [
              80.35474025028026,
              7.056697463817241
            ],
            [
              80.35475976732307,
              7.0566807948268595
            ],
            [
              80.35477533541277,
              7.0566637332351245
            ],
            [
              80.35478603129552,
              7.0566480334751605
            ],
            [
              80.35480313059966,
              7.05662826219289
            ],
            [
              80.35484041290964,
              7.056575783563181
            ],
            [
              80.35485286133887,
              7.05656165559716
            ],
            [
              80.35487154245077,
              7.056544482522642
            ]
          ]
        ]
      },
      "properties": {
        "OBJECTID": 144,
        "Entity": "3DPolyline",
        "Handle": "83065",
        "Layer": "Contour_Line_Major",
        "LyrFrzn": 0,
        "LyrOn": 1,
        "Color": 35,
        "Linetype": "Continuous",
        "Elevation": 100,
        "LineWt": 25,
        "RefName": "",
        "DocUpdate": 1783359710000,
        "DocId": 1.1061215596273316e+19,
        "t0": null,
        "t00": null,
        "Shape_Length": 311.1527134387399,
        "Shape_Area": 5071.151429337468
      }
    },
    {
      "type": "Feature",
      "id": 145,
      "geometry": {
        "type": "Polygon",
        "coordinates": [
          [
            [
              80.35385988246932,
              7.056904898627541
            ],
            [
              80.35388924998647,
              7.056877613180119
            ],
            [
              80.35392625312846,
              7.056856120105902
            ],
            [
              80.35396194718827,
              7.056846253054154
            ],
            [
              80.35397435179655,
              7.056844161742766
            ],
            [
              80.35401465985456,
              7.056841538281611
            ],
            [
              80.3540383438894,
              7.056841731158633
            ],
            [
              80.3540527534898,
              7.056838070532301
            ],
            [
              80.35406824592128,
              7.056831192152627
            ],
            [
              80.35407642870116,
              7.05683091311832
            ],
            [
              80.35408854004966,
              7.056834626723783
            ],
            [
              80.35409746899751,
              7.056839506398009
            ],
            [
              80.3541163692419,
              7.056855002864513
            ],
            [
              80.35414306672814,
              7.056873360317951
            ],
            [
              80.35416747041074,
              7.056893926192329
            ],
            [
              80.35420894994135,
              7.056933224251458
            ],
            [
              80.35422673080909,
              7.056967858288296
            ],
            [
              80.35423000161438,
              7.057019186307777
            ],
            [
              80.35422743322825,
              7.057035933896663
            ],
            [
              80.35422455634142,
              7.057041395136266
            ],
            [
              80.35420664140597,
              7.057059713481343
            ],
            [
              80.35417488165676,
              7.057100121392375
            ],
            [
              80.35415203975796,
              7.057122717715455
            ],
            [
              80.35412282096563,
              7.057147873197616
            ],
            [
              80.35407008826168,
              7.057199013370413
            ],
            [
              80.35403940715209,
              7.057231375991662
            ],
            [
              80.35399848098889,
              7.057258566755862
            ],
            [
              80.35396448686774,
              7.057275275372744
            ],
            [
              80.35394642914191,
              7.057287510489636
            ],
            [
              80.35393135926086,
              7.057292624694665
            ],
            [
              80.35392659437936,
              7.057292979010343
            ],
            [
              80.35391661465025,
              7.057289092869829
            ],
            [
              80.35389307784357,
              7.057271514966457
            ],
            [
              80.35386518904353,
              7.057258202266753
            ],
            [
              80.3538535013475,
              7.0572493252333075
            ],
            [
              80.35383679981469,
              7.057232941733923
            ],
            [
              80.35383269302713,
              7.057226881071134
            ],
            [
              80.35382251585706,
              7.057199537269642
            ],
            [
              80.35379415998854,
              7.057144355566089
            ],
            [
              80.35378911938761,
              7.057131340426137
            ],
            [
              80.35378913092224,
              7.057124330272063
            ],
            [
              80.35379367060855,
              7.057108122711657
            ],
            [
              80.35379505128066,
              7.057095149024347
            ],
            [
              80.3537920697609,
              7.057070945789878
            ],
            [
              80.35379251149656,
              7.057039696420063
            ],
            [
              80.35378680785514,
              7.057022955474476
            ],
            [
              80.35378792061628,
              7.057015133665132
            ],
            [
              80.3537984472723,
              7.05700396814682
            ],
            [
              80.3538012790234,
              7.056999064947786
            ],
            [
              80.35381374691178,
              7.056964409453322
            ],
            [
              80.35383376975831,
              7.056943441031941
            ],
            [
              80.35384197960228,
              7.0569295252232305
            ],
            [
              80.35385988246932,
              7.056904898627541
            ]
          ]
        ]
      },
      "properties": {
        "OBJECTID": 145,
        "Entity": "3DPolyline",
        "Handle": "830CF",
        "Layer": "Contour_Line_Major",
        "LyrFrzn": 0,
        "LyrOn": 1,
        "Color": 35,
        "Linetype": "Continuous",
        "Elevation": 100,
        "LineWt": 25,
        "RefName": "",
        "DocUpdate": 1783359710000,
        "DocId": 1.1061215596273316e+19,
        "t0": null,
        "t00": null,
        "Shape_Length": 153.28229541934155,
        "Shape_Area": 1711.274538686211
      }
    },
    {
      "type": "Feature",
      "id": 146,
      "geometry": {
        "type": "Polygon",
        "coordinates": [
          [
            [
              80.35207559879746,
              7.0563597028075105
            ],
            [
              80.35207831883855,
              7.056351799113137
            ],
            [
              80.352082823249,
              7.056345366864585
            ],
            [
              80.35209893865834,
              7.056330649786709
            ],
            [
              80.35211003954176,
              7.056313506110426
            ],
            [
              80.35211543207633,
              7.056299985326654
            ],
            [
              80.35211834412294,
              7.056295948797522
            ],
            [
              80.35213520085308,
              7.056288555885028
            ],
            [
              80.35216087244619,
              7.056273645831376
            ],
            [
              80.35217270322576,
              7.056270740591404
            ],
            [
              80.35218287697462,
              7.056273762297188
            ],
            [
              80.35219045298386,
              7.056279430693938
            ],
            [
              80.35219525960048,
              7.056287473277684
            ],
            [
              80.35220555733565,
              7.056311376410753
            ],
            [
              80.3522195575564,
              7.056332547549677
            ],
            [
              80.35222928074167,
              7.056369190300454
            ],
            [
              80.35223172159425,
              7.056384305800736
            ],
            [
              80.35222961933182,
              7.056410248646737
            ],
            [
              80.35223427699351,
              7.0564479327280765
            ],
            [
              80.35223293338305,
              7.0564635269048965
            ],
            [
              80.35222404217326,
              7.05648167045088
            ],
            [
              80.35221767749402,
              7.056498891255705
            ],
            [
              80.35221406255407,
              7.056503778884656
            ],
            [
              80.35220122687144,
              7.056514403865509
            ],
            [
              80.3521833308793,
              7.056549667765669
            ],
            [
              80.35217710991859,
              7.056557295241096
            ],
            [
              80.35216297902204,
              7.056570193335891
            ],
            [
              80.3521466061074,
              7.056580608076106
            ],
            [
              80.35213442643972,
              7.0565843721413914
            ],
            [
              80.35211844012659,
              7.056585683244101
            ],
            [
              80.35210162045702,
              7.056590508223523
            ],
            [
              80.35208863051281,
              7.056592257661885
            ],
            [
              80.35207519370209,
              7.056591754180543
            ],
            [
              80.35206089336211,
              7.056587162798547
            ],
            [
              80.35204689391942,
              7.05657715184335
            ],
            [
              80.3520384245031,
              7.056567392788708
            ],
            [
              80.35203314169658,
              7.05655865123929
            ],
            [
              80.35202807644475,
              7.05654517202289
            ],
            [
              80.35202204505654,
              7.056505030214204
            ],
            [
              80.35202095500719,
              7.05647762211082
            ],
            [
              80.35202279655734,
              7.0564562079257405
            ],
            [
              80.35203123094288,
              7.0564416746650185
            ],
            [
              80.35203487429969,
              7.056425469500208
            ],
            [
              80.35203799727918,
              7.056418202255522
            ],
            [
              80.35205714395138,
              7.056387298160219
            ],
            [
              80.35207141480795,
              7.056370114562452
            ],
            [
              80.35207559879746,
              7.0563597028075105
            ]
          ]
        ]
      },
      "properties": {
        "OBJECTID": 146,
        "Entity": "3DPolyline",
        "Handle": "8310D",
        "Layer": "Contour_Line_Major",
        "LyrFrzn": 0,
        "LyrOn": 1,
        "Color": 35,
        "Linetype": "Continuous",
        "Elevation": 100,
        "LineWt": 25,
        "RefName": "",
        "DocUpdate": 1783359710000,
        "DocId": 1.1061215596273316e+19,
        "t0": null,
        "t00": null,
        "Shape_Length": 93.3394065667113,
        "Shape_Area": 592.9572318092582
      }
    },
    {
      "type": "Feature",
      "id": 147,
      "geometry": {
        "type": "Polygon",
        "coordinates": [
          [
            [
              80.35834693110031,
              7.056440727645821
            ],
            [
              80.35833908941899,
              7.056448421729896
            ],
            [
              80.35833414806781,
              7.056451346548618
            ],
            [
              80.35832748653861,
              7.0564515372954615
            ],
            [
              80.35832569480274,
              7.056449481529452
            ],
            [
              80.35832660918021,
              7.056443643987784
            ],
            [
              80.35833038227658,
              7.056440898471167
            ],
            [
              80.35834503077997,
              7.056438622885535
            ],
            [
              80.35834693110031,
              7.056440727645821
            ]
          ]
        ]
      },
      "properties": {
        "OBJECTID": 147,
        "Entity": "3DPolyline",
        "Handle": "8313E",
        "Layer": "Contour_Line_Major",
        "LyrFrzn": 0,
        "LyrOn": 1,
        "Color": 35,
        "Linetype": "Continuous",
        "Elevation": 100,
        "LineWt": 25,
        "RefName": "",
        "DocUpdate": 1783359710000,
        "DocId": 1.1061215596273316e+19,
        "t0": null,
        "t00": null,
        "Shape_Length": 6.005058430333916,
        "Shape_Area": 2.0673747604010977
      }
    },
    {
      "type": "Feature",
      "id": 148,
      "geometry": {
        "type": "Polygon",
        "coordinates": [
          [
            [
              80.35836565225257,
              7.056422662599137
            ],
            [
              80.35836275143349,
              7.056426472148157
            ],
            [
              80.3583619654536,
              7.056421916714572
            ],
            [
              80.35836565225257,
              7.056422662599137
            ]
          ]
        ]
      },
      "properties": {
        "OBJECTID": 148,
        "Entity": "3DPolyline",
        "Handle": "83149",
        "Layer": "Contour_Line_Major",
        "LyrFrzn": 0,
        "LyrOn": 1,
        "Color": 35,
        "Linetype": "Continuous",
        "Elevation": 100,
        "LineWt": 25,
        "RefName": "",
        "DocUpdate": 1783359710000,
        "DocId": 1.1061215596273316e+19,
        "t0": null,
        "t00": null,
        "Shape_Length": 1.4556669596674512,
        "Shape_Area": 0.09895465028609
      }
    },
    {
      "type": "Feature",
      "id": 149,
      "geometry": {
        "type": "Polygon",
        "coordinates": [
          [
            [
              80.35913882697466,
              7.056188544475613
            ],
            [
              80.35913759997176,
              7.056184039995986
            ],
            [
              80.35914168858395,
              7.056184930247645
            ],
            [
              80.35914521470752,
              7.056188610230068
            ],
            [
              80.3591416076963,
              7.056189759470503
            ],
            [
              80.35913882697466,
              7.056188544475613
            ]
          ]
        ]
      },
      "properties": {
        "OBJECTID": 149,
        "Entity": "3DPolyline",
        "Handle": "8314F",
        "Layer": "Contour_Line_Major",
        "LyrFrzn": 0,
        "LyrOn": 1,
        "Color": 35,
        "Linetype": "Continuous",
        "Elevation": 100,
        "LineWt": 25,
        "RefName": "",
        "DocUpdate": 1783359710000,
        "DocId": 1.1061215596273316e+19,
        "t0": null,
        "t00": null,
        "Shape_Length": 2.29479949359806,
        "Shape_Area": 0.29412700512273504
      }
    },
    {
      "type": "Feature",
      "id": 150,
      "geometry": {
        "type": "Polygon",
        "coordinates": [
          [
            [
              80.3593548358275,
              7.05609838703721
            ],
            [
              80.35934735162908,
              7.056149018291438
            ],
            [
              80.35934423121773,
              7.056161084178736
            ],
            [
              80.3593392637556,
              7.056172469127026
            ],
            [
              80.35933259092634,
              7.05618022181968
            ],
            [
              80.35932313405652,
              7.056184563292988
            ],
            [
              80.35930901820034,
              7.056183369829616
            ],
            [
              80.35929970996098,
              7.056179049640368
            ],
            [
              80.35929485702037,
              7.056171679127831
            ],
            [
              80.35929565587178,
              7.056165563731033
            ],
            [
              80.35932333772075,
              7.056099660822221
            ],
            [
              80.35932774959028,
              7.056084733841146
            ],
            [
              80.35933385735503,
              7.056078351654216
            ],
            [
              80.35934909170399,
              7.056070116831598
            ],
            [
              80.35935324034756,
              7.05606554012958
            ],
            [
              80.35935970008491,
              7.056053405556711
            ],
            [
              80.35936915822535,
              7.056050113349448
            ],
            [
              80.35937641169205,
              7.056049416857547
            ],
            [
              80.35937944559011,
              7.056056150791323
            ],
            [
              80.35937878541911,
              7.056064134251892
            ],
            [
              80.35937710529049,
              7.056067170293227
            ],
            [
              80.35936552681426,
              7.056076912572839
            ],
            [
              80.3593548358275,
              7.05609838703721
            ]
          ]
        ]
      },
      "properties": {
        "OBJECTID": 150,
        "Entity": "3DPolyline",
        "Handle": "83157",
        "Layer": "Contour_Line_Major",
        "LyrFrzn": 0,
        "LyrOn": 1,
        "Color": 35,
        "Linetype": "Continuous",
        "Elevation": 100,
        "LineWt": 25,
        "RefName": "",
        "DocUpdate": 1783359710000,
        "DocId": 1.1061215596273316e+19,
        "t0": null,
        "t00": null,
        "Shape_Length": 38.077176465309485,
        "Shape_Area": 57.117398553012904
      }
    },
    {
      "type": "Feature",
      "id": 151,
      "geometry": {
        "type": "Polygon",
        "coordinates": [
          [
            [
              80.3442095322521,
              7.0536803368012615
            ],
            [
              80.34420546423947,
              7.0536815811583855
            ],
            [
              80.34420108863598,
              7.053674923052486
            ],
            [
              80.34420521253138,
              7.053675145932108
            ],
            [
              80.3442095322521,
              7.0536803368012615
            ]
          ]
        ]
      },
      "properties": {
        "OBJECTID": 151,
        "Entity": "3DPolyline",
        "Handle": "83170",
        "Layer": "Contour_Line_Major",
        "LyrFrzn": 0,
        "LyrOn": 1,
        "Color": 35,
        "Linetype": "Continuous",
        "Elevation": 100,
        "LineWt": 25,
        "RefName": "",
        "DocUpdate": 1783359710000,
        "DocId": 1.1061215596273316e+19,
        "t0": null,
        "t00": null,
        "Shape_Length": 2.552848522069206,
        "Shape_Area": 0.32341070014208856
      }
    },
    {
      "type": "Feature",
      "id": 152,
      "geometry": {
        "type": "Polygon",
        "coordinates": [
          [
            [
              80.34412331277323,
              7.0528299513905734
            ],
            [
              80.34412662535796,
              7.052818622199313
            ],
            [
              80.34413304974787,
              7.052810605267766
            ],
            [
              80.34414672191357,
              7.052805257850716
            ],
            [
              80.34416633497074,
              7.052789320320291
            ],
            [
              80.34417412300827,
              7.052787037350924
            ],
            [
              80.34417900494321,
              7.052787112045909
            ],
            [
              80.34420392651147,
              7.052793043711379
            ],
            [
              80.34422487064515,
              7.052805349487628
            ],
            [
              80.34423394071626,
              7.052806960538053
            ],
            [
              80.34425247503334,
              7.052807383651132
            ],
            [
              80.34426162495242,
              7.0528101607607745
            ],
            [
              80.34426572751094,
              7.05281331702131
            ],
            [
              80.34427097366884,
              7.052820943297957
            ],
            [
              80.34427667346243,
              7.0528491538455285
            ],
            [
              80.3442752388854,
              7.052853290990861
            ],
            [
              80.3442724158971,
              7.052855779930414
            ],
            [
              80.34425387161848,
              7.052864367797207
            ],
            [
              80.34424085216416,
              7.052876864686162
            ],
            [
              80.34423497535447,
              7.052885668430323
            ],
            [
              80.34422910826937,
              7.0529010753049075
            ],
            [
              80.34422235048027,
              7.052908593370043
            ],
            [
              80.34421544055368,
              7.052919991683262
            ],
            [
              80.34420581328132,
              7.05292250091848
            ],
            [
              80.34417863430248,
              7.052921848576256
            ],
            [
              80.34416229331411,
              7.05292693445357
            ],
            [
              80.34415844729554,
              7.0529267789000585
            ],
            [
              80.34415406202392,
              7.052925066786456
            ],
            [
              80.34415119304693,
              7.0529209860116975
            ],
            [
              80.34414610677031,
              7.052900758859751
            ],
            [
              80.344133300276,
              7.052884162531121
            ],
            [
              80.34411821535113,
              7.0528562581050664
            ],
            [
              80.34411661262071,
              7.052847342551405
            ],
            [
              80.34412331277323,
              7.0528299513905734
            ]
          ]
        ]
      },
      "properties": {
        "OBJECTID": 152,
        "Entity": "3DPolyline",
        "Handle": "83177",
        "Layer": "Contour_Line_Major",
        "LyrFrzn": 0,
        "LyrOn": 1,
        "Color": 35,
        "Linetype": "Continuous",
        "Elevation": 100,
        "LineWt": 25,
        "RefName": "",
        "DocUpdate": 1783359710000,
        "DocId": 1.1061215596273316e+19,
        "t0": null,
        "t00": null,
        "Shape_Length": 52.113059972447125,
        "Shape_Area": 182.08009473504444
      }
    },
    {
      "type": "Feature",
      "id": 153,
      "geometry": {
        "type": "Polygon",
        "coordinates": [
          [
            [
              80.34382097753242,
              7.052350122402764
            ],
            [
              80.34382230208072,
              7.0523585445937895
            ],
            [
              80.34381753085393,
              7.052362800971796
            ],
            [
              80.34380958276499,
              7.052363010513239
            ],
            [
              80.34380620070125,
              7.052359373143493
            ],
            [
              80.34380545537914,
              7.052351767658073
            ],
            [
              80.3438077845821,
              7.052347582926158
            ],
            [
              80.34381400926354,
              7.0523457201845625
            ],
            [
              80.34382097753242,
              7.052350122402764
            ]
          ]
        ]
      },
      "properties": {
        "OBJECTID": 153,
        "Entity": "3DPolyline",
        "Handle": "8319B",
        "Layer": "Contour_Line_Major",
        "LyrFrzn": 0,
        "LyrOn": 1,
        "Color": 35,
        "Linetype": "Continuous",
        "Elevation": 100,
        "LineWt": 25,
        "RefName": "",
        "DocUpdate": 1783359710000,
        "DocId": 1.1061215596273316e+19,
        "t0": null,
        "t00": null,
        "Shape_Length": 6.0784420279829074,
        "Shape_Area": 2.75762906047245
      }
    },
    {
      "type": "Feature",
      "id": 154,
      "geometry": {
        "type": "Polygon",
        "coordinates": [
          [
            [
              80.35909784395392,
              7.061099028358309
            ],
            [
              80.35908891516328,
              7.06110248499882
            ],
            [
              80.35907255721573,
              7.0611026588115955
            ],
            [
              80.3590705706921,
              7.061100016638209
            ],
            [
              80.35906924448638,
              7.06109193004819
            ],
            [
              80.35907084255024,
              7.061080777470714
            ],
            [
              80.35907617458729,
              7.061077567351173
            ],
            [
              80.35908065454582,
              7.061078345981801
            ],
            [
              80.35909535127371,
              7.061091792241462
            ],
            [
              80.35909784395392,
              7.061099028358309
            ]
          ]
        ]
      },
      "properties": {
        "OBJECTID": 154,
        "Entity": "3DPolyline",
        "Handle": "831BE",
        "Layer": "Contour_Line_Major",
        "LyrFrzn": 0,
        "LyrOn": 1,
        "Color": 35,
        "Linetype": "Continuous",
        "Elevation": 105,
        "LineWt": 25,
        "RefName": "",
        "DocUpdate": 1783359710000,
        "DocId": 1.1061215596273316e+19,
        "t0": null,
        "t00": null,
        "Shape_Length": 9.617883458417577,
        "Shape_Area": 6.210393638937455
      }
    },
    {
      "type": "Feature",
      "id": 155,
      "geometry": {
        "type": "Polygon",
        "coordinates": [
          [
            [
              80.35696019042227,
              7.058356441418478
            ],
            [
              80.3569673367931,
              7.058355299787064
            ],
            [
              80.35698146706552,
              7.058356582895657
            ],
            [
              80.35700194324681,
              7.0583639803820954
            ],
            [
              80.35701179865117,
              7.058374667515134
            ],
            [
              80.35701554779435,
              7.058383387909492
            ],
            [
              80.35701761730625,
              7.058393454656878
            ],
            [
              80.35701618877529,
              7.058410985360125
            ],
            [
              80.35698840649233,
              7.058487639291519
            ],
            [
              80.35697432211111,
              7.058594121161912
            ],
            [
              80.35697205275781,
              7.058629775849923
            ],
            [
              80.35697259971795,
              7.058652019206826
            ],
            [
              80.35697680066669,
              7.0587033756492055
            ],
            [
              80.35698459413011,
              7.0587391789781195
            ],
            [
              80.35698581027115,
              7.058775805420102
            ],
            [
              80.35698426763176,
              7.0587828568863085
            ],
            [
              80.35697868961876,
              7.058795040571438
            ],
            [
              80.3569708403213,
              7.058827224092608
            ],
            [
              80.35697173263627,
              7.058850500908225
            ],
            [
              80.35696699784242,
              7.058871022886782
            ],
            [
              80.35696665975148,
              7.058888992888381
            ],
            [
              80.35695916137253,
              7.0589529361455705
            ],
            [
              80.35695150220029,
              7.05898512806867
            ],
            [
              80.356950250143,
              7.0590059958567535
            ],
            [
              80.35695190672021,
              7.059030530129311
            ],
            [
              80.35694823904187,
              7.059046089470172
            ],
            [
              80.35693403151272,
              7.059085006658667
            ],
            [
              80.35692879287907,
              7.0590940231163115
            ],
            [
              80.35692032698903,
              7.059103896247337
            ],
            [
              80.35691051973396,
              7.059112100465175
            ],
            [
              80.3568843307961,
              7.059125919191509
            ],
            [
              80.35687775905744,
              7.059127939919373
            ],
            [
              80.35686863376446,
              7.059128153478163
            ],
            [
              80.356823752008,
              7.0591184130604825
            ],
            [
              80.35681140407245,
              7.059110897417654
            ],
            [
              80.35680154381998,
              7.059099124826841
            ],
            [
              80.35678579219915,
              7.0590615575317965
            ],
            [
              80.3567747053231,
              7.059039775435763
            ],
            [
              80.35677066021876,
              7.059025725995311
            ],
            [
              80.35676944339268,
              7.0590020652087455
            ],
            [
              80.35677206637806,
              7.058971954927793
            ],
            [
              80.35677853028862,
              7.058929998677051
            ],
            [
              80.35677886405993,
              7.058889592496861
            ],
            [
              80.35677144081333,
              7.058831585969122
            ],
            [
              80.35676551262165,
              7.058799675629191
            ],
            [
              80.35676114148806,
              7.058790924526015
            ],
            [
              80.35675302082895,
              7.058780943509625
            ],
            [
              80.35671124720112,
              7.0587412436253425
            ],
            [
              80.35669480194109,
              7.05872799841288
            ],
            [
              80.35668667567387,
              7.05871683515597
            ],
            [
              80.35667278659906,
              7.0586825141009735
            ],
            [
              80.35665966858645,
              7.05863535147086
            ],
            [
              80.3566584017817,
              7.058624934868176
            ],
            [
              80.3566600441717,
              7.058599421005342
            ],
            [
              80.3566712468484,
              7.058550462923708
            ],
            [
              80.35668149590049,
              7.058523936986807
            ],
            [
              80.35668634153706,
              7.058503145611963
            ],
            [
              80.35669087405792,
              7.058492723435009
            ],
            [
              80.35669831715158,
              7.058482593817681
            ],
            [
              80.35671806488509,
              7.058461490112663
            ],
            [
              80.35676180813473,
              7.0584235914438755
            ],
            [
              80.35680093300431,
              7.05839993288758
            ],
            [
              80.35681646207537,
              7.058388174483175
            ],
            [
              80.35682838342669,
              7.058381996631977
            ],
            [
              80.35684405016114,
              7.058370866165992
            ],
            [
              80.35686021090318,
              7.058364586515874
            ],
            [
              80.35687546332834,
              7.05835580275533
            ],
            [
              80.35689467725598,
              7.058354728407894
            ],
            [
              80.35693361992057,
              7.058360071808332
            ],
            [
              80.35696019042227,
              7.058356441418478
            ]
          ]
        ]
      },
      "properties": {
        "OBJECTID": 155,
        "Entity": "3DPolyline",
        "Handle": "831CA",
        "Layer": "Contour_Line_Major",
        "LyrFrzn": 0,
        "LyrOn": 1,
        "Color": 35,
        "Linetype": "Continuous",
        "Elevation": 105,
        "LineWt": 25,
        "RefName": "",
        "DocUpdate": 1783359710000,
        "DocId": 1.1061215596273316e+19,
        "t0": null,
        "t00": null,
        "Shape_Length": 211.59692729163473,
        "Shape_Area": 2179.4367786599933
      }
    },
    {
      "type": "Feature",
      "id": 156,
      "geometry": {
        "type": "Polygon",
        "coordinates": [
          [
            [
              80.35795923785597,
              7.057001008676874
            ],
            [
              80.35796381902011,
              7.056999276454206
            ],
            [
              80.3579716639329,
              7.057008959477305
            ],
            [
              80.35799117254663,
              7.057023309680423
            ],
            [
              80.357998575593,
              7.057032347159264
            ],
            [
              80.3580003842933,
              7.057039832896324
            ],
            [
              80.35799693930751,
              7.057060721195596
            ],
            [
              80.35799870817445,
              7.057079372504838
            ],
            [
              80.3580031884187,
              7.057089770008356
            ],
            [
              80.35801235273775,
              7.057101288345703
            ],
            [
              80.35803691163441,
              7.05712237707076
            ],
            [
              80.35805349074099,
              7.057132443869878
            ],
            [
              80.3580822110715,
              7.057157434164389
            ],
            [
              80.35809377981346,
              7.057164652011191
            ],
            [
              80.35811332968916,
              7.057169434055154
            ],
            [
              80.35813154786085,
              7.0571694790064425
            ],
            [
              80.35816233046678,
              7.057167091742075
            ],
            [
              80.35817149219498,
              7.057170636563421
            ],
            [
              80.35817948806506,
              7.0571778775363265
            ],
            [
              80.35818320709748,
              7.057183490790577
            ],
            [
              80.35819305006244,
              7.057204526711013
            ],
            [
              80.35819961696042,
              7.057223741813019
            ],
            [
              80.35821360219592,
              7.057244844032554
            ],
            [
              80.35821826297558,
              7.057254331816653
            ],
            [
              80.35822091479973,
              7.05727155969106
            ],
            [
              80.35823142197168,
              7.0572909032274564
            ],
            [
              80.35823343342415,
              7.057301068486731
            ],
            [
              80.35823137095113,
              7.057341084258077
            ],
            [
              80.35823224177115,
              7.057404988410062
            ],
            [
              80.3582402486527,
              7.057440388595743
            ],
            [
              80.35824744651181,
              7.0574583843419525
            ],
            [
              80.35825732589508,
              7.057489796276567
            ],
            [
              80.35825988896627,
              7.057509012205147
            ],
            [
              80.35825912929893,
              7.057562913534039
            ],
            [
              80.35825267291109,
              7.057612671478964
            ],
            [
              80.35823886202401,
              7.05763917266408
            ],
            [
              80.35822902211675,
              7.057665859311741
            ],
            [
              80.35821921920268,
              7.0576834382086
            ],
            [
              80.35820414031046,
              7.057716795862042
            ],
            [
              80.35817862658745,
              7.057763072262116
            ],
            [
              80.35816168955024,
              7.057788022383948
            ],
            [
              80.35814471862602,
              7.057817193940939
            ],
            [
              80.35813666853083,
              7.057826300621798
            ],
            [
              80.35810324902194,
              7.057851854015253
            ],
            [
              80.35808833429407,
              7.057868571089215
            ],
            [
              80.35806633154658,
              7.057887456543628
            ],
            [
              80.35805041473034,
              7.057905320097653
            ],
            [
              80.35803557977924,
              7.057929847067085
            ],
            [
              80.35802602958671,
              7.057942084100146
            ],
            [
              80.35801403942494,
              7.057965359481642
            ],
            [
              80.35800816002767,
              7.057997845140864
            ],
            [
              80.35799460057056,
              7.0580370129182155
            ],
            [
              80.35797694368647,
              7.058069192923965
            ],
            [
              80.3579715344702,
              7.058087691441667
            ],
            [
              80.35796715134335,
              7.058095511481634
            ],
            [
              80.35794501535273,
              7.058123686358455
            ],
            [
              80.35792562461837,
              7.058153847759517
            ],
            [
              80.35790707265105,
              7.058175226337692
            ],
            [
              80.35789972881771,
              7.058186936342944
            ],
            [
              80.35789012772108,
              7.058195370621421
            ],
            [
              80.35788304157641,
              7.058206684792903
            ],
            [
              80.3578551344305,
              7.058228873627955
            ],
            [
              80.35784032231817,
              7.0582453565575225
            ],
            [
              80.35783485957765,
              7.058248818851927
            ],
            [
              80.35781780114803,
              7.058254742722995
            ],
            [
              80.35780322286689,
              7.058261863997145
            ],
            [
              80.35778276834874,
              7.058268297876461
            ],
            [
              80.35774958405553,
              7.058272287360324
            ],
            [
              80.35772188644164,
              7.058271213548291
            ],
            [
              80.35769049464196,
              7.058276054856466
            ],
            [
              80.3576749146815,
              7.058276802272696
            ],
            [
              80.35765540490932,
              7.05827442633497
            ],
            [
              80.35761939858402,
              7.0582749792011645
            ],
            [
              80.35759041333262,
              7.058270701542145
            ],
            [
              80.35754932085008,
              7.058260986315416
            ],
            [
              80.35752705792734,
              7.058261691059555
            ],
            [
              80.35751173258853,
              7.058259016046545
            ],
            [
              80.3574909578652,
              7.058257996073298
            ],
            [
              80.35745429506949,
              7.058250039027914
            ],
            [
              80.35743616633813,
              7.058242232323346
            ],
            [
              80.35741083446588,
              7.058237340978838
            ],
            [
              80.35739529752968,
              7.058232499300719
            ],
            [
              80.35738457090413,
              7.0582245716276235
            ],
            [
              80.35734695865177,
              7.0581769917606465
            ],
            [
              80.3573323669224,
              7.058143982239683
            ],
            [
              80.35733189909435,
              7.058121464915009
            ],
            [
              80.3573269372016,
              7.058099229045475
            ],
            [
              80.35730667114083,
              7.058066854837569
            ],
            [
              80.35729291781635,
              7.058052900576747
            ],
            [
              80.35727737397164,
              7.058041259468867
            ],
            [
              80.35726935159265,
              7.05803157709441
            ],
            [
              80.35725970397155,
              7.0580126978464905
            ],
            [
              80.3572574248294,
              7.057998378574881
            ],
            [
              80.35725902892365,
              7.057993373257962
            ],
            [
              80.35728098176857,
              7.0579555575916295
            ],
            [
              80.35728872736475,
              7.057936818075923
            ],
            [
              80.35729609815138,
              7.057913454946885
            ],
            [
              80.35731301224476,
              7.057880231919034
            ],
            [
              80.35732406841294,
              7.057868490853811
            ],
            [
              80.35734902534469,
              7.057852430760575
            ],
            [
              80.35737299783081,
              7.057831291230403
            ],
            [
              80.35740398265565,
              7.057799176635377
            ],
            [
              80.35741727780812,
              7.057775074510882
            ],
            [
              80.35743258143947,
              7.057728491032982
            ],
            [
              80.35744861715207,
              7.057695334629648
            ],
            [
              80.35745503081225,
              7.0576720217379245
            ],
            [
              80.35746552847573,
              7.057657540956492
            ],
            [
              80.35746983979224,
              7.057647301181632
            ],
            [
              80.35747369823805,
              7.057618791815405
            ],
            [
              80.35747977616363,
              7.0576025664260955
            ],
            [
              80.3574838161791,
              7.057586179032597
            ],
            [
              80.35749039883672,
              7.057539461433884
            ],
            [
              80.35749222532017,
              7.0575340484748725
            ],
            [
              80.35750571489493,
              7.057511428248513
            ],
            [
              80.35750923843632,
              7.05749531240983
            ],
            [
              80.35751002220418,
              7.057473893107672
            ],
            [
              80.35751925963591,
              7.057456685214615
            ],
            [
              80.35752937226093,
              7.0574325171960375
            ],
            [
              80.35752978487079,
              7.057419581051363
            ],
            [
              80.3575262587057,
              7.057404117631463
            ],
            [
              80.35752715846257,
              7.057396416722792
            ],
            [
              80.35754492468908,
              7.057368988425985
            ],
            [
              80.35756039000081,
              7.057335142877468
            ],
            [
              80.35756161497939,
              7.057326660894815
            ],
            [
              80.35756066985513,
              7.057308169013604
            ],
            [
              80.35756437435901,
              7.05729279695393
            ],
            [
              80.35758102813267,
              7.057268410896818
            ],
            [
              80.35759749792831,
              7.05722248209145
            ],
            [
              80.35761241615012,
              7.0571979733406325
            ],
            [
              80.35761941840421,
              7.057182482801228
            ],
            [
              80.35762319765531,
              7.057167401200555
            ],
            [
              80.35762838776729,
              7.057154147805057
            ],
            [
              80.35765134516487,
              7.0571094020158025
            ],
            [
              80.35768335193978,
              7.057068905536443
            ],
            [
              80.35770881898185,
              7.057044669090111
            ],
            [
              80.3577262487804,
              7.057035326573372
            ],
            [
              80.35774197871454,
              7.057023621775494
            ],
            [
              80.35774894261137,
              7.057020186873244
            ],
            [
              80.35778239291335,
              7.057013641520693
            ],
            [
              80.35780338030632,
              7.057011416283612
            ],
            [
              80.35781955359153,
              7.0570071609696035
            ],
            [
              80.35783681957749,
              7.057004990310993
            ],
            [
              80.35785398973609,
              7.0570000841946365
            ],
            [
              80.35787407637373,
              7.05699840586569
            ],
            [
              80.35789238595314,
              7.0569991320691505
            ],
            [
              80.35791843276029,
              7.056996356590296
            ],
            [
              80.35793306412255,
              7.056997991317014
            ],
            [
              80.35794636272183,
              7.057001571682189
            ],
            [
              80.35795923785597,
              7.057001008676874
            ]
          ]
        ]
      },
      "properties": {
        "OBJECTID": 156,
        "Entity": "3DPolyline",
        "Handle": "83212",
        "Layer": "Contour_Line_Major",
        "LyrFrzn": 0,
        "LyrOn": 1,
        "Color": 35,
        "Linetype": "Continuous",
        "Elevation": 105,
        "LineWt": 25,
        "RefName": "",
        "DocUpdate": 1783359710000,
        "DocId": 1.1061215596273316e+19,
        "t0": null,
        "t00": null,
        "Shape_Length": 400.516965613301,
        "Shape_Area": 9951.660544291082
      }
    },
    {
      "type": "Feature",
      "id": 157,
      "geometry": {
        "type": "Polygon",
        "coordinates": [
          [
            [
              80.35493558687145,
              7.05663502485172
            ],
            [
              80.35497595331378,
              7.0566203022818605
            ],
            [
              80.3549952690231,
              7.056616942378894
            ],
            [
              80.35501247033302,
              7.05662420245157
            ],
            [
              80.35506335689116,
              7.0566520665042445
            ],
            [
              80.35508339273585,
              7.0566681017985315
            ],
            [
              80.355089606712,
              7.0566766094250335
            ],
            [
              80.35509159083746,
              7.056686187608652
            ],
            [
              80.35509099973852,
              7.056762611233943
            ],
            [
              80.35509603318782,
              7.0567880131006655
            ],
            [
              80.35509366845048,
              7.056802221035169
            ],
            [
              80.35507543734934,
              7.056838352053684
            ],
            [
              80.35504952429034,
              7.0568714033593585
            ],
            [
              80.35503672917817,
              7.0568802257341385
            ],
            [
              80.355014460883,
              7.056890096043101
            ],
            [
              80.35499367926104,
              7.05690588589456
            ],
            [
              80.35497080617743,
              7.056909839685183
            ],
            [
              80.35495715250651,
              7.0569148871374985
            ],
            [
              80.3549133318545,
              7.05695246532557
            ],
            [
              80.35488625321744,
              7.056985056408792
            ],
            [
              80.35487795836177,
              7.057013306338911
            ],
            [
              80.35486881225333,
              7.05703577599737
            ],
            [
              80.35486624110183,
              7.057048652164258
            ],
            [
              80.35486691236638,
              7.057060176909394
            ],
            [
              80.35487554966306,
              7.05709652505278
            ],
            [
              80.35488556009115,
              7.05712663197069
            ],
            [
              80.35489094879031,
              7.057164873345595
            ],
            [
              80.35490537751973,
              7.057212790395898
            ],
            [
              80.35490926412504,
              7.057232710081436
            ],
            [
              80.35492102103053,
              7.057321744652874
            ],
            [
              80.35491991963103,
              7.057333143930973
            ],
            [
              80.3549163435507,
              7.057340060515663
            ],
            [
              80.35489810477989,
              7.0573575100841905
            ],
            [
              80.3548858215836,
              7.057377839791767
            ],
            [
              80.3548806926135,
              7.0573821916730575
            ],
            [
              80.35486637472292,
              7.057389577339188
            ],
            [
              80.35484837850987,
              7.057394673057322
            ],
            [
              80.35483182681162,
              7.057401478539476
            ],
            [
              80.35482145303907,
              7.057408828046808
            ],
            [
              80.35481271885466,
              7.05741301845899
            ],
            [
              80.3547933341161,
              7.057415202356111
            ],
            [
              80.35477918399802,
              7.057414548715465
            ],
            [
              80.35473185191756,
              7.057401860455549
            ],
            [
              80.35469467920336,
              7.057394114160331
            ],
            [
              80.35467614069024,
              7.0573841358971166
            ],
            [
              80.35465353878664,
              7.057367481046115
            ],
            [
              80.35464642788706,
              7.057359366552536
            ],
            [
              80.35463501960089,
              7.057341591981094
            ],
            [
              80.35463105332919,
              7.057338011762366
            ],
            [
              80.35461234496077,
              7.057327771850539
            ],
            [
              80.35460763254957,
              7.057322929673763
            ],
            [
              80.3546029026474,
              7.057313720362305
            ],
            [
              80.35460283892134,
              7.057287173886969
            ],
            [
              80.35459581644865,
              7.057251832010558
            ],
            [
              80.35459943723762,
              7.057208724916838
            ],
            [
              80.35459912558873,
              7.057185979872718
            ],
            [
              80.354594681999,
              7.057151794848131
            ],
            [
              80.35459703121238,
              7.057135080421038
            ],
            [
              80.35460312997441,
              7.0571215253028425
            ],
            [
              80.35461374578033,
              7.057109393841112
            ],
            [
              80.35465071930068,
              7.057088361981853
            ],
            [
              80.35466308609126,
              7.057077625023873
            ],
            [
              80.35466888675154,
              7.057070105475992
            ],
            [
              80.35469978183606,
              7.057019191024957
            ],
            [
              80.35470845368731,
              7.057009663752488
            ],
            [
              80.35472650422723,
              7.056995405141243
            ],
            [
              80.35474490187676,
              7.05696914107291
            ],
            [
              80.35474946394389,
              7.056955707749722
            ],
            [
              80.35475267485563,
              7.056932648271891
            ],
            [
              80.35474770791977,
              7.056871002552173
            ],
            [
              80.35474826914037,
              7.05684038289919
            ],
            [
              80.35475313214364,
              7.056828669518961
            ],
            [
              80.35480263084493,
              7.056745264430959
            ],
            [
              80.35481873173629,
              7.056726601636991
            ],
            [
              80.35484661875269,
              7.056699356590234
            ],
            [
              80.35486666489555,
              7.0566700247904475
            ],
            [
              80.35487598737274,
              7.0566614183284075
            ],
            [
              80.35488959439057,
              7.056652786128148
            ],
            [
              80.35493558687145,
              7.05663502485172
            ]
          ]
        ]
      },
      "properties": {
        "OBJECTID": 157,
        "Entity": "3DPolyline",
        "Handle": "832A9",
        "Layer": "Contour_Line_Major",
        "LyrFrzn": 0,
        "LyrOn": 1,
        "Color": 35,
        "Linetype": "Continuous",
        "Elevation": 105,
        "LineWt": 25,
        "RefName": "",
        "DocUpdate": 1783359710000,
        "DocId": 1.1061215596273316e+19,
        "t0": null,
        "t00": null,
        "Shape_Length": 238.01875464412754,
        "Shape_Area": 2409.200731973864
      }
    },
    {
      "type": "Feature",
      "id": 158,
      "geometry": {
        "type": "Polygon",
        "coordinates": [
          [
            [
              80.3565683518225,
              7.056908639728414
            ],
            [
              80.35656556498041,
              7.05688629107109
            ],
            [
              80.35656788692324,
              7.056874191545619
            ],
            [
              80.3565713116178,
              7.056870662233892
            ],
            [
              80.35660539046634,
              7.056854153435656
            ],
            [
              80.3566203815867,
              7.0568516269166155
            ],
            [
              80.3566430450574,
              7.056854554484213
            ],
            [
              80.35666077610757,
              7.056851307204574
            ],
            [
              80.3566777537177,
              7.056855359416798
            ],
            [
              80.35668599175555,
              7.056855719017039
            ],
            [
              80.3567149362517,
              7.05685140716932
            ],
            [
              80.35673145987484,
              7.0568445762502465
            ],
            [
              80.35673859140451,
              7.056844330092998
            ],
            [
              80.356751054775,
              7.056849513991584
            ],
            [
              80.35677736136444,
              7.056865151721918
            ],
            [
              80.35682300793715,
              7.05688215029256
            ],
            [
              80.35685545024708,
              7.056891521688332
            ],
            [
              80.35690044267139,
              7.056918016101549
            ],
            [
              80.35695003796693,
              7.0569559203699965
            ],
            [
              80.35696745796365,
              7.056964181999882
            ],
            [
              80.35698576967503,
              7.056967295319053
            ],
            [
              80.35699494113716,
              7.0569709930428255
            ],
            [
              80.35700397631257,
              7.056977000770357
            ],
            [
              80.35701858011824,
              7.056990068855797
            ],
            [
              80.35703229508879,
              7.057004232017399
            ],
            [
              80.35703927852681,
              7.057013539388868
            ],
            [
              80.35705219873944,
              7.05704001493981
            ],
            [
              80.35705813800155,
              7.0570586611388615
            ],
            [
              80.35706312548925,
              7.057081362882753
            ],
            [
              80.35706581345322,
              7.05710058350836
            ],
            [
              80.35706622100753,
              7.057114938193346
            ],
            [
              80.3570651327985,
              7.057127315305776
            ],
            [
              80.35705799871832,
              7.05716220981656
            ],
            [
              80.35705775172946,
              7.057201432985167
            ],
            [
              80.35704973393045,
              7.057236337132814
            ],
            [
              80.35702748358804,
              7.05729881462661
            ],
            [
              80.35701253193534,
              7.057329808851459
            ],
            [
              80.35700441980704,
              7.057340555354814
            ],
            [
              80.35698672758427,
              7.057353706492792
            ],
            [
              80.3569501898966,
              7.057385706675446
            ],
            [
              80.35693514295873,
              7.057392581243854
            ],
            [
              80.35692595846312,
              7.057392416628099
            ],
            [
              80.35688044715374,
              7.057381682179253
            ],
            [
              80.35684484050067,
              7.0573629969111495
            ],
            [
              80.3568164388876,
              7.0573360803174685
            ],
            [
              80.35679093572958,
              7.057316262916939
            ],
            [
              80.35677314378127,
              7.05730655169634
            ],
            [
              80.35671273054524,
              7.057281616245976
            ],
            [
              80.3566596177905,
              7.0572750665510355
            ],
            [
              80.35664287610027,
              7.0572778484508465
            ],
            [
              80.35660437480436,
              7.057288002197086
            ],
            [
              80.35655477925707,
              7.05731911146869
            ],
            [
              80.3565338908821,
              7.05733485601731
            ],
            [
              80.35652033699093,
              7.057348293248129
            ],
            [
              80.35650845307369,
              7.05736475122574
            ],
            [
              80.3564957983315,
              7.057387325534376
            ],
            [
              80.35648735361461,
              7.057396965318446
            ],
            [
              80.35644638363661,
              7.057419247317642
            ],
            [
              80.35642247046991,
              7.057435450813852
            ],
            [
              80.35641089865739,
              7.057438992408785
            ],
            [
              80.35640207552377,
              7.057438104650092
            ],
            [
              80.35638767932093,
              7.05743009682058
            ],
            [
              80.35636584679216,
              7.057420776201381
            ],
            [
              80.35634644458834,
              7.057406112205422
            ],
            [
              80.3563368362922,
              7.057391572972359
            ],
            [
              80.35633204463387,
              7.057379195896355
            ],
            [
              80.35633024608867,
              7.057370277380233
            ],
            [
              80.35632785365866,
              7.057333122875836
            ],
            [
              80.35633258882426,
              7.057317578579447
            ],
            [
              80.35634171392583,
              7.0572997835128
            ],
            [
              80.35635081469997,
              7.057292386987033
            ],
            [
              80.3563600628403,
              7.057273352871785
            ],
            [
              80.35637082202364,
              7.057262273542392
            ],
            [
              80.35638173720595,
              7.057246414846265
            ],
            [
              80.35638535120913,
              7.057239558904681
            ],
            [
              80.35638895146229,
              7.05722233874179
            ],
            [
              80.3564071447213,
              7.0571991235181635
            ],
            [
              80.35642464001135,
              7.057166643952288
            ],
            [
              80.35644315426049,
              7.057144398834711
            ],
            [
              80.35645674366148,
              7.057130815119397
            ],
            [
              80.35647777690511,
              7.057115721136441
            ],
            [
              80.35651883054815,
              7.057075454307128
            ],
            [
              80.35655663267592,
              7.05702673550606
            ],
            [
              80.35656935790597,
              7.057008182869867
            ],
            [
              80.35657404043558,
              7.056990094934835
            ],
            [
              80.35657432027935,
              7.0569585793881
            ],
            [
              80.3565683518225,
              7.056908639728414
            ]
          ]
        ]
      },
      "properties": {
        "OBJECTID": 158,
        "Entity": "3DPolyline",
        "Handle": "832FA",
        "Layer": "Contour_Line_Major",
        "LyrFrzn": 0,
        "LyrOn": 1,
        "Color": 35,
        "Linetype": "Continuous",
        "Elevation": 105,
        "LineWt": 25,
        "RefName": "",
        "DocUpdate": 1783359710000,
        "DocId": 1.1061215596273316e+19,
        "t0": null,
        "t00": null,
        "Shape_Length": 250.94241181184634,
        "Shape_Area": 3221.5026379148917
      }
    },
    {
      "type": "Feature",
      "id": 159,
      "geometry": {
        "type": "Polygon",
        "coordinates": [
          [
            [
              80.3553460487306,
              7.055134058126647
            ],
            [
              80.35534145271345,
              7.055129518234655
            ],
            [
              80.35533975754208,
              7.055125741255406
            ],
            [
              80.35534228405811,
              7.0551222025712
            ],
            [
              80.35535874231172,
              7.055121356937019
            ],
            [
              80.35537280550098,
              7.055112804041931
            ],
            [
              80.35539263486089,
              7.0551052730943775
            ],
            [
              80.35540437189255,
              7.055103344539966
            ],
            [
              80.35542268786614,
              7.055103312839027
            ],
            [
              80.3554316224931,
              7.055105384806903
            ],
            [
              80.35544898841616,
              7.0551179755318225
            ],
            [
              80.35546728514325,
              7.055124004210146
            ],
            [
              80.35547507132291,
              7.05512961224179
            ],
            [
              80.35547906661725,
              7.0551351137322715
            ],
            [
              80.35547807832607,
              7.055141343733379
            ],
            [
              80.35547152010047,
              7.055156545399009
            ],
            [
              80.35546937481453,
              7.055187547301672
            ],
            [
              80.35546720866701,
              7.05519762720149
            ],
            [
              80.35544913833965,
              7.055221023470617
            ],
            [
              80.35543090166428,
              7.055234418027843
            ],
            [
              80.35541434086367,
              7.055243938950679
            ],
            [
              80.35540274714504,
              7.055254844342158
            ],
            [
              80.35539175490615,
              7.055259005420706
            ],
            [
              80.35538680760811,
              7.055259027535832
            ],
            [
              80.35537671351629,
              7.055256016864307
            ],
            [
              80.35536742425188,
              7.055247187503566
            ],
            [
              80.35535729011187,
              7.055232547125985
            ],
            [
              80.35534207913524,
              7.0551911398744505
            ],
            [
              80.35534174232097,
              7.0551819728171505
            ],
            [
              80.3553460487306,
              7.055134058126647
            ]
          ]
        ]
      },
      "properties": {
        "OBJECTID": 159,
        "Entity": "3DPolyline",
        "Handle": "83353",
        "Layer": "Contour_Line_Major",
        "LyrFrzn": 0,
        "LyrOn": 1,
        "Color": 35,
        "Linetype": "Continuous",
        "Elevation": 105,
        "LineWt": 25,
        "RefName": "",
        "DocUpdate": 1783359710000,
        "DocId": 1.1061215596273316e+19,
        "t0": null,
        "t00": null,
        "Shape_Length": 52.632015869912266,
        "Shape_Area": 192.21975845677687
      }
    },
    {
      "type": "Feature",
      "id": 160,
      "geometry": {
        "type": "Polygon",
        "coordinates": [
          [
            [
              80.35547416138854,
              7.055089008064296
            ],
            [
              80.35546740121679,
              7.0550950708993465
            ],
            [
              80.35545909397173,
              7.055091747916978
            ],
            [
              80.35545653264238,
              7.055089035288728
            ],
            [
              80.35545663777972,
              7.0550863390047756
            ],
            [
              80.35546118500714,
              7.055079021233986
            ],
            [
              80.35546763636839,
              7.055076928896479
            ],
            [
              80.35547173590406,
              7.055079726865493
            ],
            [
              80.35547416138854,
              7.055089008064296
            ]
          ]
        ]
      },
      "properties": {
        "OBJECTID": 160,
        "Entity": "3DPolyline",
        "Handle": "83373",
        "Layer": "Contour_Line_Major",
        "LyrFrzn": 0,
        "LyrOn": 1,
        "Color": 35,
        "Linetype": "Continuous",
        "Elevation": 105,
        "LineWt": 25,
        "RefName": "",
        "DocUpdate": 1783359710000,
        "DocId": 1.1061215596273316e+19,
        "t0": null,
        "t00": null,
        "Shape_Length": 6.012385573967781,
        "Shape_Area": 2.634090997987069
      }
    },
    {
      "type": "Feature",
      "id": 161,
      "geometry": {
        "type": "Polygon",
        "coordinates": [
          [
            [
              80.35550591291226,
              7.055064181607023
            ],
            [
              80.35550316726551,
              7.0550677335578715
            ],
            [
              80.35549924553118,
              7.055062072970374
            ],
            [
              80.35549735634835,
              7.055052583563519
            ],
            [
              80.3554992827452,
              7.055050222663564
            ],
            [
              80.35550213069472,
              7.0550506065007035
            ],
            [
              80.35550388773086,
              7.055052861226646
            ],
            [
              80.35550591291226,
              7.055064181607023
            ]
          ]
        ]
      },
      "properties": {
        "OBJECTID": 161,
        "Entity": "3DPolyline",
        "Handle": "8337E",
        "Layer": "Contour_Line_Major",
        "LyrFrzn": 0,
        "LyrOn": 1,
        "Color": 35,
        "Linetype": "Continuous",
        "Elevation": 105,
        "LineWt": 25,
        "RefName": "",
        "DocUpdate": 1783359710000,
        "DocId": 1.1061215596273316e+19,
        "t0": null,
        "t00": null,
        "Shape_Length": 4.568216771584384,
        "Shape_Area": 1.1223210957620038
      }
    },
    {
      "type": "Feature",
      "id": 162,
      "geometry": {
        "type": "Polygon",
        "coordinates": [
          [
            [
              80.35548985910962,
              7.055039041319917
            ],
            [
              80.35548475757155,
              7.055040603652372
            ],
            [
              80.35547875711066,
              7.055036152276931
            ],
            [
              80.35546612499343,
              7.055012928001967
            ],
            [
              80.3554397743035,
              7.054980186231584
            ],
            [
              80.35543861548965,
              7.054976815226262
            ],
            [
              80.35543961373423,
              7.054970589761635
            ],
            [
              80.35544820694697,
              7.054962234643118
            ],
            [
              80.35547038374041,
              7.05497393199197
            ],
            [
              80.35548341770578,
              7.054985489180061
            ],
            [
              80.35548561117703,
              7.05498903980751
            ],
            [
              80.35548728474826,
              7.054997305980792
            ],
            [
              80.35548833715318,
              7.055034407982304
            ],
            [
              80.35548985910962,
              7.055039041319917
            ]
          ]
        ]
      },
      "properties": {
        "OBJECTID": 162,
        "Entity": "3DPolyline",
        "Handle": "83388",
        "Layer": "Contour_Line_Major",
        "LyrFrzn": 0,
        "LyrOn": 1,
        "Color": 35,
        "Linetype": "Continuous",
        "Elevation": 105,
        "LineWt": 25,
        "RefName": "",
        "DocUpdate": 1783359710000,
        "DocId": 1.1061215596273316e+19,
        "t0": null,
        "t00": null,
        "Shape_Length": 22.127571114886095,
        "Shape_Area": 22.975974842217177
      }
    },
    {
      "type": "Feature",
      "id": 163,
      "geometry": {
        "type": "Polygon",
        "coordinates": [
          [
            [
              80.35312492291007,
              7.05371153992762
            ],
            [
              80.35312234702417,
              7.05371737424848
            ],
            [
              80.3531178395222,
              7.053722802469792
            ],
            [
              80.35311490765503,
              7.053723524752817
            ],
            [
              80.3531120569504,
              7.053720567487344
            ],
            [
              80.35311252730155,
              7.053712425487038
            ],
            [
              80.35311451462171,
              7.053709881060523
            ],
            [
              80.35311708987929,
              7.053708413848683
            ],
            [
              80.35312422310044,
              7.053710174010322
            ],
            [
              80.35312492291007,
              7.05371153992762
            ]
          ]
        ]
      },
      "properties": {
        "OBJECTID": 163,
        "Entity": "3DPolyline",
        "Handle": "83398",
        "Layer": "Contour_Line_Major",
        "LyrFrzn": 0,
        "LyrOn": 1,
        "Color": 35,
        "Linetype": "Continuous",
        "Elevation": 105,
        "LineWt": 25,
        "RefName": "",
        "DocUpdate": 1783359710000,
        "DocId": 1.1061215596273316e+19,
        "t0": null,
        "t00": null,
        "Shape_Length": 4.839081373024781,
        "Shape_Area": 1.601641070370598
      }
    },
    {
      "type": "Feature",
      "id": 164,
      "geometry": {
        "type": "Polygon",
        "coordinates": [
          [
            [
              80.34478058684839,
              7.053292187579649
            ],
            [
              80.34478639661765,
              7.053278899946126
            ],
            [
              80.34480512160509,
              7.053248040811204
            ],
            [
              80.34481384068083,
              7.053238489376682
            ],
            [
              80.34482271675428,
              7.05323770040872
            ],
            [
              80.34483069456556,
              7.053242123025231
            ],
            [
              80.3448343748573,
              7.053246814592289
            ],
            [
              80.34483603657046,
              7.05325178282951
            ],
            [
              80.34483431881613,
              7.05326478403876
            ],
            [
              80.34483603993269,
              7.053274513840233
            ],
            [
              80.34484021175331,
              7.053283153494718
            ],
            [
              80.34485497112503,
              7.053300506929937
            ],
            [
              80.34485845673467,
              7.053303921922547
            ],
            [
              80.3448619565947,
              7.053304284123919
            ],
            [
              80.34487258953601,
              7.053298096631182
            ],
            [
              80.3448772406834,
              7.053298107678058
            ],
            [
              80.34488545464181,
              7.05330136286818
            ],
            [
              80.34488100505682,
              7.0533054641277575
            ],
            [
              80.34487522200078,
              7.053315207825521
            ],
            [
              80.34486796770152,
              7.053320391499234
            ],
            [
              80.34486469894452,
              7.053337910502613
            ],
            [
              80.344859533936,
              7.053353705512731
            ],
            [
              80.3448534550829,
              7.053363251606188
            ],
            [
              80.34484435756,
              7.053386959413412
            ],
            [
              80.34484077563566,
              7.053407620337451
            ],
            [
              80.34482996604612,
              7.053417735079466
            ],
            [
              80.34482697822503,
              7.05342347650482
            ],
            [
              80.34482250053642,
              7.053443705612526
            ],
            [
              80.344812661939,
              7.053454839319892
            ],
            [
              80.34481045324209,
              7.053464762606433
            ],
            [
              80.3448092802727,
              7.053482470883701
            ],
            [
              80.34480530371535,
              7.053493374016861
            ],
            [
              80.34479836109676,
              7.053499690606265
            ],
            [
              80.34478959962483,
              7.053503972150013
            ],
            [
              80.34476695236201,
              7.053508397933421
            ],
            [
              80.34475752576137,
              7.053512424368579
            ],
            [
              80.34474876183928,
              7.053512651774907
            ],
            [
              80.34473133500639,
              7.053504371618652
            ],
            [
              80.34471339059287,
              7.053493286672045
            ],
            [
              80.34470067198268,
              7.0534882160849595
            ],
            [
              80.34469182479542,
              7.0534813355247135
            ],
            [
              80.344686674291,
              7.053466843953
            ],
            [
              80.34468361743049,
              7.053436036573866
            ],
            [
              80.34467581472845,
              7.053419118931623
            ],
            [
              80.34467427840652,
              7.053406108634845
            ],
            [
              80.34467641327058,
              7.053399758165211
            ],
            [
              80.34469155380158,
              7.053388145259447
            ],
            [
              80.34470362658166,
              7.053372791408009
            ],
            [
              80.34471931365141,
              7.053356264920539
            ],
            [
              80.34472446316086,
              7.053345057700457
            ],
            [
              80.3447261022522,
              7.053328117124583
            ],
            [
              80.34473043760104,
              7.0533183288845915
            ],
            [
              80.34474217578354,
              7.0533116988182
            ],
            [
              80.34475334004192,
              7.053301122357484
            ],
            [
              80.3447773472833,
              7.053297310853025
            ],
            [
              80.34478047371084,
              7.053296023560815
            ],
            [
              80.34478058684839,
              7.053292187579649
            ]
          ]
        ]
      },
      "properties": {
        "OBJECTID": 164,
        "Entity": "3DPolyline",
        "Handle": "833A4",
        "Layer": "Contour_Line_Major",
        "LyrFrzn": 0,
        "LyrOn": 1,
        "Color": 35,
        "Linetype": "Continuous",
        "Elevation": 105,
        "LineWt": 25,
        "RefName": "",
        "DocUpdate": 1783359710000,
        "DocId": 1.1061215596273316e+19,
        "t0": null,
        "t00": null,
        "Shape_Length": 85.12033791281841,
        "Shape_Area": 375.9718126540668
      }
    },
    {
      "type": "Feature",
      "id": 165,
      "geometry": {
        "type": "Polygon",
        "coordinates": [
          [
            [
              80.3457178032513,
              7.05357390787583
            ],
            [
              80.34570824845008,
              7.05357767454912
            ],
            [
              80.3456985958124,
              7.053573737145306
            ],
            [
              80.34569887250454,
              7.053572064139885
            ],
            [
              80.34570393206793,
              7.053568803136858
            ],
            [
              80.34570968019264,
              7.053569099737095
            ],
            [
              80.3457178032513,
              7.05357390787583
            ]
          ]
        ]
      },
      "properties": {
        "OBJECTID": 165,
        "Entity": "3DPolyline",
        "Handle": "833DF",
        "Layer": "Contour_Line_Major",
        "LyrFrzn": 0,
        "LyrOn": 1,
        "Color": 35,
        "Linetype": "Continuous",
        "Elevation": 105,
        "LineWt": 25,
        "RefName": "",
        "DocUpdate": 1783359710000,
        "DocId": 1.1061215596273316e+19,
        "t0": null,
        "t00": null,
        "Shape_Length": 4.816988495664787,
        "Shape_Area": 1.2359824607434617
      }
    },
    {
      "type": "Feature",
      "id": 166,
      "geometry": {
        "type": "Polygon",
        "coordinates": [
          [
            [
              80.34818505588495,
              7.052989408668332
            ],
            [
              80.34819069338711,
              7.052985933162825
            ],
            [
              80.34819928098078,
              7.052998488365206
            ],
            [
              80.3482104849679,
              7.0530287291128655
            ],
            [
              80.34821001564117,
              7.053041906661135
            ],
            [
              80.34819647686771,
              7.053066489371428
            ],
            [
              80.34819331591598,
              7.053092473219783
            ],
            [
              80.34818224780153,
              7.053108163253587
            ],
            [
              80.34816837650946,
              7.053143266171274
            ],
            [
              80.34815398784463,
              7.053174751121835
            ],
            [
              80.34814283847618,
              7.053194155975361
            ],
            [
              80.3481315717919,
              7.053229467856519
            ],
            [
              80.34812732036531,
              7.053233680684327
            ],
            [
              80.34811512174963,
              7.053240035218404
            ],
            [
              80.3481063954333,
              7.053248981575186
            ],
            [
              80.34810319106454,
              7.053255506956803
            ],
            [
              80.34809950180127,
              7.053269505852656
            ],
            [
              80.34808828303142,
              7.053284796772238
            ],
            [
              80.34808111624454,
              7.053301233064319
            ],
            [
              80.34807539271736,
              7.053309243797581
            ],
            [
              80.34806371581348,
              7.0533426519573075
            ],
            [
              80.34805640201802,
              7.053354143843208
            ],
            [
              80.34804997931731,
              7.053373938815359
            ],
            [
              80.34804910742628,
              7.053395925088766
            ],
            [
              80.34804732489347,
              7.053404162934447
            ],
            [
              80.34803850992681,
              7.053426641946896
            ],
            [
              80.34803630174997,
              7.053466018796129
            ],
            [
              80.34803462586181,
              7.053470512006552
            ],
            [
              80.3480123483949,
              7.0535038058667325
            ],
            [
              80.3479998042554,
              7.053518319744634
            ],
            [
              80.3479858068069,
              7.053531611372496
            ],
            [
              80.34796991467398,
              7.053541401604784
            ],
            [
              80.34792243854292,
              7.053553821550888
            ],
            [
              80.34788242751192,
              7.05355533053382
            ],
            [
              80.34784938057874,
              7.053552617813059
            ],
            [
              80.3478368800647,
              7.053548889945872
            ],
            [
              80.34782800698325,
              7.053544300597229
            ],
            [
              80.3478228946153,
              7.053540659932345
            ],
            [
              80.34781459412515,
              7.053531281858798
            ],
            [
              80.34779087869327,
              7.053495432687198
            ],
            [
              80.34778771175894,
              7.0534868478250585
            ],
            [
              80.34778713746309,
              7.053477324960365
            ],
            [
              80.34778998192297,
              7.053460775902613
            ],
            [
              80.34780059772896,
              7.053431870865245
            ],
            [
              80.34782898805253,
              7.053365988746114
            ],
            [
              80.34783302760269,
              7.053360489373672
            ],
            [
              80.34784343216995,
              7.053351838436205
            ],
            [
              80.3478552852707,
              7.053346527263299
            ],
            [
              80.3478637511956,
              7.0533450863977905
            ],
            [
              80.34788599151014,
              7.053344821668127
            ],
            [
              80.34791826368205,
              7.053336319755751
            ],
            [
              80.34793524799899,
              7.053333471563328
            ],
            [
              80.34797254171976,
              7.053336573729338
            ],
            [
              80.34798058690106,
              7.053334933276069
            ],
            [
              80.34799191136098,
              7.053329530003242
            ],
            [
              80.34800913242611,
              7.053323783096839
            ],
            [
              80.34801615463685,
              7.053303256287069
            ],
            [
              80.34803062939909,
              7.053282727217016
            ],
            [
              80.34804260106213,
              7.053252201325125
            ],
            [
              80.34804722709391,
              7.05322226669629
            ],
            [
              80.34804788692517,
              7.053196531724482
            ],
            [
              80.34805192310039,
              7.053179847742325
            ],
            [
              80.34805257905681,
              7.0531620618381
            ],
            [
              80.34806012813802,
              7.053125408768442
            ],
            [
              80.34807172673429,
              7.053105259205373
            ],
            [
              80.34807873432239,
              7.053084824636289
            ],
            [
              80.34808717444717,
              7.05307204716513
            ],
            [
              80.34809116266,
              7.053052753525469
            ],
            [
              80.34810250507702,
              7.053037093726548
            ],
            [
              80.34812728593218,
              7.05301162488625
            ],
            [
              80.34813826358305,
              7.053006237406558
            ],
            [
              80.34816897840226,
              7.053004207978284
            ],
            [
              80.34817440416997,
              7.053000636296553
            ],
            [
              80.34818505588495,
              7.052989408668332
            ]
          ]
        ]
      },
      "properties": {
        "OBJECTID": 166,
        "Entity": "3DPolyline",
        "Handle": "833E8",
        "Layer": "Contour_Line_Major",
        "LyrFrzn": 0,
        "LyrOn": 1,
        "Color": 35,
        "Linetype": "Continuous",
        "Elevation": 105,
        "LineWt": 25,
        "RefName": "",
        "DocUpdate": 1783359710000,
        "DocId": 1.1061215596273316e+19,
        "t0": null,
        "t00": null,
        "Shape_Length": 174.94613212145478,
        "Shape_Area": 945.3818288233806
      }
    },
    {
      "type": "Feature",
      "id": 167,
      "geometry": {
        "type": "Polygon",
        "coordinates": [
          [
            [
              80.36162535773418,
              7.061402097864646
            ],
            [
              80.36161559624608,
              7.061402032948403
            ],
            [
              80.36162463491186,
              7.0614009806741125
            ],
            [
              80.36162535773418,
              7.061402097864646
            ]
          ]
        ]
      },
      "properties": {
        "OBJECTID": 167,
        "Entity": "3DPolyline",
        "Handle": "843CD",
        "Layer": "Contour_Line_Major",
        "LyrFrzn": 0,
        "LyrOn": 1,
        "Color": 35,
        "Linetype": "Continuous",
        "Elevation": 110,
        "LineWt": 25,
        "RefName": "",
        "DocUpdate": 1783359710000,
        "DocId": 1.1061215596273316e+19,
        "t0": null,
        "t00": null,
        "Shape_Length": 2.23019405435113,
        "Shape_Area": 0.06629076950292617
      }
    },
    {
      "type": "Feature",
      "id": 168,
      "geometry": {
        "type": "Polygon",
        "coordinates": [
          [
            [
              80.35770441726184,
              7.057181565877716
            ],
            [
              80.35770427860537,
              7.0571724624089835
            ],
            [
              80.35770860023902,
              7.057161955806106
            ],
            [
              80.357726245353,
              7.05714355101232
            ],
            [
              80.35773933007967,
              7.057135448971339
            ],
            [
              80.35774686603564,
              7.057133455786611
            ],
            [
              80.35776503773937,
              7.057133052941446
            ],
            [
              80.35778355802296,
              7.057136599791393
            ],
            [
              80.35780366315392,
              7.057129392046013
            ],
            [
              80.35785215127136,
              7.057125865923255
            ],
            [
              80.35787291655728,
              7.057127785879137
            ],
            [
              80.35789195296181,
              7.057133943933749
            ],
            [
              80.35791729181278,
              7.057138989933201
            ],
            [
              80.3579445653597,
              7.0571487919437486
            ],
            [
              80.35796894404423,
              7.0571541342131265
            ],
            [
              80.35798099092533,
              7.057160642657236
            ],
            [
              80.3580111217688,
              7.0571850849362985
            ],
            [
              80.35803278889149,
              7.057208015848439
            ],
            [
              80.35805520434205,
              7.057239828550862
            ],
            [
              80.35806938315241,
              7.057253177333727
            ],
            [
              80.35807718727581,
              7.057262897385525
            ],
            [
              80.3580841723986,
              7.057276914679352
            ],
            [
              80.35809095539604,
              7.057308172204846
            ],
            [
              80.3581052368697,
              7.057336383605212
            ],
            [
              80.35810899865535,
              7.057366167100346
            ],
            [
              80.358109902655,
              7.057398093136184
            ],
            [
              80.35811494911972,
              7.057427315774771
            ],
            [
              80.35811383388774,
              7.057455381175803
            ],
            [
              80.35812036281557,
              7.057484410472569
            ],
            [
              80.35812331755871,
              7.05750849878601
            ],
            [
              80.3581256899472,
              7.057551103112494
            ],
            [
              80.3581238874375,
              7.057571978293912
            ],
            [
              80.35810819447101,
              7.057653440282076
            ],
            [
              80.35809364934394,
              7.057683828160017
            ],
            [
              80.35808511403746,
              7.0577112601288
            ],
            [
              80.35807281966419,
              7.057731903791121
            ],
            [
              80.35806014682504,
              7.05774925712492
            ],
            [
              80.35804241389239,
              7.057780786666945
            ],
            [
              80.35802240144261,
              7.057802192188376
            ],
            [
              80.35799797808757,
              7.057836464132962
            ],
            [
              80.35794375540073,
              7.057903982111399
            ],
            [
              80.35793109848211,
              7.057937367507557
            ],
            [
              80.3579129019226,
              7.057973514980067
            ],
            [
              80.35789389488305,
              7.058004489184013
            ],
            [
              80.35786151130668,
              7.058043734176622
            ],
            [
              80.35784290599992,
              7.058061114617878
            ],
            [
              80.35780776318559,
              7.058080923604095
            ],
            [
              80.35778838619729,
              7.058093886118466
            ],
            [
              80.35776509883365,
              7.058106045448014
            ],
            [
              80.35775723860282,
              7.058112717364147
            ],
            [
              80.3577495854068,
              7.0581222406710475
            ],
            [
              80.35774414377279,
              7.058126156167421
            ],
            [
              80.35772104248231,
              7.058133384205503
            ],
            [
              80.35771223648665,
              7.058133844256478
            ],
            [
              80.35766642362921,
              7.058123067852807
            ],
            [
              80.35763628035784,
              7.058113520570322
            ],
            [
              80.35761786624236,
              7.058103213335224
            ],
            [
              80.35759912718441,
              7.058084949329884
            ],
            [
              80.35758170816963,
              7.05807593695349
            ],
            [
              80.35754414865082,
              7.058048541954734
            ],
            [
              80.35752861566996,
              7.058022454482311
            ],
            [
              80.35751851199164,
              7.058010583881304
            ],
            [
              80.35751573074296,
              7.05800515191617
            ],
            [
              80.35751223625886,
              7.057981159644569
            ],
            [
              80.35750535517572,
              7.0579593336039546
            ],
            [
              80.35750019660577,
              7.057924763175314
            ],
            [
              80.35750338905844,
              7.057899242392801
            ],
            [
              80.35751068982321,
              7.057879373395874
            ],
            [
              80.35751316700933,
              7.057868274497945
            ],
            [
              80.35751695996355,
              7.057829479531976
            ],
            [
              80.35754337546966,
              7.057751760841488
            ],
            [
              80.3575494506353,
              7.057714558290547
            ],
            [
              80.35755766277492,
              7.057695630362435
            ],
            [
              80.35756435342427,
              7.057674336780343
            ],
            [
              80.3575643555663,
              7.057637330295849
            ],
            [
              80.35757240605572,
              7.057616781211396
            ],
            [
              80.35757399315861,
              7.057603739947637
            ],
            [
              80.35758465201772,
              7.057560345805006
            ],
            [
              80.35758980831939,
              7.057517118664786
            ],
            [
              80.35760252163331,
              7.057473703830777
            ],
            [
              80.35760396417295,
              7.057411194049759
            ],
            [
              80.3576087098183,
              7.057400496269646
            ],
            [
              80.3576236121456,
              7.057388831947121
            ],
            [
              80.35762646701991,
              7.057381579666305
            ],
            [
              80.35762475905518,
              7.057371959355583
            ],
            [
              80.3576165423519,
              7.0573495534780815
            ],
            [
              80.35761674174161,
              7.057340876512494
            ],
            [
              80.35762036206032,
              7.057332711700974
            ],
            [
              80.35762937174907,
              7.057323069053529
            ],
            [
              80.35763851303902,
              7.0573177955090305
            ],
            [
              80.35765540748551,
              7.057313232746545
            ],
            [
              80.3576629026044,
              7.057306055595807
            ],
            [
              80.35767976744297,
              7.057273714406995
            ],
            [
              80.35768835213462,
              7.057249875342375
            ],
            [
              80.35769920056566,
              7.057233803952958
            ],
            [
              80.35770307643831,
              7.05722547667523
            ],
            [
              80.3577059929893,
              7.057199756510985
            ],
            [
              80.35770441726184,
              7.057181565877716
            ]
          ]
        ]
      },
      "properties": {
        "OBJECTID": 168,
        "Entity": "3DPolyline",
        "Handle": "843D3",
        "Layer": "Contour_Line_Major",
        "LyrFrzn": 0,
        "LyrOn": 1,
        "Color": 35,
        "Linetype": "Continuous",
        "Elevation": 110,
        "LineWt": 25,
        "RefName": "",
        "DocUpdate": 1783359710000,
        "DocId": 1.1061215596273316e+19,
        "t0": null,
        "t00": null,
        "Shape_Length": 290.0601083140312,
        "Shape_Area": 5318.564653210713
      }
    },
    {
      "type": "Feature",
      "id": 169,
      "geometry": {
        "type": "Polygon",
        "coordinates": [
          [
            [
              80.35672731664394,
              7.056999312670552
            ],
            [
              80.35673306580995,
              7.05699103049694
            ],
            [
              80.35674074252937,
              7.056984797950248
            ],
            [
              80.35676767921977,
              7.056971644182067
            ],
            [
              80.35678343462264,
              7.056969705756726
            ],
            [
              80.35680072218817,
              7.056972235149041
            ],
            [
              80.3568222335586,
              7.056979385316364
            ],
            [
              80.35682764984072,
              7.056986613710701
            ],
            [
              80.35683149064933,
              7.057000415025385
            ],
            [
              80.35684065754522,
              7.0570074197389685
            ],
            [
              80.35687722768533,
              7.057027321127993
            ],
            [
              80.35690913622045,
              7.057041635993653
            ],
            [
              80.35691477498013,
              7.057045773885208
            ],
            [
              80.35692188914899,
              7.057058107120032
            ],
            [
              80.35693031937738,
              7.05708125502243
            ],
            [
              80.356938855303,
              7.057099328608691
            ],
            [
              80.35694139379052,
              7.05710745214888
            ],
            [
              80.3569417448798,
              7.057115482221832
            ],
            [
              80.35693178991386,
              7.057159230990459
            ],
            [
              80.35692057939042,
              7.05718244228884
            ],
            [
              80.3569128439104,
              7.057193854145497
            ],
            [
              80.35688711758277,
              7.0572137058879925
            ],
            [
              80.35687585465594,
              7.05721912483845
            ],
            [
              80.3568626422794,
              7.0572199894644525
            ],
            [
              80.35684168549892,
              7.057213806109381
            ],
            [
              80.35682728505076,
              7.0572121508619805
            ],
            [
              80.35681298105406,
              7.057205560584489
            ],
            [
              80.3567836782898,
              7.057181452244816
            ],
            [
              80.35676835868007,
              7.057171378997627
            ],
            [
              80.35675022717696,
              7.0571610287045
            ],
            [
              80.35671499119577,
              7.057144729207293
            ],
            [
              80.3567101238089,
              7.057130797128197
            ],
            [
              80.35670906191336,
              7.057107062381651
            ],
            [
              80.3567069129654,
              7.057099450441671
            ],
            [
              80.3566961614588,
              7.057090553056111
            ],
            [
              80.35669505461627,
              7.057078386391442
            ],
            [
              80.35670753972585,
              7.057034388750031
            ],
            [
              80.35672731664394,
              7.056999312670552
            ]
          ]
        ]
      },
      "properties": {
        "OBJECTID": 169,
        "Entity": "3DPolyline",
        "Handle": "84437",
        "Layer": "Contour_Line_Major",
        "LyrFrzn": 0,
        "LyrOn": 1,
        "Color": 35,
        "Linetype": "Continuous",
        "Elevation": 110,
        "LineWt": 25,
        "RefName": "",
        "DocUpdate": 1783359710000,
        "DocId": 1.1061215596273316e+19,
        "t0": null,
        "t00": null,
        "Shape_Length": 84.99686096325667,
        "Shape_Area": 513.4298158316501
      }
    },
    {
      "type": "Feature",
      "id": 170,
      "geometry": {
        "type": "Polygon",
        "coordinates": [
          [
            [
              80.35623160526133,
              7.060851962988144
            ],
            [
              80.35625587164192,
              7.060828627722708
            ],
            [
              80.35627609428994,
              7.060813830241331
            ],
            [
              80.35630235044675,
              7.060789458403826
            ],
            [
              80.35632788839975,
              7.060773736578722
            ],
            [
              80.35635029341464,
              7.060763991237699
            ],
            [
              80.35637524333261,
              7.0607603505176035
            ],
            [
              80.3563836976421,
              7.0607608524401435
            ],
            [
              80.35638785271753,
              7.0607628110703855
            ],
            [
              80.35639350068718,
              7.060770138386223
            ],
            [
              80.35639415423208,
              7.060778786674706
            ],
            [
              80.35639193395257,
              7.060803779625506
            ],
            [
              80.3564013147391,
              7.0608368823891166
            ],
            [
              80.35640017687953,
              7.060876638899437
            ],
            [
              80.35640619045745,
              7.0609338890972495
            ],
            [
              80.35640897692714,
              7.060998429945265
            ],
            [
              80.35641113428183,
              7.061017651648178
            ],
            [
              80.35641112178526,
              7.0610515844835415
            ],
            [
              80.356408539084,
              7.061075443547561
            ],
            [
              80.35641096880327,
              7.061086930014004
            ],
            [
              80.35641882263543,
              7.061106555762899
            ],
            [
              80.35641162412398,
              7.0611316313953045
            ],
            [
              80.3564145296003,
              7.061149378828109
            ],
            [
              80.3564128476256,
              7.061177303225461
            ],
            [
              80.35641414479049,
              7.061200470242568
            ],
            [
              80.35640958663254,
              7.061224826790917
            ],
            [
              80.35641239672593,
              7.061232974226428
            ],
            [
              80.3564232367983,
              7.06124663775988
            ],
            [
              80.35642490998347,
              7.06125061913232
            ],
            [
              80.35642292333384,
              7.061258560047695
            ],
            [
              80.35642039458905,
              7.061261069366856
            ],
            [
              80.35640552566636,
              7.061264828016095
            ],
            [
              80.35639903443777,
              7.061270154028405
            ],
            [
              80.35638158282164,
              7.061316103114738
            ],
            [
              80.35636849978248,
              7.061340564586698
            ],
            [
              80.3563686852032,
              7.0613498752558135
            ],
            [
              80.35637391218256,
              7.061367002664587
            ],
            [
              80.35637388034519,
              7.061388068414428
            ],
            [
              80.35637172907744,
              7.061401123362157
            ],
            [
              80.35636408321793,
              7.061420996375614
            ],
            [
              80.35636117807394,
              7.061445582242585
            ],
            [
              80.3563547103828,
              7.061470557572996
            ],
            [
              80.35635090526011,
              7.061503634908602
            ],
            [
              80.35635184592614,
              7.06152203723004
            ],
            [
              80.3563477439062,
              7.061538676885065
            ],
            [
              80.35634725024593,
              7.061547331731378
            ],
            [
              80.3563505850063,
              7.061557798222887
            ],
            [
              80.35636292864592,
              7.061580248708968
            ],
            [
              80.35636516804617,
              7.061587933138292
            ],
            [
              80.3563647555168,
              7.061605362118507
            ],
            [
              80.35635476069864,
              7.061622132037563
            ],
            [
              80.35635627346203,
              7.061632777827429
            ],
            [
              80.3563597901778,
              7.061643272610663
            ],
            [
              80.35636502746425,
              7.061651635961809
            ],
            [
              80.35638646306936,
              7.0616757497740945
            ],
            [
              80.35641374823324,
              7.061694989862224
            ],
            [
              80.35642042446247,
              7.0617025582997455
            ],
            [
              80.35642229680597,
              7.061707223778014
            ],
            [
              80.35642132388453,
              7.061715428407712
            ],
            [
              80.35641836976,
              7.061717806886221
            ],
            [
              80.35640563183493,
              7.061717924088999
            ],
            [
              80.35640164771122,
              7.06171870734982
            ],
            [
              80.35639953342398,
              7.061720729694222
            ],
            [
              80.35640427940294,
              7.061723602723972
            ],
            [
              80.35641724315,
              7.061726495231873
            ],
            [
              80.35642716100087,
              7.061743134329375
            ],
            [
              80.3564392994637,
              7.061756815936178
            ],
            [
              80.35644136399127,
              7.061761970130233
            ],
            [
              80.35644118426745,
              7.061770808126532
            ],
            [
              80.35643703818303,
              7.061775439070331
            ],
            [
              80.3564171374201,
              7.061777435067659
            ],
            [
              80.35640334410212,
              7.06177729573439
            ],
            [
              80.35638766271077,
              7.061773390011733
            ],
            [
              80.3563809016036,
              7.061774166727353
            ],
            [
              80.35637208137528,
              7.0617842175471095
            ],
            [
              80.35636368207838,
              7.061788445529618
            ],
            [
              80.35635518299254,
              7.061790191321068
            ],
            [
              80.35632894150356,
              7.061790813617531
            ],
            [
              80.3563153372462,
              7.061802590025901
            ],
            [
              80.35628033082217,
              7.061821729692844
            ],
            [
              80.35625960066656,
              7.061838135643207
            ],
            [
              80.35624674579809,
              7.0618527587609465
            ],
            [
              80.3562299186765,
              7.061876603591757
            ],
            [
              80.3562149688979,
              7.061892984048899
            ],
            [
              80.3562118646919,
              7.0619004385877515
            ],
            [
              80.35621210129106,
              7.061904820497842
            ],
            [
              80.35622000825649,
              7.061922691518916
            ],
            [
              80.35621857425421,
              7.061928426121837
            ],
            [
              80.35619154490679,
              7.061933060759011
            ],
            [
              80.3561826172145,
              7.06193766339199
            ],
            [
              80.35617279679067,
              7.061946823665677
            ],
            [
              80.35616098445242,
              7.061952666961553
            ],
            [
              80.35615667751388,
              7.061957721908884
            ],
            [
              80.35614899367921,
              7.061981469906358
            ],
            [
              80.35614491379606,
              7.061986022243633
            ],
            [
              80.35611518845226,
              7.061991665333221
            ],
            [
              80.35608223477385,
              7.061995001010087
            ],
            [
              80.35607171101857,
              7.061998779212245
            ],
            [
              80.356065504151,
              7.062007330289984
            ],
            [
              80.35605775412296,
              7.062027870701322
            ],
            [
              80.35605075951715,
              7.062036423404986
            ],
            [
              80.3560379889603,
              7.062043106595223
            ],
            [
              80.35602474769695,
              7.062043154347055
            ],
            [
              80.35601398282053,
              7.0620392743939195
            ],
            [
              80.35600694447459,
              7.062034282480456
            ],
            [
              80.35597296620263,
              7.061997424481626
            ],
            [
              80.35596610783622,
              7.061986689902691
            ],
            [
              80.35594570414003,
              7.061945126240138
            ],
            [
              80.35594407166352,
              7.061919574398553
            ],
            [
              80.35593255816931,
              7.0618658235023855
            ],
            [
              80.3559297606661,
              7.06182698148064
            ],
            [
              80.35592888922365,
              7.061763135253279
            ],
            [
              80.35593075637877,
              7.061736859185524
            ],
            [
              80.3559277966892,
              7.061699407215028
            ],
            [
              80.3559283331853,
              7.061676156799604
            ],
            [
              80.35593486634616,
              7.06158031189904
            ],
            [
              80.35593711621966,
              7.06156798433951
            ],
            [
              80.35594238482193,
              7.061552394659868
            ],
            [
              80.35594611444006,
              7.061527448120613
            ],
            [
              80.35595337123937,
              7.061494295956782
            ],
            [
              80.35595648710897,
              7.06144830086872
            ],
            [
              80.35597922348789,
              7.061358090994511
            ],
            [
              80.35598429499126,
              7.061330507768652
            ],
            [
              80.35599071896793,
              7.061309655270005
            ],
            [
              80.35599593881689,
              7.06126712113518
            ],
            [
              80.35600487214204,
              7.061238798804697
            ],
            [
              80.35601851063439,
              7.061183278074841
            ],
            [
              80.35603876498142,
              7.061132484547884
            ],
            [
              80.35605242130298,
              7.061091563089085
            ],
            [
              80.35607347573364,
              7.061043618150676
            ],
            [
              80.35607940402726,
              7.061032874085956
            ],
            [
              80.35610183394195,
              7.0610005524209285
            ],
            [
              80.35611434507668,
              7.060973231826079
            ],
            [
              80.35611995489468,
              7.0609642774024755
            ],
            [
              80.3561376878278,
              7.06094996313367
            ],
            [
              80.35616197081222,
              7.060920520454155
            ],
            [
              80.35618576897642,
              7.060899229708115
            ],
            [
              80.35620270965279,
              7.060875741419788
            ],
            [
              80.35623160526133,
              7.060851962988144
            ]
          ]
        ]
      },
      "properties": {
        "OBJECTID": 170,
        "Entity": "3DPolyline",
        "Handle": "8533A",
        "Layer": "Contour_Line_Major",
        "LyrFrzn": 0,
        "LyrOn": 1,
        "Color": 35,
        "Linetype": "Continuous",
        "Elevation": 115,
        "LineWt": 25,
        "RefName": "",
        "DocUpdate": 1783359710000,
        "DocId": 1.1061215596273316e+19,
        "t0": null,
        "t00": null,
        "Shape_Length": 350.6742400428298,
        "Shape_Area": 5236.70220231818
      }
    },
    {
      "type": "Feature",
      "id": 171,
      "geometry": {
        "type": "Polygon",
        "coordinates": [
          [
            [
              80.36174741040256,
              7.06167362664569
            ],
            [
              80.36174213476352,
              7.061677973879744
            ],
            [
              80.36173037554028,
              7.061681445694283
            ],
            [
              80.36172129048532,
              7.0616813274328685
            ],
            [
              80.36171105665265,
              7.061678399909591
            ],
            [
              80.36170400672272,
              7.061673225344312
            ],
            [
              80.36170256023446,
              7.061669624203407
            ],
            [
              80.36170076351884,
              7.06165994860213
            ],
            [
              80.36170204951031,
              7.061651171808154
            ],
            [
              80.36170535435805,
              7.061646563179788
            ],
            [
              80.36170717022944,
              7.061646229175747
            ],
            [
              80.3617335340236,
              7.061654810429725
            ],
            [
              80.36174083766366,
              7.06166117028814
            ],
            [
              80.36174741040256,
              7.06167362664569
            ]
          ]
        ]
      },
      "properties": {
        "OBJECTID": 171,
        "Entity": "3DPolyline",
        "Handle": "853D8",
        "Layer": "Contour_Line_Major",
        "LyrFrzn": 0,
        "LyrOn": 1,
        "Color": 35,
        "Linetype": "Continuous",
        "Elevation": 115,
        "LineWt": 25,
        "RefName": "",
        "DocUpdate": 1783359710000,
        "DocId": 1.1061215596273316e+19,
        "t0": null,
        "t00": null,
        "Shape_Length": 14.272222070786755,
        "Shape_Area": 13.827695147112761
      }
    },
    {
      "type": "Feature",
      "id": 172,
      "geometry": {
        "type": "Polygon",
        "coordinates": [
          [
            [
              80.35776631672096,
              7.057362558796521
            ],
            [
              80.35777454685997,
              7.057351579974299
            ],
            [
              80.35777668693274,
              7.057343969416052
            ],
            [
              80.35777854684483,
              7.0573221861591575
            ],
            [
              80.3577816832825,
              7.057316921536163
            ],
            [
              80.35779475116877,
              7.057311186648779
            ],
            [
              80.3578145617014,
              7.057299627666867
            ],
            [
              80.3578276187071,
              7.057295217008271
            ],
            [
              80.35784020335838,
              7.05729322895881
            ],
            [
              80.35785439591488,
              7.057293973923495
            ],
            [
              80.35789975020629,
              7.0573089403995795
            ],
            [
              80.35792748773936,
              7.05731451433137
            ],
            [
              80.35793734863913,
              7.05732055935977
            ],
            [
              80.35794623577326,
              7.057329540086005
            ],
            [
              80.35797846507096,
              7.057368690341272
            ],
            [
              80.35799578447401,
              7.057413179480263
            ],
            [
              80.35800502572206,
              7.057462832374714
            ],
            [
              80.35800311238489,
              7.057520760929668
            ],
            [
              80.35800595336619,
              7.057549866563464
            ],
            [
              80.358002722748,
              7.057574852717557
            ],
            [
              80.35800395287438,
              7.057598108292494
            ],
            [
              80.3580024095359,
              7.057610937956916
            ],
            [
              80.35799206025446,
              7.057646533604829
            ],
            [
              80.35798315076343,
              7.057669537339329
            ],
            [
              80.35797684939674,
              7.057706650943201
            ],
            [
              80.35797104569015,
              7.057724950824941
            ],
            [
              80.35796331765,
              7.057739515028068
            ],
            [
              80.35795413254195,
              7.057752269958309
            ],
            [
              80.35793727983963,
              7.057767921528484
            ],
            [
              80.35791889248038,
              7.057789444156998
            ],
            [
              80.35790245977064,
              7.057805187661833
            ],
            [
              80.35788504662132,
              7.05782804944172
            ],
            [
              80.35787262691652,
              7.057838451737449
            ],
            [
              80.35782889018269,
              7.057871068931507
            ],
            [
              80.35780317132188,
              7.057886814128492
            ],
            [
              80.35779767369996,
              7.057888653632372
            ],
            [
              80.3577675985615,
              7.0578914289842425
            ],
            [
              80.3577579615221,
              7.057889816499325
            ],
            [
              80.35774548997223,
              7.05788528207194
            ],
            [
              80.35773095430766,
              7.0578779199294575
            ],
            [
              80.35771886275997,
              7.057869649374847
            ],
            [
              80.35770776815619,
              7.057857395698787
            ],
            [
              80.35767974306613,
              7.057820669946827
            ],
            [
              80.3576721134323,
              7.057802602140843
            ],
            [
              80.35766687609156,
              7.057777871176631
            ],
            [
              80.35766387509621,
              7.057713142778805
            ],
            [
              80.35766823220013,
              7.057674290695999
            ],
            [
              80.35767524158666,
              7.057651005756179
            ],
            [
              80.35767693766576,
              7.057601611230476
            ],
            [
              80.35768020825387,
              7.05758048299291
            ],
            [
              80.35768116894519,
              7.057563391246603
            ],
            [
              80.35768523998989,
              7.05754747787167
            ],
            [
              80.35768416939108,
              7.057533303181089
            ],
            [
              80.35768531744142,
              7.057524795765077
            ],
            [
              80.35769196029972,
              7.057507949731436
            ],
            [
              80.35770673277015,
              7.05748539819954
            ],
            [
              80.35771329136931,
              7.0574659632596415
            ],
            [
              80.35772001158414,
              7.0574527698592755
            ],
            [
              80.35773952374207,
              7.0574021651513945
            ],
            [
              80.35775166453436,
              7.057376678386348
            ],
            [
              80.35775522501699,
              7.057371852143803
            ],
            [
              80.35776631672096,
              7.057362558796521
            ]
          ]
        ]
      },
      "properties": {
        "OBJECTID": 172,
        "Entity": "3DPolyline",
        "Handle": "853E8",
        "Layer": "Contour_Line_Major",
        "LyrFrzn": 0,
        "LyrOn": 1,
        "Color": 35,
        "Linetype": "Continuous",
        "Elevation": 115,
        "LineWt": 25,
        "RefName": "",
        "DocUpdate": 1783359710000,
        "DocId": 1.1061215596273316e+19,
        "t0": null,
        "t00": null,
        "Shape_Length": 167.56613062318115,
        "Shape_Area": 1872.7510813829654
      }
    },
    {
      "type": "Feature",
      "id": 173,
      "geometry": {
        "type": "Polygon",
        "coordinates": [
          [
            [
              80.36213324699449,
              7.06172842673557
            ],
            [
              80.36212539968797,
              7.061729623565494
            ],
            [
              80.36212111385308,
              7.061728572962237
            ],
            [
              80.3621243570036,
              7.061727358982351
            ],
            [
              80.36213324699449,
              7.06172842673557
            ]
          ]
        ]
      },
      "properties": {
        "OBJECTID": 173,
        "Entity": "3DPolyline",
        "Handle": "86305",
        "Layer": "Contour_Line_Major",
        "LyrFrzn": 0,
        "LyrOn": 1,
        "Color": 35,
        "Linetype": "Continuous",
        "Elevation": 120,
        "LineWt": 25,
        "RefName": "",
        "DocUpdate": 1783359710000,
        "DocId": 1.1061215596273316e+19,
        "t0": null,
        "t00": null,
        "Shape_Length": 2.7355194053339145,
        "Shape_Area": 0.16867349981929733
      }
    },
    {
      "type": "Feature",
      "id": 174,
      "geometry": {
        "type": "Polygon",
        "coordinates": [
          [
            [
              80.35618350119938,
              7.061050895044537
            ],
            [
              80.35619280136561,
              7.061037522520155
            ],
            [
              80.3562167080289,
              7.061015691913372
            ],
            [
              80.35623810978105,
              7.061005981376223
            ],
            [
              80.35624720543444,
              7.061005620352438
            ],
            [
              80.35626019882248,
              7.061009980065027
            ],
            [
              80.35627015147328,
              7.061015187656853
            ],
            [
              80.35628031263815,
              7.061022825126202
            ],
            [
              80.35628828218904,
              7.061032750767121
            ],
            [
              80.35629268999588,
              7.061041832986613
            ],
            [
              80.35630114890617,
              7.061063898207293
            ],
            [
              80.35630265066702,
              7.061072022129204
            ],
            [
              80.35630205335816,
              7.0611039099002175
            ],
            [
              80.35629654001156,
              7.061149183483124
            ],
            [
              80.35628994764612,
              7.061178544747453
            ],
            [
              80.35627839249423,
              7.061218428894803
            ],
            [
              80.35626411755679,
              7.061258195316913
            ],
            [
              80.35625623292366,
              7.0612739478269235
            ],
            [
              80.3562436727277,
              7.06129156537481
            ],
            [
              80.35622809754433,
              7.0613300410339095
            ],
            [
              80.35620653386856,
              7.0613769559116095
            ],
            [
              80.35617968272663,
              7.0614269144986235
            ],
            [
              80.35617074454369,
              7.061449587079814
            ],
            [
              80.3561647177139,
              7.061471345572313
            ],
            [
              80.35614889885849,
              7.061492866224938
            ],
            [
              80.35614105329974,
              7.061516367965768
            ],
            [
              80.35613953637389,
              7.061538198713354
            ],
            [
              80.35613706852959,
              7.061547737281931
            ],
            [
              80.35612829802429,
              7.061557188456807
            ],
            [
              80.35610911219332,
              7.0615653489524535
            ],
            [
              80.35609058648977,
              7.0615773935413335
            ],
            [
              80.35607974801451,
              7.061582217861003
            ],
            [
              80.35607148917072,
              7.061582439832129
            ],
            [
              80.35606594006994,
              7.061579565690715
            ],
            [
              80.35605762105807,
              7.061570263694844
            ],
            [
              80.35605333408344,
              7.061558268122241
            ],
            [
              80.35604976584352,
              7.061529386716335
            ],
            [
              80.35605277506058,
              7.061494377097244
            ],
            [
              80.35604881736681,
              7.0614747431532505
            ],
            [
              80.35604922671314,
              7.06147009800961
            ],
            [
              80.35606005851831,
              7.061448490877631
            ],
            [
              80.35606224735649,
              7.0614207164322735
            ],
            [
              80.35606777510937,
              7.061397780448229
            ],
            [
              80.3560695622561,
              7.0613763173165545
            ],
            [
              80.35608448476,
              7.061314833831434
            ],
            [
              80.35609654093511,
              7.0612767006638855
            ],
            [
              80.35610100536826,
              7.061252037352307
            ],
            [
              80.35611120604355,
              7.061223249122044
            ],
            [
              80.35611617398402,
              7.061200489653674
            ],
            [
              80.35612516198901,
              7.061182381442221
            ],
            [
              80.35613697495492,
              7.061143331639856
            ],
            [
              80.35615741311926,
              7.061097756641655
            ],
            [
              80.35618350119938,
              7.061050895044537
            ]
          ]
        ]
      },
      "properties": {
        "OBJECTID": 174,
        "Entity": "3DPolyline",
        "Handle": "8630C",
        "Layer": "Contour_Line_Major",
        "LyrFrzn": 0,
        "LyrOn": 1,
        "Color": 35,
        "Linetype": "Continuous",
        "Elevation": 120,
        "LineWt": 25,
        "RefName": "",
        "DocUpdate": 1783359710000,
        "DocId": 1.1061215596273316e+19,
        "t0": null,
        "t00": null,
        "Shape_Length": 146.4056816946987,
        "Shape_Area": 899.8445557910261
      }
    },
    {
      "type": "Feature",
      "id": 175,
      "geometry": {
        "type": "Polygon",
        "coordinates": [
          [
            [
              80.35917404881344,
              7.057997670829895
            ],
            [
              80.35919302811595,
              7.057978902377031
            ],
            [
              80.35920553209831,
              7.057972380631838
            ],
            [
              80.35921435933962,
              7.057970296933979
            ],
            [
              80.3592285711964,
              7.0579715113411
            ],
            [
              80.35923899806455,
              7.0579755535677196
            ],
            [
              80.35926144121674,
              7.057989289048211
            ],
            [
              80.35927296134322,
              7.057998967148288
            ],
            [
              80.35928306940595,
              7.0580116346201445
            ],
            [
              80.35928673081771,
              7.058019657479921
            ],
            [
              80.35928755024281,
              7.058055858255028
            ],
            [
              80.3592850038131,
              7.058067957491021
            ],
            [
              80.35927555192004,
              7.058079841916997
            ],
            [
              80.359272974619,
              7.058090028915082
            ],
            [
              80.3592648804593,
              7.058104851338176
            ],
            [
              80.35924923263752,
              7.0581220233333095
            ],
            [
              80.35923263537535,
              7.058136298595058
            ],
            [
              80.35921977573832,
              7.058150583510281
            ],
            [
              80.35920329133769,
              7.058161139461532
            ],
            [
              80.3591844063521,
              7.058177817653995
            ],
            [
              80.3591783223679,
              7.058180711966203
            ],
            [
              80.35910557838798,
              7.058197418415988
            ],
            [
              80.35908546216083,
              7.058193583588149
            ],
            [
              80.3590670389774,
              7.05818654720751
            ],
            [
              80.35904875774513,
              7.058184264373273
            ],
            [
              80.35904071484865,
              7.0581795922388375
            ],
            [
              80.3590325324195,
              7.0581703836498715
            ],
            [
              80.35902643611298,
              7.058160518516869
            ],
            [
              80.35902399428086,
              7.058150555285174
            ],
            [
              80.3590258219645,
              7.0581422857866105
            ],
            [
              80.35903170357261,
              7.058130516766986
            ],
            [
              80.35905994605092,
              7.0580909448870175
            ],
            [
              80.35907243872919,
              7.058070926504686
            ],
            [
              80.35908579184755,
              7.058057287207594
            ],
            [
              80.35911624156684,
              7.058033656330655
            ],
            [
              80.35912826260423,
              7.058026072900435
            ],
            [
              80.35913931692987,
              7.058015643367477
            ],
            [
              80.35916145321669,
              7.058006286456071
            ],
            [
              80.35917404881344,
              7.057997670829895
            ]
          ]
        ]
      },
      "properties": {
        "OBJECTID": 175,
        "Entity": "3DPolyline",
        "Handle": "86343",
        "Layer": "Contour_Line_Major",
        "LyrFrzn": 0,
        "LyrOn": 1,
        "Color": 35,
        "Linetype": "Continuous",
        "Elevation": 120,
        "LineWt": 25,
        "RefName": "",
        "DocUpdate": 1783359710000,
        "DocId": 1.1061215596273316e+19,
        "t0": null,
        "t00": null,
        "Shape_Length": 82.38417693822274,
        "Shape_Area": 449.7173297634731
      }
    },
    {
      "type": "Feature",
      "id": 176,
      "geometry": {
        "type": "Polygon",
        "coordinates": [
          [
            [
              80.35728758107776,
              7.05399701578815
            ],
            [
              80.35728151031283,
              7.054013338881083
            ],
            [
              80.35727754065107,
              7.054016159196898
            ],
            [
              80.35726462327513,
              7.054016555697455
            ],
            [
              80.35725278586106,
              7.054013823979865
            ],
            [
              80.35724482688894,
              7.054009419680656
            ],
            [
              80.35724099188153,
              7.054002576089066
            ],
            [
              80.35724225428818,
              7.053994522908693
            ],
            [
              80.35725469318045,
              7.053977358314588
            ],
            [
              80.35726613125537,
              7.053951889581035
            ],
            [
              80.35727373272657,
              7.05394174478582
            ],
            [
              80.35728074407159,
              7.05393932484414
            ],
            [
              80.3572856953875,
              7.05394228950032
            ],
            [
              80.35729420389791,
              7.053951330316408
            ],
            [
              80.35730187511723,
              7.053965458010813
            ],
            [
              80.35730034694335,
              7.0539718880831055
            ],
            [
              80.35729453890598,
              7.053975624880486
            ],
            [
              80.35729017936609,
              7.053980810028844
            ],
            [
              80.35728747865274,
              7.053989217618233
            ],
            [
              80.35728758107776,
              7.05399701578815
            ]
          ]
        ]
      },
      "properties": {
        "OBJECTID": 176,
        "Entity": "3DPolyline",
        "Handle": "8636C",
        "Layer": "Contour_Line_Major",
        "LyrFrzn": 0,
        "LyrOn": 1,
        "Color": 35,
        "Linetype": "Continuous",
        "Elevation": 120,
        "LineWt": 25,
        "RefName": "",
        "DocUpdate": 1783359710000,
        "DocId": 1.1061215596273316e+19,
        "t0": null,
        "t00": null,
        "Shape_Length": 23.521300573208364,
        "Shape_Area": 33.32045691824196
      }
    },
    {
      "type": "Feature",
      "id": 177,
      "geometry": {
        "type": "Polygon",
        "coordinates": [
          [
            [
              80.36200843506285,
              7.0620357994217455
            ],
            [
              80.36201306103078,
              7.062033116553208
            ],
            [
              80.36201420607321,
              7.062037992681537
            ],
            [
              80.3620124824778,
              7.06204036564445
            ],
            [
              80.36200843506285,
              7.0620357994217455
            ]
          ]
        ]
      },
      "properties": {
        "OBJECTID": 177,
        "Entity": "3DPolyline",
        "Handle": "86515",
        "Layer": "Contour_Line_Major",
        "LyrFrzn": 0,
        "LyrOn": 1,
        "Color": 35,
        "Linetype": "Continuous",
        "Elevation": 125,
        "LineWt": 25,
        "RefName": "",
        "DocUpdate": 1783359710000,
        "DocId": 1.1061215596273316e+19,
        "t0": null,
        "t00": null,
        "Shape_Length": 2.1428758440102778,
        "Shape_Area": 0.2631445148760962
      }
    },
    {
      "type": "Feature",
      "id": 178,
      "geometry": {
        "type": "Polygon",
        "coordinates": [
          [
            [
              80.3619908302288,
              7.061791549731747
            ],
            [
              80.36199030433653,
              7.061795389686399
            ],
            [
              80.36199189901794,
              7.061799872050592
            ],
            [
              80.36200606882217,
              7.061810064783589
            ],
            [
              80.3620135041232,
              7.061827390548372
            ],
            [
              80.36202180956971,
              7.061835455925082
            ],
            [
              80.36203092896858,
              7.061840247982509
            ],
            [
              80.36204966700193,
              7.061846283367333
            ],
            [
              80.3620867499883,
              7.0618743006255436
            ],
            [
              80.36211295950892,
              7.061888438233856
            ],
            [
              80.3621257552393,
              7.061893724672461
            ],
            [
              80.36215517845066,
              7.061899735768924
            ],
            [
              80.36216627570565,
              7.06190624463036
            ],
            [
              80.36219415855199,
              7.061932233987755
            ],
            [
              80.36220200192746,
              7.061941840064916
            ],
            [
              80.36221532575738,
              7.061972078941018
            ],
            [
              80.36221720881132,
              7.061981528524423
            ],
            [
              80.36221567037262,
              7.061984898543695
            ],
            [
              80.36220887262174,
              7.06198796830152
            ],
            [
              80.36215762014086,
              7.061993792202613
            ],
            [
              80.36210508258343,
              7.062007728962918
            ],
            [
              80.36205233973608,
              7.062010912272934
            ],
            [
              80.36204420813127,
              7.062012758171456
            ],
            [
              80.36203841571287,
              7.06201891920781
            ],
            [
              80.36203092111481,
              7.06201909348409
            ],
            [
              80.36202805605842,
              7.062017280487134
            ],
            [
              80.36203952261066,
              7.062007361613803
            ],
            [
              80.36204291621887,
              7.061998768608771
            ],
            [
              80.36205852426836,
              7.061981582902682
            ],
            [
              80.36206446240261,
              7.061968857823473
            ],
            [
              80.36206566720585,
              7.061937390548328
            ],
            [
              80.36206312844344,
              7.061927404580599
            ],
            [
              80.36205921059813,
              7.061922111285944
            ],
            [
              80.36202324891671,
              7.0618925044742555
            ],
            [
              80.3620121860657,
              7.061876749455866
            ],
            [
              80.362002805656,
              7.061873455862705
            ],
            [
              80.36198931176806,
              7.0618748222571455
            ],
            [
              80.3619785814501,
              7.0618793782184
            ],
            [
              80.36195242999597,
              7.061911404749972
            ],
            [
              80.36194558023,
              7.061914108998869
            ],
            [
              80.36194104898699,
              7.061913081576201
            ],
            [
              80.36193693765483,
              7.061908907835644
            ],
            [
              80.36193475645511,
              7.061903612392781
            ],
            [
              80.3619324113838,
              7.061872541878546
            ],
            [
              80.36192260010101,
              7.061867180822181
            ],
            [
              80.36190995740662,
              7.061862545855874
            ],
            [
              80.36190606602152,
              7.061859749124761
            ],
            [
              80.36190344967757,
              7.061855502352138
            ],
            [
              80.3619037726029,
              7.061847806973568
            ],
            [
              80.36190923032025,
              7.061836792627691
            ],
            [
              80.36193161173286,
              7.061799975928817
            ],
            [
              80.36193887891021,
              7.061791323095908
            ],
            [
              80.36194630178996,
              7.061787980121528
            ],
            [
              80.36196364021698,
              7.0617865927547605
            ],
            [
              80.36197054965135,
              7.0617846140275375
            ],
            [
              80.36197142978504,
              7.061782600822273
            ],
            [
              80.3619601176649,
              7.0617762969932185
            ],
            [
              80.36195699470338,
              7.061773057184736
            ],
            [
              80.36194991651372,
              7.061755465973172
            ],
            [
              80.36194886143073,
              7.0617483747510255
            ],
            [
              80.36195960387931,
              7.061723733511515
            ],
            [
              80.36196509947186,
              7.061715471729585
            ],
            [
              80.36197044868084,
              7.061710956349178
            ],
            [
              80.36197720624635,
              7.061710118942644
            ],
            [
              80.36197788043893,
              7.061711044303895
            ],
            [
              80.3619883465798,
              7.061740687707759
            ],
            [
              80.36198975887322,
              7.061750082375492
            ],
            [
              80.36198761460992,
              7.061784565908532
            ],
            [
              80.3619908302288,
              7.061791549731747
            ]
          ]
        ]
      },
      "properties": {
        "OBJECTID": 178,
        "Entity": "3DPolyline",
        "Handle": "8651C",
        "Layer": "Contour_Line_Major",
        "LyrFrzn": 0,
        "LyrOn": 1,
        "Color": 35,
        "Linetype": "Continuous",
        "Elevation": 125,
        "LineWt": 25,
        "RefName": "",
        "DocUpdate": 1783359710000,
        "DocId": 1.1061215596273316e+19,
        "t0": null,
        "t00": null,
        "Shape_Length": 125.93142407524829,
        "Shape_Area": 364.3420893494309
      }
    },
    {
      "type": "Feature",
      "id": 179,
      "geometry": {
        "type": "Polygon",
        "coordinates": [
          [
            [
              80.36100251094022,
              7.060858521660777
            ],
            [
              80.36099721710077,
              7.060868216497417
            ],
            [
              80.36099100596715,
              7.060875991550037
            ],
            [
              80.36098252303995,
              7.060881816922692
            ],
            [
              80.36097309538194,
              7.060885262063164
            ],
            [
              80.36096875848851,
              7.060889755300819
            ],
            [
              80.36094740724988,
              7.060928694507453
            ],
            [
              80.36093614790343,
              7.060938721278666
            ],
            [
              80.36092820862969,
              7.060948880137403
            ],
            [
              80.36091557160188,
              7.060955315809527
            ],
            [
              80.36088999578007,
              7.060965073315544
            ],
            [
              80.36087131246683,
              7.0609825369858354
            ],
            [
              80.36085273047493,
              7.061004021470547
            ],
            [
              80.36083725335996,
              7.061016844723065
            ],
            [
              80.3608293088968,
              7.061018908851908
            ],
            [
              80.36082039793224,
              7.06101928197737
            ],
            [
              80.36081012276172,
              7.061016802126267
            ],
            [
              80.36078377816476,
              7.061001533593079
            ],
            [
              80.36076702456528,
              7.061003666155322
            ],
            [
              80.36075584010783,
              7.061002009092368
            ],
            [
              80.36075528287905,
              7.060987118710317
            ],
            [
              80.36076156592856,
              7.060971811662574
            ],
            [
              80.36076212153765,
              7.060963479809391
            ],
            [
              80.36075897198803,
              7.06094795993436
            ],
            [
              80.36075208035591,
              7.060931042846379
            ],
            [
              80.36075215718444,
              7.060926523874154
            ],
            [
              80.36075927820139,
              7.060902985763862
            ],
            [
              80.36076434026337,
              7.060893283376528
            ],
            [
              80.36076697256652,
              7.060891829770568
            ],
            [
              80.36077082312383,
              7.060892037663041
            ],
            [
              80.36078166500161,
              7.060896566167793
            ],
            [
              80.36078414280132,
              7.060895533865295
            ],
            [
              80.36078542018986,
              7.0608930336601805
            ],
            [
              80.36078485126536,
              7.060879406903165
            ],
            [
              80.36077902600283,
              7.060863324357077
            ],
            [
              80.36077906098794,
              7.060857626713003
            ],
            [
              80.3607998968105,
              7.060838641846751
            ],
            [
              80.36080703993208,
              7.060837913529114
            ],
            [
              80.36081810505736,
              7.060841411164181
            ],
            [
              80.360823592728,
              7.060839585181439
            ],
            [
              80.36083091951357,
              7.060829724887836
            ],
            [
              80.36083788889074,
              7.060813092724407
            ],
            [
              80.36084594085469,
              7.060806588359686
            ],
            [
              80.36085678512904,
              7.0608040931193585
            ],
            [
              80.3608739132971,
              7.060808758678083
            ],
            [
              80.36087837201099,
              7.060808525083058
            ],
            [
              80.36089119753481,
              7.060803286375097
            ],
            [
              80.36090834703845,
              7.060787789783929
            ],
            [
              80.36091265019164,
              7.06078544930377
            ],
            [
              80.36092978677651,
              7.06078530181906
            ],
            [
              80.36094667292033,
              7.060782248610878
            ],
            [
              80.36096591138791,
              7.060774586378738
            ],
            [
              80.36097441683012,
              7.060774125858893
            ],
            [
              80.36098360584967,
              7.060775667115784
            ],
            [
              80.36099228568206,
              7.060780747136903
            ],
            [
              80.3610055948982,
              7.060795164724411
            ],
            [
              80.36101071278333,
              7.060802841321476
            ],
            [
              80.36100440115223,
              7.06081721032735
            ],
            [
              80.36100150223571,
              7.060829522562387
            ],
            [
              80.3610005779788,
              7.060841913483219
            ],
            [
              80.36100251094022,
              7.060858521660777
            ]
          ]
        ]
      },
      "properties": {
        "OBJECTID": 179,
        "Entity": "3DPolyline",
        "Handle": "86563",
        "Layer": "Contour_Line_Major",
        "LyrFrzn": 0,
        "LyrOn": 1,
        "Color": 35,
        "Linetype": "Continuous",
        "Elevation": 125,
        "LineWt": 25,
        "RefName": "",
        "DocUpdate": 1783359710000,
        "DocId": 1.1061215596273316e+19,
        "t0": null,
        "t00": null,
        "Shape_Length": 92.1868189891964,
        "Shape_Area": 458.5178934587367
      }
    },
    {
      "type": "Feature",
      "id": 180,
      "geometry": {
        "type": "Polygon",
        "coordinates": [
          [
            [
              80.36113828524542,
              7.059140083061553
            ],
            [
              80.36113012014174,
              7.059145923347999
            ],
            [
              80.36111492346234,
              7.059150401721605
            ],
            [
              80.36110974466337,
              7.0591481975057055
            ],
            [
              80.36110755769501,
              7.059140521305109
            ],
            [
              80.36111077959114,
              7.059129707426527
            ],
            [
              80.36111301710183,
              7.059127601104227
            ],
            [
              80.36112066677418,
              7.059125893856852
            ],
            [
              80.36112979116096,
              7.05912832508629
            ],
            [
              80.36113463331426,
              7.059131720119281
            ],
            [
              80.36113828524542,
              7.059140083061553
            ]
          ]
        ]
      },
      "properties": {
        "OBJECTID": 180,
        "Entity": "3DPolyline",
        "Handle": "865A2",
        "Layer": "Contour_Line_Major",
        "LyrFrzn": 0,
        "LyrOn": 1,
        "Color": 35,
        "Linetype": "Continuous",
        "Elevation": 125,
        "LineWt": 25,
        "RefName": "",
        "DocUpdate": 1783359710000,
        "DocId": 1.1061215596273316e+19,
        "t0": null,
        "t00": null,
        "Shape_Length": 9.520624636297995,
        "Shape_Area": 6.46715258497641
      }
    },
    {
      "type": "Feature",
      "id": 181,
      "geometry": {
        "type": "Polygon",
        "coordinates": [
          [
            [
              80.36253119033472,
              7.062289785117519
            ],
            [
              80.36252016318183,
              7.062295549149736
            ],
            [
              80.36251118296258,
              7.062296225231479
            ],
            [
              80.36250221372521,
              7.0622941714282215
            ],
            [
              80.36249936053508,
              7.062290302432108
            ],
            [
              80.36250065371588,
              7.062282878835712
            ],
            [
              80.36250412704167,
              7.062280204336951
            ],
            [
              80.36250784719527,
              7.062279775242218
            ],
            [
              80.36252248836028,
              7.062282988275389
            ],
            [
              80.36253119033472,
              7.062289785117519
            ]
          ]
        ]
      },
      "properties": {
        "OBJECTID": 181,
        "Entity": "3DPolyline",
        "Handle": "872F7",
        "Layer": "Contour_Line_Major",
        "LyrFrzn": 0,
        "LyrOn": 1,
        "Color": 35,
        "Linetype": "Continuous",
        "Elevation": 130,
        "LineWt": 25,
        "RefName": "",
        "DocUpdate": 1783359710000,
        "DocId": 1.1061215596273316e+19,
        "t0": null,
        "t00": null,
        "Shape_Length": 8.523170461720554,
        "Shape_Area": 4.443638254355474
      }
    },
    {
      "type": "Feature",
      "id": 182,
      "geometry": {
        "type": "Polygon",
        "coordinates": [
          [
            [
              80.36193098276229,
              7.061248744291472
            ],
            [
              80.3619327273568,
              7.061239635252974
            ],
            [
              80.361941414605,
              7.061230729281179
            ],
            [
              80.36194327756499,
              7.061230389913231
            ],
            [
              80.36194982662688,
              7.061234356229637
            ],
            [
              80.36195235480713,
              7.0612388462023326
            ],
            [
              80.36195223910217,
              7.061246635032205
            ],
            [
              80.36194711180103,
              7.0612583680356735
            ],
            [
              80.36194546457433,
              7.061271087223832
            ],
            [
              80.36194293441847,
              7.061275967371196
            ],
            [
              80.36193982800759,
              7.061274527618726
            ],
            [
              80.36193208186938,
              7.061258067072395
            ],
            [
              80.36193098276229,
              7.061248744291472
            ]
          ]
        ]
      },
      "properties": {
        "OBJECTID": 182,
        "Entity": "3DPolyline",
        "Handle": "87303",
        "Layer": "Contour_Line_Major",
        "LyrFrzn": 0,
        "LyrOn": 1,
        "Color": 35,
        "Linetype": "Continuous",
        "Elevation": 130,
        "LineWt": 25,
        "RefName": "",
        "DocUpdate": 1783359710000,
        "DocId": 1.1061215596273316e+19,
        "t0": null,
        "t00": null,
        "Shape_Length": 11.753388701024784,
        "Shape_Area": 7.674910601243298
      }
    },
    {
      "type": "Feature",
      "id": 183,
      "geometry": {
        "type": "Polygon",
        "coordinates": [
          [
            [
              80.36148955742505,
              7.060153647838819
            ],
            [
              80.3614869911768,
              7.060135986815706
            ],
            [
              80.36148850029959,
              7.0601183367966796
            ],
            [
              80.3614893104162,
              7.060115219053814
            ],
            [
              80.36149201341519,
              7.060113708553888
            ],
            [
              80.36149855212201,
              7.060115967995284
            ],
            [
              80.36150019897082,
              7.060118056116431
            ],
            [
              80.36150258803629,
              7.060134850348431
            ],
            [
              80.3614998623822,
              7.060144959367871
            ],
            [
              80.36149275798033,
              7.060155757081463
            ],
            [
              80.36149089056927,
              7.0601560439786315
            ],
            [
              80.36148955742505,
              7.060153647838819
            ]
          ]
        ]
      },
      "properties": {
        "OBJECTID": 183,
        "Entity": "3DPolyline",
        "Handle": "881DE",
        "Layer": "Contour_Line_Major",
        "LyrFrzn": 0,
        "LyrOn": 1,
        "Color": 35,
        "Linetype": "Continuous",
        "Elevation": 135,
        "LineWt": 25,
        "RefName": "",
        "DocUpdate": 1783359710000,
        "DocId": 1.1061215596273316e+19,
        "t0": null,
        "t00": null,
        "Shape_Length": 10.660513717925069,
        "Shape_Area": 5.8257902161146955
      }
    },
    {
      "type": "Feature",
      "id": 184,
      "geometry": {
        "type": "Polygon",
        "coordinates": [
          [
            [
              80.36155510538359,
              7.060171828318063
            ],
            [
              80.36154820244444,
              7.060173049046193
            ],
            [
              80.36154413796905,
              7.060171694816625
            ],
            [
              80.36154687700459,
              7.0601696561147635
            ],
            [
              80.36155394493233,
              7.060170271827169
            ],
            [
              80.36155510538359,
              7.060171828318063
            ]
          ]
        ]
      },
      "properties": {
        "OBJECTID": 184,
        "Entity": "3DPolyline",
        "Handle": "881EC",
        "Layer": "Contour_Line_Major",
        "LyrFrzn": 0,
        "LyrOn": 1,
        "Color": 35,
        "Linetype": "Continuous",
        "Elevation": 135,
        "LineWt": 25,
        "RefName": "",
        "DocUpdate": 1783359710000,
        "DocId": 1.1061215596273316e+19,
        "t0": null,
        "t00": null,
        "Shape_Length": 2.6228125385828203,
        "Shape_Area": 0.28889575538839485
      }
    },
    {
      "type": "Feature",
      "id": 185,
      "geometry": {
        "type": "Polygon",
        "coordinates": [
          [
            [
              80.36154286843382,
              7.060054221465748
            ],
            [
              80.36158144285238,
              7.060051610377254
            ],
            [
              80.36158533546123,
              7.060053502572153
            ],
            [
              80.36158997568909,
              7.060058897261565
            ],
            [
              80.36159659638433,
              7.060086550850216
            ],
            [
              80.36160410699256,
              7.060099772827207
            ],
            [
              80.36160827848931,
              7.060112884404558
            ],
            [
              80.36161094690704,
              7.060139240903555
            ],
            [
              80.36160901683428,
              7.060145608028671
            ],
            [
              80.36160442456577,
              7.06015014072386
            ],
            [
              80.36158853901082,
              7.060155137373252
            ],
            [
              80.36156320307944,
              7.0601577086851295
            ],
            [
              80.36154921711183,
              7.060144893030866
            ],
            [
              80.36153738009872,
              7.060130505513805
            ],
            [
              80.36153295262737,
              7.060122485237426
            ],
            [
              80.36152837935587,
              7.0601072184972455
            ],
            [
              80.36152265895258,
              7.060068133667763
            ],
            [
              80.36152325716888,
              7.060064375221025
            ],
            [
              80.36152526602852,
              7.06006196104083
            ],
            [
              80.36154286843382,
              7.060054221465748
            ]
          ]
        ]
      },
      "properties": {
        "OBJECTID": 185,
        "Entity": "3DPolyline",
        "Handle": "881F4",
        "Layer": "Contour_Line_Major",
        "LyrFrzn": 0,
        "LyrOn": 1,
        "Color": 35,
        "Linetype": "Continuous",
        "Elevation": 135,
        "LineWt": 25,
        "RefName": "",
        "DocUpdate": 1783359710000,
        "DocId": 1.1061215596273316e+19,
        "t0": null,
        "t00": null,
        "Shape_Length": 35.096729533437,
        "Shape_Area": 85.68899160465469
      }
    },
    {
      "type": "Feature",
      "id": 186,
      "geometry": {
        "type": "Polygon",
        "coordinates": [
          [
            [
              80.36148592181215,
              7.06010365892736
            ],
            [
              80.36147784181739,
              7.060099585584461
            ],
            [
              80.36148179034728,
              7.060098333678188
            ],
            [
              80.36148592181215,
              7.06010365892736
            ]
          ]
        ]
      },
      "properties": {
        "OBJECTID": 186,
        "Entity": "3DPolyline",
        "Handle": "8820A",
        "Layer": "Contour_Line_Major",
        "LyrFrzn": 0,
        "LyrOn": 1,
        "Color": 35,
        "Linetype": "Continuous",
        "Elevation": 135,
        "LineWt": 25,
        "RefName": "",
        "DocUpdate": 1783359710000,
        "DocId": 1.1061215596273316e+19,
        "t0": null,
        "t00": null,
        "Shape_Length": 2.201945893684453,
        "Shape_Area": 0.15994484495162284
      }
    },
    {
      "type": "Feature",
      "id": 187,
      "geometry": {
        "type": "Polygon",
        "coordinates": [
          [
            [
              80.36149213933659,
              7.059990834300108
            ],
            [
              80.36149077281134,
              7.059995614729387
            ],
            [
              80.36148959302969,
              7.059989006359994
            ],
            [
              80.36149078154989,
              7.059987920730149
            ],
            [
              80.36149213933659,
              7.059990834300108
            ]
          ]
        ]
      },
      "properties": {
        "OBJECTID": 187,
        "Entity": "3DPolyline",
        "Handle": "88210",
        "Layer": "Contour_Line_Major",
        "LyrFrzn": 0,
        "LyrOn": 1,
        "Color": 35,
        "Linetype": "Continuous",
        "Elevation": 135,
        "LineWt": 25,
        "RefName": "",
        "DocUpdate": 1783359710000,
        "DocId": 1.1061215596273316e+19,
        "t0": null,
        "t00": null,
        "Shape_Length": 1.8248945209595049,
        "Shape_Area": 0.11970177965774507
      }
    },
    {
      "type": "Feature",
      "id": 188,
      "geometry": {
        "type": "Polygon",
        "coordinates": [
          [
            [
              80.36141367526815,
              7.058235920659628
            ],
            [
              80.36140819726259,
              7.058249873824658
            ],
            [
              80.36140402223084,
              7.058254543676027
            ],
            [
              80.3614020699758,
              7.0582546414087055
            ],
            [
              80.36139978899165,
              7.058252798454709
            ],
            [
              80.36139738335248,
              7.058244796321748
            ],
            [
              80.36139759949495,
              7.058235737655985
            ],
            [
              80.36139942313768,
              7.058232367124003
            ],
            [
              80.36140301599168,
              7.05823098628567
            ],
            [
              80.36140755681403,
              7.0582316039672435
            ],
            [
              80.36141367526815,
              7.058235920659628
            ]
          ]
        ]
      },
      "properties": {
        "OBJECTID": 188,
        "Entity": "3DPolyline",
        "Handle": "88217",
        "Layer": "Contour_Line_Major",
        "LyrFrzn": 0,
        "LyrOn": 1,
        "Color": 35,
        "Linetype": "Continuous",
        "Elevation": 135,
        "LineWt": 25,
        "RefName": "",
        "DocUpdate": 1783359710000,
        "DocId": 1.1061215596273316e+19,
        "t0": null,
        "t00": null,
        "Shape_Length": 6.996666942677733,
        "Shape_Area": 3.249994083944046
      }
    },
    {
      "type": "Feature",
      "id": 189,
      "geometry": {
        "type": "Polygon",
        "coordinates": [
          [
            [
              80.36147793782058,
              7.0581546000390345
            ],
            [
              80.36147692602174,
              7.05816217688556
            ],
            [
              80.36147454934377,
              7.058164751571237
            ],
            [
              80.36147311207473,
              7.058163019221143
            ],
            [
              80.36147484769477,
              7.058153845948375
            ],
            [
              80.3614757008259,
              7.058153032125553
            ],
            [
              80.36147793782058,
              7.0581546000390345
            ]
          ]
        ]
      },
      "properties": {
        "OBJECTID": 189,
        "Entity": "3DPolyline",
        "Handle": "88224",
        "Layer": "Contour_Line_Major",
        "LyrFrzn": 0,
        "LyrOn": 1,
        "Color": 35,
        "Linetype": "Continuous",
        "Elevation": 135,
        "LineWt": 25,
        "RefName": "",
        "DocUpdate": 1783359710000,
        "DocId": 1.1061215596273316e+19,
        "t0": null,
        "t00": null,
        "Shape_Length": 2.9451963616449475,
        "Shape_Area": 0.419271074986187
      }
    },
    {
      "type": "Feature",
      "id": 190,
      "geometry": {
        "type": "Polygon",
        "coordinates": [
          [
            [
              80.36150510636485,
              7.0581275010259965
            ],
            [
              80.36150073639921,
              7.0581277419870485
            ],
            [
              80.36149687541923,
              7.05813052992268
            ],
            [
              80.36149437756951,
              7.058143559108669
            ],
            [
              80.36149118651237,
              7.058147740951328
            ],
            [
              80.36148480358412,
              7.058147450907382
            ],
            [
              80.36148303826506,
              7.058145924343502
            ],
            [
              80.36149386652255,
              7.058127984050781
            ],
            [
              80.36150510636485,
              7.0581275010259965
            ]
          ]
        ]
      },
      "properties": {
        "OBJECTID": 190,
        "Entity": "3DPolyline",
        "Handle": "8822D",
        "Layer": "Contour_Line_Major",
        "LyrFrzn": 0,
        "LyrOn": 1,
        "Color": 35,
        "Linetype": "Continuous",
        "Elevation": 135,
        "LineWt": 25,
        "RefName": "",
        "DocUpdate": 1783359710000,
        "DocId": 1.1061215596273316e+19,
        "t0": null,
        "t00": null,
        "Shape_Length": 7.579552162412024,
        "Shape_Area": 1.7783917165011278
      }
    },
    {
      "type": "Feature",
      "id": 191,
      "geometry": {
        "type": "Polygon",
        "coordinates": [
          [
            [
              80.36015037658056,
              7.055611026850467
            ],
            [
              80.36014812718038,
              7.055620483439039
            ],
            [
              80.36014362248604,
              7.055625226096523
            ],
            [
              80.36013719826758,
              7.055628657255049
            ],
            [
              80.36012330090783,
              7.055629241536576
            ],
            [
              80.3601127863247,
              7.055627785290713
            ],
            [
              80.36010450983309,
              7.0556244488613595
            ],
            [
              80.36010259824474,
              7.055621314726668
            ],
            [
              80.36010380295227,
              7.055616346839298
            ],
            [
              80.36010893788281,
              7.055612222846264
            ],
            [
              80.36012421141352,
              7.055604446650702
            ],
            [
              80.36013870554228,
              7.055605774478304
            ],
            [
              80.36015037658056,
              7.055611026850467
            ]
          ]
        ]
      },
      "properties": {
        "OBJECTID": 191,
        "Entity": "3DPolyline",
        "Handle": "88238",
        "Layer": "Contour_Line_Major",
        "LyrFrzn": 0,
        "LyrOn": 1,
        "Color": 35,
        "Linetype": "Continuous",
        "Elevation": 135,
        "LineWt": 25,
        "RefName": "",
        "DocUpdate": 1783359710000,
        "DocId": 1.1061215596273316e+19,
        "t0": null,
        "t00": null,
        "Shape_Length": 12.909370469793496,
        "Shape_Area": 10.720947548615772
      }
    },
    {
      "type": "Feature",
      "id": 192,
      "geometry": {
        "type": "Polygon",
        "coordinates": [
          [
            [
              80.345503829176,
              7.051854988160959
            ],
            [
              80.34549815692246,
              7.051858707809879
            ],
            [
              80.34549454565743,
              7.051859024765246
            ],
            [
              80.3454913924951,
              7.051855500794591
            ],
            [
              80.34549021382519,
              7.051846337089706
            ],
            [
              80.34549314632847,
              7.051836128977751
            ],
            [
              80.34549549781963,
              7.051836049055037
            ],
            [
              80.34550165110026,
              7.0518424717469115
            ],
            [
              80.34550354145256,
              7.051845815754467
            ],
            [
              80.345503829176,
              7.051854988160959
            ]
          ]
        ]
      },
      "properties": {
        "OBJECTID": 192,
        "Entity": "3DPolyline",
        "Handle": "88247",
        "Layer": "Contour_Line_Major",
        "LyrFrzn": 0,
        "LyrOn": 1,
        "Color": 35,
        "Linetype": "Continuous",
        "Elevation": 135,
        "LineWt": 25,
        "RefName": "",
        "DocUpdate": 1783359710000,
        "DocId": 1.1061215596273316e+19,
        "t0": null,
        "t00": null,
        "Shape_Length": 6.5496913692139564,
        "Shape_Area": 2.812078425356888
      }
    },
    {
      "type": "Feature",
      "id": 193,
      "geometry": {
        "type": "Polygon",
        "coordinates": [
          [
            [
              80.3490762256704,
              7.051706208349228
            ],
            [
              80.34908173636036,
              7.051698863947379
            ],
            [
              80.34909670097299,
              7.051689924450615
            ],
            [
              80.34911746603544,
              7.051687241579983
            ],
            [
              80.34913324974069,
              7.051687606391038
            ],
            [
              80.34913593322474,
              7.051691630798895
            ],
            [
              80.34913992240074,
              7.051705331054118
            ],
            [
              80.34914214747658,
              7.051734191612972
            ],
            [
              80.34915028066857,
              7.051770663945293
            ],
            [
              80.34914776100251,
              7.051792628031585
            ],
            [
              80.34914211070358,
              7.051804636939366
            ],
            [
              80.3491305181287,
              7.051820531601409
            ],
            [
              80.34911946255424,
              7.051826636297878
            ],
            [
              80.34909787492828,
              7.051832872854081
            ],
            [
              80.34907676446514,
              7.051831971464571
            ],
            [
              80.34906093316381,
              7.051826783591188
            ],
            [
              80.3490559161242,
              7.051823610719062
            ],
            [
              80.34905160009134,
              7.051815747892535
            ],
            [
              80.34904721345202,
              7.051792309737309
            ],
            [
              80.34904700703284,
              7.051773491452648
            ],
            [
              80.34904976398276,
              7.0517612125804074
            ],
            [
              80.34906238614376,
              7.051730315792418
            ],
            [
              80.3490762256704,
              7.051706208349228
            ]
          ]
        ]
      },
      "properties": {
        "OBJECTID": 193,
        "Entity": "3DPolyline",
        "Handle": "88253",
        "Layer": "Contour_Line_Major",
        "LyrFrzn": 0,
        "LyrOn": 1,
        "Color": 35,
        "Linetype": "Continuous",
        "Elevation": 135,
        "LineWt": 25,
        "RefName": "",
        "DocUpdate": 1783359710000,
        "DocId": 1.1061215596273316e+19,
        "t0": null,
        "t00": null,
        "Shape_Length": 45.09272979468378,
        "Shape_Area": 143.47400499881945
      }
    },
    {
      "type": "Feature",
      "id": 194,
      "geometry": {
        "type": "Polygon",
        "coordinates": [
          [
            [
              80.34911465125526,
              7.051624853518389
            ],
            [
              80.3491165578759,
              7.051623697462396
            ],
            [
              80.349129337743,
              7.051632889991942
            ],
            [
              80.34915269352575,
              7.05164295566202
            ],
            [
              80.34914067446212,
              7.051653041695556
            ],
            [
              80.34913298305143,
              7.0516548834721124
            ],
            [
              80.34912748869269,
              7.05165247607905
            ],
            [
              80.34912354246407,
              7.051649520884155
            ],
            [
              80.34911673303796,
              7.051640262501022
            ],
            [
              80.34911502898734,
              7.051635107881374
            ],
            [
              80.34911465125526,
              7.051624853518389
            ]
          ]
        ]
      },
      "properties": {
        "OBJECTID": 194,
        "Entity": "3DPolyline",
        "Handle": "8826C",
        "Layer": "Contour_Line_Major",
        "LyrFrzn": 0,
        "LyrOn": 1,
        "Color": 35,
        "Linetype": "Continuous",
        "Elevation": 135,
        "LineWt": 25,
        "RefName": "",
        "DocUpdate": 1783359710000,
        "DocId": 1.1061215596273316e+19,
        "t0": null,
        "t00": null,
        "Shape_Length": 11.614165059778953,
        "Shape_Area": 7.03030823140595
      }
    },
    {
      "type": "Feature",
      "id": 195,
      "geometry": {
        "type": "Polygon",
        "coordinates": [
          [
            [
              80.34921141174934,
              7.05164307907489
            ],
            [
              80.34920934452008,
              7.051645782571166
            ],
            [
              80.34920601884416,
              7.051647124794443
            ],
            [
              80.34919729223876,
              7.051644639631729
            ],
            [
              80.34919427672581,
              7.051642374087019
            ],
            [
              80.34919461006749,
              7.051639674507045
            ],
            [
              80.34920068094533,
              7.051636412157045
            ],
            [
              80.34920621526122,
              7.051637437471668
            ],
            [
              80.34921141174934,
              7.05164307907489
            ]
          ]
        ]
      },
      "properties": {
        "OBJECTID": 195,
        "Entity": "3DPolyline",
        "Handle": "88279",
        "Layer": "Contour_Line_Major",
        "LyrFrzn": 0,
        "LyrOn": 1,
        "Color": 35,
        "Linetype": "Continuous",
        "Elevation": 135,
        "LineWt": 25,
        "RefName": "",
        "DocUpdate": 1783359710000,
        "DocId": 1.1061215596273316e+19,
        "t0": null,
        "t00": null,
        "Shape_Length": 4.722501263208695,
        "Shape_Area": 1.4620920051809707
      }
    },
    {
      "type": "Feature",
      "id": 196,
      "geometry": {
        "type": "Polygon",
        "coordinates": [
          [
            [
              80.35024112158008,
              7.053598313695963
            ],
            [
              80.35024586805376,
              7.053581258911631
            ],
            [
              80.35025591774674,
              7.053560204403751
            ],
            [
              80.35027242885674,
              7.053544129318772
            ],
            [
              80.35028549558774,
              7.053538547504733
            ],
            [
              80.35029367701301,
              7.053537247306891
            ],
            [
              80.35030356494184,
              7.05353870560892
            ],
            [
              80.35031787167568,
              7.053543175836229
            ],
            [
              80.35033921799798,
              7.053554859593108
            ],
            [
              80.35038956558742,
              7.053575288054798
            ],
            [
              80.35042665725624,
              7.053579829770812
            ],
            [
              80.3504621514914,
              7.0535910583179975
            ],
            [
              80.35047848711069,
              7.053599553841246
            ],
            [
              80.35049434404428,
              7.0536162926541985
            ],
            [
              80.35050656607966,
              7.053624308477948
            ],
            [
              80.35051275532302,
              7.053634231722333
            ],
            [
              80.35052935580298,
              7.053653433719793
            ],
            [
              80.35053329822365,
              7.053663039060292
            ],
            [
              80.35053971926233,
              7.053689203599987
            ],
            [
              80.35053467373045,
              7.053711655348274
            ],
            [
              80.35052877349345,
              7.053724347755836
            ],
            [
              80.35051636426194,
              7.053744107309068
            ],
            [
              80.3505083438249,
              7.053753329674959
            ],
            [
              80.35048876163575,
              7.053769964023967
            ],
            [
              80.35044951780603,
              7.053794621410514
            ],
            [
              80.35043735956093,
              7.053799302668204
            ],
            [
              80.35040516644386,
              7.053824490870951
            ],
            [
              80.35037336399814,
              7.053844169171532
            ],
            [
              80.35036304205616,
              7.0538487779048475
            ],
            [
              80.35034320534855,
              7.053853780443886
            ],
            [
              80.35030906998313,
              7.05386669950306
            ],
            [
              80.35026266305594,
              7.053887642825563
            ],
            [
              80.35024508459404,
              7.0538932120289495
            ],
            [
              80.35021688522583,
              7.053904811478557
            ],
            [
              80.35019965162599,
              7.053915001537849
            ],
            [
              80.3501797180842,
              7.05392256558515
            ],
            [
              80.3501640668671,
              7.053933620773657
            ],
            [
              80.3501469899835,
              7.053940506773176
            ],
            [
              80.350127527231,
              7.053951339567373
            ],
            [
              80.3501076729996,
              7.053959165133071
            ],
            [
              80.35001280516629,
              7.053989677024933
            ],
            [
              80.34993030578954,
              7.054013450123009
            ],
            [
              80.34990934656442,
              7.054022838086885
            ],
            [
              80.3498758447619,
              7.054031366464466
            ],
            [
              80.34985801948123,
              7.054033423894154
            ],
            [
              80.34982201748925,
              7.054042820761123
            ],
            [
              80.34977057483778,
              7.054047978268042
            ],
            [
              80.34975626683865,
              7.054047004963278
            ],
            [
              80.34973149981514,
              7.054041808281629
            ],
            [
              80.349714439015,
              7.05403456450683
            ],
            [
              80.34970674374665,
              7.054030058239953
            ],
            [
              80.34969371818785,
              7.054017798091465
            ],
            [
              80.34969025472991,
              7.0540101562586
            ],
            [
              80.34968772287115,
              7.053995436812751
            ],
            [
              80.34968037850868,
              7.053969154294497
            ],
            [
              80.34967803217909,
              7.053927240187801
            ],
            [
              80.34968639765015,
              7.0538725580739365
            ],
            [
              80.34969366858802,
              7.053839847459977
            ],
            [
              80.34970795369998,
              7.053797516002159
            ],
            [
              80.3497196099457,
              7.053773651538611
            ],
            [
              80.34974392770044,
              7.053741972314147
            ],
            [
              80.34976573851779,
              7.053720541625647
            ],
            [
              80.34978367990055,
              7.0537066439641825
            ],
            [
              80.3497928019441,
              7.0536976429482685
            ],
            [
              80.34980963442005,
              7.053687466818135
            ],
            [
              80.34982473762264,
              7.053675927855435
            ],
            [
              80.349836710664,
              7.053670305637073
            ],
            [
              80.34987051969628,
              7.053658953721464
            ],
            [
              80.34989335555625,
              7.05365302370345
            ],
            [
              80.34991295979833,
              7.0536446071349355
            ],
            [
              80.34994702032202,
              7.053640549754166
            ],
            [
              80.3499674485546,
              7.053635989469117
            ],
            [
              80.35003908907706,
              7.053634953983185
            ],
            [
              80.35009114509239,
              7.0536385740237
            ],
            [
              80.3501595263057,
              7.053652316841113
            ],
            [
              80.35018047909055,
              7.053654027530966
            ],
            [
              80.35021208385079,
              7.053663138589936
            ],
            [
              80.3502206477444,
              7.05366351684295
            ],
            [
              80.35022626936839,
              7.053661036281573
            ],
            [
              80.3502305021489,
              7.053656550237071
            ],
            [
              80.35023533188176,
              7.053646019998404
            ],
            [
              80.35023793975458,
              7.0536335021129455
            ],
            [
              80.35024112158008,
              7.053598313695963
            ]
          ]
        ]
      },
      "properties": {
        "OBJECTID": 196,
        "Entity": "3DPolyline",
        "Handle": "89FA3",
        "Layer": "Contour_Line_Major",
        "LyrFrzn": 0,
        "LyrOn": 1,
        "Color": 35,
        "Linetype": "Continuous",
        "Elevation": 145,
        "LineWt": 25,
        "RefName": "",
        "DocUpdate": 1783359710000,
        "DocId": 1.1061215596273316e+19,
        "t0": null,
        "t00": null,
        "Shape_Length": 246.50720953360738,
        "Shape_Area": 3084.0081528516343
      }
    },
    {
      "type": "Feature",
      "id": 197,
      "geometry": {
        "type": "Polygon",
        "coordinates": [
          [
            [
              80.34684016801951,
              7.052254854868847
            ],
            [
              80.3468346139049,
              7.052264730074215
            ],
            [
              80.34683212283828,
              7.052264908402862
            ],
            [
              80.34682566988593,
              7.052259097678989
            ],
            [
              80.34682316047235,
              7.052251691438886
            ],
            [
              80.34682354802945,
              7.052243264409231
            ],
            [
              80.34682473847691,
              7.052236932505517
            ],
            [
              80.34682909187458,
              7.052232964057229
            ],
            [
              80.34683313694853,
              7.052233215747567
            ],
            [
              80.34683683605466,
              7.052236767609785
            ],
            [
              80.3468398855132,
              7.052246463988228
            ],
            [
              80.34684016801951,
              7.052254854868847
            ]
          ]
        ]
      },
      "properties": {
        "OBJECTID": 197,
        "Entity": "3DPolyline",
        "Handle": "89FF8",
        "Layer": "Contour_Line_Major",
        "LyrFrzn": 0,
        "LyrOn": 1,
        "Color": 35,
        "Linetype": "Continuous",
        "Elevation": 145,
        "LineWt": 25,
        "RefName": "",
        "DocUpdate": 1783359710000,
        "DocId": 1.1061215596273316e+19,
        "t0": null,
        "t00": null,
        "Shape_Length": 8.713893451005985,
        "Shape_Area": 5.004823542149005
      }
    },
    {
      "type": "Feature",
      "id": 198,
      "geometry": {
        "type": "Polygon",
        "coordinates": [
          [
            [
              80.34683582712809,
              7.052175577886275
            ],
            [
              80.34683484334153,
              7.052184980982283
            ],
            [
              80.34683243971078,
              7.05218543803064
            ],
            [
              80.34682975621935,
              7.052182078445887
            ],
            [
              80.34682687957877,
              7.052172466431
            ],
            [
              80.34682680857755,
              7.052167566454564
            ],
            [
              80.34682986806502,
              7.052161703000879
            ],
            [
              80.34683256727129,
              7.052161600944333
            ],
            [
              80.34683442612437,
              7.052164170619687
            ],
            [
              80.34683582712809,
              7.052175577886275
            ]
          ]
        ]
      },
      "properties": {
        "OBJECTID": 198,
        "Entity": "3DPolyline",
        "Handle": "8A006",
        "Layer": "Contour_Line_Major",
        "LyrFrzn": 0,
        "LyrOn": 1,
        "Color": 35,
        "Linetype": "Continuous",
        "Elevation": 145,
        "LineWt": 25,
        "RefName": "",
        "DocUpdate": 1783359710000,
        "DocId": 1.1061215596273316e+19,
        "t0": null,
        "t00": null,
        "Shape_Length": 6.091940734866039,
        "Shape_Area": 1.9153040690455831
      }
    },
    {
      "type": "Feature",
      "id": 199,
      "geometry": {
        "type": "Polygon",
        "coordinates": [
          [
            [
              80.34567398011882,
              7.051864271893608
            ],
            [
              80.34567811446878,
              7.0518725189198985
            ],
            [
              80.34567324660904,
              7.0518804846892085
            ],
            [
              80.34566814072316,
              7.051883218283898
            ],
            [
              80.3456652525642,
              7.051883121975592
            ],
            [
              80.34565809444088,
              7.051878507856319
            ],
            [
              80.34565156317457,
              7.051862064177612
            ],
            [
              80.34563942094553,
              7.051846313655149
            ],
            [
              80.34563806201618,
              7.051839140583469
            ],
            [
              80.34564051575059,
              7.051833949265537
            ],
            [
              80.34564812688247,
              7.051831899392081
            ],
            [
              80.34565266359441,
              7.051832796715733
            ],
            [
              80.34566127151759,
              7.051838543536887
            ],
            [
              80.34566631218544,
              7.051846151420668
            ],
            [
              80.34567398011882,
              7.051864271893608
            ]
          ]
        ]
      },
      "properties": {
        "OBJECTID": 199,
        "Entity": "3DPolyline",
        "Handle": "8A012",
        "Layer": "Contour_Line_Major",
        "LyrFrzn": 0,
        "LyrOn": 1,
        "Color": 35,
        "Linetype": "Continuous",
        "Elevation": 145,
        "LineWt": 25,
        "RefName": "",
        "DocUpdate": 1783359710000,
        "DocId": 1.1061215596273316e+19,
        "t0": null,
        "t00": null,
        "Shape_Length": 15.255198381857054,
        "Shape_Area": 13.07054277032743
      }
    },
    {
      "type": "Feature",
      "id": 200,
      "geometry": {
        "type": "Polygon",
        "coordinates": [
          [
            [
              80.34592997117032,
              7.051276681405296
            ],
            [
              80.34591775339818,
              7.051286385357808
            ],
            [
              80.34591425426045,
              7.05128745414404
            ],
            [
              80.34591090266015,
              7.0512872649259455
            ],
            [
              80.34590738780517,
              7.051284692929025
            ],
            [
              80.34590631761934,
              7.051280805540067
            ],
            [
              80.34590659129849,
              7.051277405768984
            ],
            [
              80.34591255438474,
              7.051274186730192
            ],
            [
              80.3459217639522,
              7.051274448371996
            ],
            [
              80.34592997117032,
              7.051276681405296
            ]
          ]
        ]
      },
      "properties": {
        "OBJECTID": 200,
        "Entity": "3DPolyline",
        "Handle": "8A023",
        "Layer": "Contour_Line_Major",
        "LyrFrzn": 0,
        "LyrOn": 1,
        "Color": 35,
        "Linetype": "Continuous",
        "Elevation": 145,
        "LineWt": 25,
        "RefName": "",
        "DocUpdate": 1783359710000,
        "DocId": 1.1061215596273316e+19,
        "t0": null,
        "t00": null,
        "Shape_Length": 6.508418838258518,
        "Shape_Area": 2.510622325803134
      }
    },
    {
      "type": "Feature",
      "id": 201,
      "geometry": {
        "type": "Polygon",
        "coordinates": [
          [
            [
              80.36326074599192,
              7.063629499993288
            ],
            [
              80.36325970243269,
              7.063629191929644
            ],
            [
              80.36326046213811,
              7.063627842489463
            ],
            [
              80.36326074599192,
              7.063629499993288
            ]
          ]
        ]
      },
      "properties": {
        "OBJECTID": 201,
        "Entity": "3DPolyline",
        "Handle": "8ABCC",
        "Layer": "Contour_Line_Major",
        "LyrFrzn": 0,
        "LyrOn": 1,
        "Color": 35,
        "Linetype": "Continuous",
        "Elevation": 150,
        "LineWt": 25,
        "RefName": "",
        "DocUpdate": 1783359710000,
        "DocId": 1.1061215596273316e+19,
        "t0": null,
        "t00": null,
        "Shape_Length": 0.4772469016061843,
        "Shape_Area": 0.010025859957217574
      }
    },
    {
      "type": "Feature",
      "id": 202,
      "geometry": {
        "type": "Polygon",
        "coordinates": [
          [
            [
              80.36341180598677,
              7.063575433841173
            ],
            [
              80.36340906621551,
              7.063579324143968
            ],
            [
              80.36340590859646,
              7.063580885591761
            ],
            [
              80.3634038170637,
              7.063572904698625
            ],
            [
              80.36340630004912,
              7.063571398411442
            ],
            [
              80.36341180598677,
              7.063575433841173
            ]
          ]
        ]
      },
      "properties": {
        "OBJECTID": 202,
        "Entity": "3DPolyline",
        "Handle": "8ABD2",
        "Layer": "Contour_Line_Major",
        "LyrFrzn": 0,
        "LyrOn": 1,
        "Color": 35,
        "Linetype": "Continuous",
        "Elevation": 150,
        "LineWt": 25,
        "RefName": "",
        "DocUpdate": 1783359710000,
        "DocId": 1.1061215596273316e+19,
        "t0": null,
        "t00": null,
        "Shape_Length": 2.902063269100729,
        "Shape_Area": 0.5176271004243005
      }
    },
    {
      "type": "Feature",
      "id": 203,
      "geometry": {
        "type": "Polygon",
        "coordinates": [
          [
            [
              80.36339182673966,
              7.0635255275492685
            ],
            [
              80.36338960244082,
              7.063532528362314
            ],
            [
              80.36337161592097,
              7.063538349849037
            ],
            [
              80.36336473858063,
              7.0635426650643875
            ],
            [
              80.36335585845906,
              7.063543620799681
            ],
            [
              80.36334146456535,
              7.0635422977093585
            ],
            [
              80.36333325644983,
              7.063540485566258
            ],
            [
              80.36333078226299,
              7.063538207271922
            ],
            [
              80.36333068633058,
              7.0635308930347875
            ],
            [
              80.36333377275234,
              7.0635218066264445
            ],
            [
              80.36334396354144,
              7.06351387596775
            ],
            [
              80.36335316477445,
              7.06349594427408
            ],
            [
              80.36336107548232,
              7.063490782011404
            ],
            [
              80.36337522750294,
              7.063492852824988
            ],
            [
              80.36338554061378,
              7.06349942210013
            ],
            [
              80.36338976914935,
              7.063506632529041
            ],
            [
              80.36339182673966,
              7.0635255275492685
            ]
          ]
        ]
      },
      "properties": {
        "OBJECTID": 203,
        "Entity": "3DPolyline",
        "Handle": "8ABDA",
        "Layer": "Contour_Line_Major",
        "LyrFrzn": 0,
        "LyrOn": 1,
        "Color": 35,
        "Linetype": "Continuous",
        "Elevation": 150,
        "LineWt": 25,
        "RefName": "",
        "DocUpdate": 1783359710000,
        "DocId": 1.1061215596273316e+19,
        "t0": null,
        "t00": null,
        "Shape_Length": 20.203019242304073,
        "Shape_Area": 27.79426771395927
      }
    },
    {
      "type": "Feature",
      "id": 204,
      "geometry": {
        "type": "Polygon",
        "coordinates": [
          [
            [
              80.34991719906259,
              7.0537425889225
            ],
            [
              80.34993267336841,
              7.053738277727671
            ],
            [
              80.34996591733118,
              7.053732182191003
            ],
            [
              80.35001987855766,
              7.053724631139974
            ],
            [
              80.35003064372374,
              7.0537261775045925
            ],
            [
              80.35004097794908,
              7.053729641793326
            ],
            [
              80.350064934646,
              7.053743250433491
            ],
            [
              80.35008192064758,
              7.0537567326865025
            ],
            [
              80.35009018676311,
              7.053766126053441
            ],
            [
              80.3501005004005,
              7.053783057971984
            ],
            [
              80.3501066998133,
              7.053798020413963
            ],
            [
              80.35010905489428,
              7.053817452253425
            ],
            [
              80.35010763600037,
              7.053839596071815
            ],
            [
              80.35010425562311,
              7.053850937886699
            ],
            [
              80.35009389069701,
              7.053868190179868
            ],
            [
              80.35008975921603,
              7.053872751440396
            ],
            [
              80.35006880485456,
              7.053887748456435
            ],
            [
              80.3500522414144,
              7.053897184153861
            ],
            [
              80.35003672408605,
              7.053901827257654
            ],
            [
              80.35001815132055,
              7.053904902162901
            ],
            [
              80.34995656815403,
              7.053922221557698
            ],
            [
              80.34992723729009,
              7.053926469142136
            ],
            [
              80.349893490474,
              7.053933448612392
            ],
            [
              80.3498746246644,
              7.0539401919079205
            ],
            [
              80.34986562457792,
              7.05393965112868
            ],
            [
              80.34985527562903,
              7.053937003612656
            ],
            [
              80.3498372433516,
              7.05392972864029
            ],
            [
              80.34982861903922,
              7.053924628609965
            ],
            [
              80.34981822777702,
              7.053911423272557
            ],
            [
              80.34980871469762,
              7.053887891148449
            ],
            [
              80.34981022671174,
              7.053869102391554
            ],
            [
              80.34982008609758,
              7.053830012961947
            ],
            [
              80.34983737056992,
              7.053800881067996
            ],
            [
              80.34985787057106,
              7.05377733012336
            ],
            [
              80.34987628296895,
              7.053762644357313
            ],
            [
              80.34991719906259,
              7.0537425889225
            ]
          ]
        ]
      },
      "properties": {
        "OBJECTID": 204,
        "Entity": "3DPolyline",
        "Handle": "8AF32",
        "Layer": "Contour_Line_Major",
        "LyrFrzn": 0,
        "LyrOn": 1,
        "Color": 35,
        "Linetype": "Continuous",
        "Elevation": 150,
        "LineWt": 25,
        "RefName": "",
        "DocUpdate": 1783359710000,
        "DocId": 1.1061215596273316e+19,
        "t0": null,
        "t00": null,
        "Shape_Length": 90.20741261502819,
        "Shape_Area": 574.7759606599587
      }
    },
    {
      "type": "Feature",
      "id": 205,
      "geometry": {
        "type": "Polygon",
        "coordinates": [
          [
            [
              80.34611414449361,
              7.050933215178236
            ],
            [
              80.34610633313348,
              7.05094182629175
            ],
            [
              80.34609731794423,
              7.050946938780307
            ],
            [
              80.34609304327446,
              7.050948361061177
            ],
            [
              80.34608545419212,
              7.050946966497578
            ],
            [
              80.34608377891566,
              7.050943916767736
            ],
            [
              80.34608461662967,
              7.0509392541477
            ],
            [
              80.34608800536515,
              7.050933621816441
            ],
            [
              80.34609386531976,
              7.050929691664369
            ],
            [
              80.34611100510111,
              7.050928911520171
            ],
            [
              80.34611414449361,
              7.050933215178236
            ]
          ]
        ]
      },
      "properties": {
        "OBJECTID": 205,
        "Entity": "3DPolyline",
        "Handle": "8AF58",
        "Layer": "Contour_Line_Major",
        "LyrFrzn": 0,
        "LyrOn": 1,
        "Color": 35,
        "Linetype": "Continuous",
        "Elevation": 150,
        "LineWt": 25,
        "RefName": "",
        "DocUpdate": 1783359710000,
        "DocId": 1.1061215596273316e+19,
        "t0": null,
        "t00": null,
        "Shape_Length": 8.677591810213707,
        "Shape_Area": 4.7763926226766795
      }
    },
    {
      "type": "Feature",
      "id": 206,
      "geometry": {
        "type": "Polygon",
        "coordinates": [
          [
            [
              80.34763879608616,
              7.05062780392379
            ],
            [
              80.34763627938223,
              7.05063660607984
            ],
            [
              80.3476323020045,
              7.050639102476301
            ],
            [
              80.34763003561925,
              7.0506366000753715
            ],
            [
              80.34762846025947,
              7.050628136834357
            ],
            [
              80.34763073146203,
              7.050611016211098
            ],
            [
              80.3476329335228,
              7.050607722247539
            ],
            [
              80.34763572843949,
              7.050613627350992
            ],
            [
              80.34763879608616,
              7.05062780392379
            ]
          ]
        ]
      },
      "properties": {
        "OBJECTID": 206,
        "Entity": "3DPolyline",
        "Handle": "8AF65",
        "Layer": "Contour_Line_Major",
        "LyrFrzn": 0,
        "LyrOn": 1,
        "Color": 35,
        "Linetype": "Continuous",
        "Elevation": 150,
        "LineWt": 25,
        "RefName": "",
        "DocUpdate": 1783359710000,
        "DocId": 1.1061215596273316e+19,
        "t0": null,
        "t00": null,
        "Shape_Length": 7.52841145840812,
        "Shape_Area": 2.5630720595405556
      }
    },
    {
      "type": "Feature",
      "id": 207,
      "geometry": {
        "type": "Polygon",
        "coordinates": [
          [
            [
              80.36391532731557,
              7.063612302438515
            ],
            [
              80.36390946533821,
              7.063618346717644
            ],
            [
              80.36390470183281,
              7.063628245833464
            ],
            [
              80.36390144375646,
              7.0636317609531725
            ],
            [
              80.36389357162506,
              7.063631886801622
            ],
            [
              80.36388927117997,
              7.063628922187141
            ],
            [
              80.36388587515665,
              7.063620082917239
            ],
            [
              80.36388516456073,
              7.063613325942009
            ],
            [
              80.36388655781117,
              7.063592958515909
            ],
            [
              80.36388494412977,
              7.0635877859667735
            ],
            [
              80.36387612099125,
              7.063576197635069
            ],
            [
              80.3638748120815,
              7.063572616586709
            ],
            [
              80.36387548813703,
              7.063565558482087
            ],
            [
              80.36387758061817,
              7.063564238899297
            ],
            [
              80.3638950645636,
              7.063580315610046
            ],
            [
              80.36391055261855,
              7.063591963685934
            ],
            [
              80.36391325912861,
              7.063597170288924
            ],
            [
              80.36391532731557,
              7.063612302438515
            ]
          ]
        ]
      },
      "properties": {
        "OBJECTID": 207,
        "Entity": "3DPolyline",
        "Handle": "8BB2F",
        "Layer": "Contour_Line_Major",
        "LyrFrzn": 0,
        "LyrOn": 1,
        "Color": 35,
        "Linetype": "Continuous",
        "Elevation": 155,
        "LineWt": 25,
        "RefName": "",
        "DocUpdate": 1783359710000,
        "DocId": 1.1061215596273316e+19,
        "t0": null,
        "t00": null,
        "Shape_Length": 18.965406740342004,
        "Shape_Area": 16.620537280122935
      }
    },
    {
      "type": "Feature",
      "id": 208,
      "geometry": {
        "type": "Polygon",
        "coordinates": [
          [
            [
              80.36415094765621,
              7.063684986907114
            ],
            [
              80.3641499140052,
              7.063687367150617
            ],
            [
              80.36414772811158,
              7.0636881348381175
            ],
            [
              80.36414680151755,
              7.06368439330353
            ],
            [
              80.36415094765621,
              7.063684986907114
            ]
          ]
        ]
      },
      "properties": {
        "OBJECTID": 208,
        "Entity": "3DPolyline",
        "Handle": "8BE29",
        "Layer": "Contour_Line_Major",
        "LyrFrzn": 0,
        "LyrOn": 1,
        "Color": 35,
        "Linetype": "Continuous",
        "Elevation": 160,
        "LineWt": 25,
        "RefName": "",
        "DocUpdate": 1783359710000,
        "DocId": 1.1061215596273316e+19,
        "t0": null,
        "t00": null,
        "Shape_Length": 1.4314406342221828,
        "Shape_Area": 0.11826651483068862
      }
    },
    {
      "type": "Feature",
      "id": 209,
      "geometry": {
        "type": "Polygon",
        "coordinates": [
          [
            [
              80.36425905400438,
              7.06370322507878
            ],
            [
              80.36425613404974,
              7.06370446755399
            ],
            [
              80.36425527300712,
              7.063702451065962
            ],
            [
              80.36425905400438,
              7.06370322507878
            ]
          ]
        ]
      },
      "properties": {
        "OBJECTID": 209,
        "Entity": "3DPolyline",
        "Handle": "8BE30",
        "Layer": "Contour_Line_Major",
        "LyrFrzn": 0,
        "LyrOn": 1,
        "Color": 35,
        "Linetype": "Continuous",
        "Elevation": 160,
        "LineWt": 25,
        "RefName": "",
        "DocUpdate": 1783359710000,
        "DocId": 1.1061215596273316e+19,
        "t0": null,
        "t00": null,
        "Shape_Length": 1.0191489030299952,
        "Shape_Area": 0.04247727998321995
      }
    },
    {
      "type": "Feature",
      "id": 210,
      "geometry": {
        "type": "Polygon",
        "coordinates": [
          [
            [
              80.36425978341457,
              7.063667044488105
            ],
            [
              80.36425646723444,
              7.063668023202184
            ],
            [
              80.3642557538203,
              7.063665977065594
            ],
            [
              80.36425696458686,
              7.06366518000759
            ],
            [
              80.36425978341457,
              7.063667044488105
            ]
          ]
        ]
      },
      "properties": {
        "OBJECTID": 210,
        "Entity": "3DPolyline",
        "Handle": "8BE36",
        "Layer": "Contour_Line_Major",
        "LyrFrzn": 0,
        "LyrOn": 1,
        "Color": 35,
        "Linetype": "Continuous",
        "Elevation": 160,
        "LineWt": 25,
        "RefName": "",
        "DocUpdate": 1783359710000,
        "DocId": 1.1061215596273316e+19,
        "t0": null,
        "t00": null,
        "Shape_Length": 1.1549492979812641,
        "Shape_Area": 0.07318458966380716
      }
    },
    {
      "type": "Feature",
      "id": 211,
      "geometry": {
        "type": "Polygon",
        "coordinates": [
          [
            [
              80.36018065714492,
              7.053241175438141
            ],
            [
              80.36018381213243,
              7.053250059622757
            ],
            [
              80.36018082564404,
              7.0532582606077145
            ],
            [
              80.3601774933751,
              7.053261117100611
            ],
            [
              80.36017537158227,
              7.0532587542508
            ],
            [
              80.36017355029715,
              7.053250523161552
            ],
            [
              80.36017681863689,
              7.053241470486717
            ],
            [
              80.36018065714492,
              7.053241175438141
            ]
          ]
        ]
      },
      "properties": {
        "OBJECTID": 211,
        "Entity": "3DPolyline",
        "Handle": "8C14A",
        "Layer": "Contour_Line_Major",
        "LyrFrzn": 0,
        "LyrOn": 1,
        "Color": 35,
        "Linetype": "Continuous",
        "Elevation": 160,
        "LineWt": 25,
        "RefName": "",
        "DocUpdate": 1783359710000,
        "DocId": 1.1061215596273316e+19,
        "t0": null,
        "t00": null,
        "Shape_Length": 5.263879932831315,
        "Shape_Area": 1.6417382353335706
      }
    },
    {
      "type": "Feature",
      "id": 212,
      "geometry": {
        "type": "Polygon",
        "coordinates": [
          [
            [
              80.34635907144326,
              7.051621006027439
            ],
            [
              80.34636415842562,
              7.0516175433412736
            ],
            [
              80.34637474840241,
              7.051613544727983
            ],
            [
              80.34640011579309,
              7.051598538674974
            ],
            [
              80.3464088133293,
              7.051597202179064
            ],
            [
              80.34641684902728,
              7.051599077672421
            ],
            [
              80.34642859893121,
              7.051620209622844
            ],
            [
              80.34644912759009,
              7.051643427958071
            ],
            [
              80.34648030928138,
              7.051693240110966
            ],
            [
              80.34652698848417,
              7.0517570390883275
            ],
            [
              80.34654047034806,
              7.051779548355657
            ],
            [
              80.34655157000986,
              7.051802085949187
            ],
            [
              80.34656302528533,
              7.051820256935309
            ],
            [
              80.34657183102131,
              7.051842501867893
            ],
            [
              80.34659038605055,
              7.051910173622537
            ],
            [
              80.34660316426123,
              7.051948293308597
            ],
            [
              80.34660842587553,
              7.051981738687922
            ],
            [
              80.34661108279525,
              7.052018915257226
            ],
            [
              80.3466112602283,
              7.052095815623676
            ],
            [
              80.34661335753971,
              7.052164689100372
            ],
            [
              80.34661117807548,
              7.0521957795112975
            ],
            [
              80.34660830724454,
              7.052207220602327
            ],
            [
              80.34660312667307,
              7.0522180216684225
            ],
            [
              80.34659568594613,
              7.052225104639437
            ],
            [
              80.3465790822652,
              7.052235475448289
            ],
            [
              80.34657003859262,
              7.05224797435313
            ],
            [
              80.34656757211415,
              7.052255157449247
            ],
            [
              80.34656936209501,
              7.052263583001687
            ],
            [
              80.3465813486992,
              7.052281871416639
            ],
            [
              80.34658787705509,
              7.052296543093511
            ],
            [
              80.34658955104192,
              7.0523108543058814
            ],
            [
              80.34658634062146,
              7.052327502341045
            ],
            [
              80.34657838162035,
              7.052350999219362
            ],
            [
              80.34656250372882,
              7.052387461507272
            ],
            [
              80.34654343209282,
              7.05242156572123
            ],
            [
              80.34647936804303,
              7.052506801065796
            ],
            [
              80.3464674352526,
              7.052521815965553
            ],
            [
              80.34644931521382,
              7.05254041231504
            ],
            [
              80.3464217907604,
              7.05256208540286
            ],
            [
              80.34639057472187,
              7.052580653474966
            ],
            [
              80.3463765202465,
              7.052585531875574
            ],
            [
              80.34636028210488,
              7.052588320453198
            ],
            [
              80.34633735150304,
              7.05258951401136
            ],
            [
              80.34631679842333,
              7.0525888547859
            ],
            [
              80.34630779607126,
              7.052585435701075
            ],
            [
              80.34630187610387,
              7.052581139006441
            ],
            [
              80.34627525164753,
              7.052554376296288
            ],
            [
              80.34626856854237,
              7.05255127614011
            ],
            [
              80.3462541835228,
              7.052549098686364
            ],
            [
              80.34623613895175,
              7.052549384591371
            ],
            [
              80.34621944375388,
              7.052551398240837
            ],
            [
              80.3461913332964,
              7.052559646261453
            ],
            [
              80.34616551431759,
              7.0525621880509375
            ],
            [
              80.34614994024564,
              7.052566631948783
            ],
            [
              80.34613698719137,
              7.052568622792934
            ],
            [
              80.34612796373906,
              7.0525686291565215
            ],
            [
              80.34610796763141,
              7.05256400068921
            ],
            [
              80.34608965713312,
              7.0525621596499795
            ],
            [
              80.3460734006257,
              7.052558677037554
            ],
            [
              80.34604052150448,
              7.052546128496837
            ],
            [
              80.34602697973214,
              7.0525392214888685
            ],
            [
              80.34598522937178,
              7.052507893192652
            ],
            [
              80.34596779867987,
              7.052489463269897
            ],
            [
              80.34594276936373,
              7.052457708828324
            ],
            [
              80.34593519977362,
              7.052443695093551
            ],
            [
              80.345926154141,
              7.052422082991125
            ],
            [
              80.34591797550655,
              7.0523775221930824
            ],
            [
              80.34591832532035,
              7.052314696265197
            ],
            [
              80.3459142380805,
              7.052270285017536
            ],
            [
              80.34591750263799,
              7.052246043477814
            ],
            [
              80.34592814522605,
              7.0522174650648415
            ],
            [
              80.3459301241698,
              7.052184126606333
            ],
            [
              80.34594291962055,
              7.0521273142792325
            ],
            [
              80.34595065618859,
              7.052107494045099
            ],
            [
              80.34596715013915,
              7.052075954228835
            ],
            [
              80.34597437130986,
              7.052055638490773
            ],
            [
              80.34598108104198,
              7.052043623876126
            ],
            [
              80.34599728454336,
              7.052026789612599
            ],
            [
              80.34601230716753,
              7.05200300232904
            ],
            [
              80.3460365555507,
              7.0519769792818945
            ],
            [
              80.34605127582624,
              7.051955726990387
            ],
            [
              80.34607356728895,
              7.051932499838528
            ],
            [
              80.3460928957092,
              7.051916730967239
            ],
            [
              80.34613695612623,
              7.051865807513664
            ],
            [
              80.34614880827222,
              7.051845665593152
            ],
            [
              80.34617340933598,
              7.051810901585955
            ],
            [
              80.3461849203828,
              7.0517912286414655
            ],
            [
              80.34624453124648,
              7.05173201062685
            ],
            [
              80.3462552933507,
              7.051716322021849
            ],
            [
              80.34627461398715,
              7.0517022192877175
            ],
            [
              80.3462969710127,
              7.051676126641474
            ],
            [
              80.34634836025894,
              7.051632669517121
            ],
            [
              80.34635907144326,
              7.051621006027439
            ]
          ]
        ]
      },
      "properties": {
        "OBJECTID": 212,
        "Entity": "3DPolyline",
        "Handle": "8C154",
        "Layer": "Contour_Line_Major",
        "LyrFrzn": 0,
        "LyrOn": 1,
        "Color": 35,
        "Linetype": "Continuous",
        "Elevation": 160,
        "LineWt": 25,
        "RefName": "",
        "DocUpdate": 1783359710000,
        "DocId": 1.1061215596273316e+19,
        "t0": null,
        "t00": null,
        "Shape_Length": 298.26526355504285,
        "Shape_Area": 5959.949691749708
      }
    },
    {
      "type": "Feature",
      "id": 213,
      "geometry": {
        "type": "Polygon",
        "coordinates": [
          [
            [
              80.364270068296,
              7.064070151212075
            ],
            [
              80.36426342665874,
              7.064073592976677
            ],
            [
              80.3642560501061,
              7.06407415730335
            ],
            [
              80.36425161107005,
              7.064065927177707
            ],
            [
              80.36425278692042,
              7.064062189413944
            ],
            [
              80.36425596403062,
              7.064060279739309
            ],
            [
              80.36426479728405,
              7.064061824975729
            ],
            [
              80.36426832557353,
              7.0640653167857685
            ],
            [
              80.364270068296,
              7.064070151212075
            ]
          ]
        ]
      },
      "properties": {
        "OBJECTID": 213,
        "Entity": "3DPolyline",
        "Handle": "8CCF0",
        "Layer": "Contour_Line_Major",
        "LyrFrzn": 0,
        "LyrOn": 1,
        "Color": 35,
        "Linetype": "Continuous",
        "Elevation": 165,
        "LineWt": 25,
        "RefName": "",
        "DocUpdate": 1783359710000,
        "DocId": 1.1061215596273316e+19,
        "t0": null,
        "t00": null,
        "Shape_Length": 5.626595809148788,
        "Shape_Area": 2.218664130898311
      }
    },
    {
      "type": "Feature",
      "id": 214,
      "geometry": {
        "type": "Polygon",
        "coordinates": [
          [
            [
              80.36394614950962,
              7.063974160302181
            ],
            [
              80.36394016907957,
              7.063990021387513
            ],
            [
              80.36393662347366,
              7.063992577303113
            ],
            [
              80.36393071735566,
              7.063992489648162
            ],
            [
              80.36392117623551,
              7.063974242021797
            ],
            [
              80.36392120612875,
              7.063964956964034
            ],
            [
              80.36392551086215,
              7.063960810998845
            ],
            [
              80.36393460266436,
              7.063961328132424
            ],
            [
              80.36394147939787,
              7.0639654088441794
            ],
            [
              80.36394614950962,
              7.063974160302181
            ]
          ]
        ]
      },
      "properties": {
        "OBJECTID": 214,
        "Entity": "3DPolyline",
        "Handle": "8CCFB",
        "Layer": "Contour_Line_Major",
        "LyrFrzn": 0,
        "LyrOn": 1,
        "Color": 35,
        "Linetype": "Continuous",
        "Elevation": 165,
        "LineWt": 25,
        "RefName": "",
        "DocUpdate": 1783359710000,
        "DocId": 1.1061215596273316e+19,
        "t0": null,
        "t00": null,
        "Shape_Length": 9.957403316924466,
        "Shape_Area": 6.921576164427981
      }
    },
    {
      "type": "Feature",
      "id": 215,
      "geometry": {
        "type": "Polygon",
        "coordinates": [
          [
            [
              80.36273882658591,
              7.060354354395582
            ],
            [
              80.36274032601794,
              7.06035301501143
            ],
            [
              80.36274190580481,
              7.0603544897593675
            ],
            [
              80.36273984022272,
              7.060355349868895
            ],
            [
              80.36273882658591,
              7.060354354395582
            ]
          ]
        ]
      },
      "properties": {
        "OBJECTID": 215,
        "Entity": "3DPolyline",
        "Handle": "8CFEA",
        "Layer": "Contour_Line_Major",
        "LyrFrzn": 0,
        "LyrOn": 1,
        "Color": 35,
        "Linetype": "Continuous",
        "Elevation": 165,
        "LineWt": 25,
        "RefName": "",
        "DocUpdate": 1783359710000,
        "DocId": 1.1061215596273316e+19,
        "t0": null,
        "t00": null,
        "Shape_Length": 0.8650850847818625,
        "Shape_Area": 0.044293334914936644
      }
    },
    {
      "type": "Feature",
      "id": 216,
      "geometry": {
        "type": "Polygon",
        "coordinates": [
          [
            [
              80.35894216493749,
              7.05345656654309
            ],
            [
              80.35894265797269,
              7.053452265231864
            ],
            [
              80.35894675958804,
              7.053451583412067
            ],
            [
              80.35895054767833,
              7.053456348296366
            ],
            [
              80.35894862082523,
              7.05345774135541
            ],
            [
              80.35894216493749,
              7.05345656654309
            ]
          ]
        ]
      },
      "properties": {
        "OBJECTID": 216,
        "Entity": "3DPolyline",
        "Handle": "8CFF1",
        "Layer": "Contour_Line_Major",
        "LyrFrzn": 0,
        "LyrOn": 1,
        "Color": 35,
        "Linetype": "Continuous",
        "Elevation": 165,
        "LineWt": 25,
        "RefName": "",
        "DocUpdate": 1783359710000,
        "DocId": 1.1061215596273316e+19,
        "t0": null,
        "t00": null,
        "Shape_Length": 2.5980171699648817,
        "Shape_Area": 0.4232812205185226
      }
    },
    {
      "type": "Feature",
      "id": 217,
      "geometry": {
        "type": "Polygon",
        "coordinates": [
          [
            [
              80.35570037632432,
              7.053379742479365
            ],
            [
              80.35569333300562,
              7.053377784386738
            ],
            [
              80.35568758645675,
              7.053374371775924
            ],
            [
              80.35568333312995,
              7.053370177894703
            ],
            [
              80.35568027854846,
              7.0533607719070615
            ],
            [
              80.3556816411833,
              7.053352279265487
            ],
            [
              80.35568621822996,
              7.053342368219269
            ],
            [
              80.35569582228348,
              7.053338292954375
            ],
            [
              80.35570503161888,
              7.053340078554511
            ],
            [
              80.3557126565733,
              7.053348987018957
            ],
            [
              80.35571465044609,
              7.05335544727023
            ],
            [
              80.35571433684066,
              7.053366820505291
            ],
            [
              80.35571256631293,
              7.053372364693208
            ],
            [
              80.35570592923298,
              7.05338044753902
            ],
            [
              80.35570037632432,
              7.053379742479365
            ]
          ]
        ]
      },
      "properties": {
        "OBJECTID": 217,
        "Entity": "3DPolyline",
        "Handle": "8CFF9",
        "Layer": "Contour_Line_Major",
        "LyrFrzn": 0,
        "LyrOn": 1,
        "Color": 35,
        "Linetype": "Continuous",
        "Elevation": 165,
        "LineWt": 25,
        "RefName": "",
        "DocUpdate": 1783359710000,
        "DocId": 1.1061215596273316e+19,
        "t0": null,
        "t00": null,
        "Shape_Length": 13.363600900337246,
        "Shape_Area": 13.530026884744514
      }
    },
    {
      "type": "Feature",
      "id": 218,
      "geometry": {
        "type": "Polygon",
        "coordinates": [
          [
            [
              80.35883725056551,
              7.053384059397389
            ],
            [
              80.35882993771499,
              7.05337529884695
            ],
            [
              80.35882846149399,
              7.053371622582557
            ],
            [
              80.3588271725831,
              7.05336737038393
            ],
            [
              80.35882927851998,
              7.053361508243623
            ],
            [
              80.35883720007337,
              7.05335625922377
            ],
            [
              80.3588471122084,
              7.053352654674894
            ],
            [
              80.35885682725606,
              7.05335278469715
            ],
            [
              80.35886423154358,
              7.053356287286973
            ],
            [
              80.35886833787711,
              7.053365340123982
            ],
            [
              80.35887092048092,
              7.053375634610527
            ],
            [
              80.35887111523184,
              7.05338610582241
            ],
            [
              80.35887563948917,
              7.053405311779867
            ],
            [
              80.35887447143568,
              7.053411933211641
            ],
            [
              80.35887214371323,
              7.053413155666726
            ],
            [
              80.35886494650607,
              7.053411817923264
            ],
            [
              80.35885707799385,
              7.053407468047521
            ],
            [
              80.35884902987316,
              7.0533934872974005
            ],
            [
              80.35883725056551,
              7.053384059397389
            ]
          ]
        ]
      },
      "properties": {
        "OBJECTID": 218,
        "Entity": "3DPolyline",
        "Handle": "8D00A",
        "Layer": "Contour_Line_Major",
        "LyrFrzn": 0,
        "LyrOn": 1,
        "Color": 35,
        "Linetype": "Continuous",
        "Elevation": 165,
        "LineWt": 25,
        "RefName": "",
        "DocUpdate": 1783359710000,
        "DocId": 1.1061215596273316e+19,
        "t0": null,
        "t00": null,
        "Shape_Length": 18.968194935664247,
        "Shape_Area": 21.46265500924486
      }
    },
    {
      "type": "Feature",
      "id": 219,
      "geometry": {
        "type": "Polygon",
        "coordinates": [
          [
            [
              80.35905706666433,
              7.053375315723774
            ],
            [
              80.35905477121196,
              7.053376116708875
            ],
            [
              80.35905204908106,
              7.05337115338511
            ],
            [
              80.35905476281488,
              7.053369712560362
            ],
            [
              80.35905706666433,
              7.053375315723774
            ]
          ]
        ]
      },
      "properties": {
        "OBJECTID": 219,
        "Entity": "3DPolyline",
        "Handle": "8D01F",
        "Layer": "Contour_Line_Major",
        "LyrFrzn": 0,
        "LyrOn": 1,
        "Color": 35,
        "Linetype": "Continuous",
        "Elevation": 165,
        "LineWt": 25,
        "RefName": "",
        "DocUpdate": 1783359710000,
        "DocId": 1.1061215596273316e+19,
        "t0": null,
        "t00": null,
        "Shape_Length": 1.9033128169365556,
        "Shape_Area": 0.19596276954077885
      }
    },
    {
      "type": "Feature",
      "id": 220,
      "geometry": {
        "type": "Polygon",
        "coordinates": [
          [
            [
              80.35573312361056,
              7.053280288413797
            ],
            [
              80.35572598111037,
              7.053281306116797
            ],
            [
              80.35571356657489,
              7.0532801709815125
            ],
            [
              80.35572049606162,
              7.053272775083528
            ],
            [
              80.35572528462882,
              7.053270976230281
            ],
            [
              80.35572949222136,
              7.053272229393173
            ],
            [
              80.35573312361056,
              7.053280288413797
            ]
          ]
        ]
      },
      "properties": {
        "OBJECTID": 220,
        "Entity": "3DPolyline",
        "Handle": "8D026",
        "Layer": "Contour_Line_Major",
        "LyrFrzn": 0,
        "LyrOn": 1,
        "Color": 35,
        "Linetype": "Continuous",
        "Elevation": 165,
        "LineWt": 25,
        "RefName": "",
        "DocUpdate": 1783359710000,
        "DocId": 1.1061215596273316e+19,
        "t0": null,
        "t00": null,
        "Shape_Length": 5.32065678785165,
        "Shape_Area": 1.5522096462871018
      }
    },
    {
      "type": "Feature",
      "id": 221,
      "geometry": {
        "type": "Polygon",
        "coordinates": [
          [
            [
              80.35579675743223,
              7.053171831561347
            ],
            [
              80.35579646375268,
              7.053179270986001
            ],
            [
              80.35579413135801,
              7.053181249612932
            ],
            [
              80.35579129317668,
              7.053179046764946
            ],
            [
              80.35578966191939,
              7.05317488454207
            ],
            [
              80.35579096714967,
              7.053166652327808
            ],
            [
              80.35579500050238,
              7.053165572444733
            ],
            [
              80.35579675743223,
              7.053171831561347
            ]
          ]
        ]
      },
      "properties": {
        "OBJECTID": 221,
        "Entity": "3DPolyline",
        "Handle": "8D02F",
        "Layer": "Contour_Line_Major",
        "LyrFrzn": 0,
        "LyrOn": 1,
        "Color": 35,
        "Linetype": "Continuous",
        "Elevation": 165,
        "LineWt": 25,
        "RefName": "",
        "DocUpdate": 1783359710000,
        "DocId": 1.1061215596273316e+19,
        "t0": null,
        "t00": null,
        "Shape_Length": 4.153447977656319,
        "Shape_Area": 1.0095858751420528
      }
    },
    {
      "type": "Feature",
      "id": 222,
      "geometry": {
        "type": "Polygon",
        "coordinates": [
          [
            [
              80.3590133516241,
              7.0531943479050785
            ],
            [
              80.35901004489759,
              7.053197720011428
            ],
            [
              80.35900264365998,
              7.053199243047558
            ],
            [
              80.35899999090161,
              7.053191898167298
            ],
            [
              80.35900135379033,
              7.053185810680409
            ],
            [
              80.35900576297011,
              7.053185989498676
            ],
            [
              80.3590133516241,
              7.0531943479050785
            ]
          ]
        ]
      },
      "properties": {
        "OBJECTID": 222,
        "Entity": "3DPolyline",
        "Handle": "8D039",
        "Layer": "Contour_Line_Major",
        "LyrFrzn": 0,
        "LyrOn": 1,
        "Color": 35,
        "Linetype": "Continuous",
        "Elevation": 165,
        "LineWt": 25,
        "RefName": "",
        "DocUpdate": 1783359710000,
        "DocId": 1.1061215596273316e+19,
        "t0": null,
        "t00": null,
        "Shape_Length": 4.644245722938536,
        "Shape_Area": 1.4146935358024595
      }
    },
    {
      "type": "Feature",
      "id": 223,
      "geometry": {
        "type": "Polygon",
        "coordinates": [
          [
            [
              80.34626278534915,
              7.051865096272508
            ],
            [
              80.34629150184088,
              7.051838516840944
            ],
            [
              80.34631824399116,
              7.051829098233471
            ],
            [
              80.34634953072194,
              7.051814965204979
            ],
            [
              80.346374569394,
              7.051810337351862
            ],
            [
              80.34639697600481,
              7.051809585373796
            ],
            [
              80.34642076588659,
              7.051812860519578
            ],
            [
              80.34644053826035,
              7.051820766700035
            ],
            [
              80.34646060523362,
              7.051836829501884
            ],
            [
              80.34647273868482,
              7.051850466090251
            ],
            [
              80.34649057611192,
              7.051874566201211
            ],
            [
              80.34650781222456,
              7.0519052088910446
            ],
            [
              80.34652894912693,
              7.051964109345835
            ],
            [
              80.34652926367936,
              7.0519825777177285
            ],
            [
              80.34653333847548,
              7.052002318606165
            ],
            [
              80.34653569610673,
              7.0520288655424315
            ],
            [
              80.34654005537467,
              7.052055591663477
            ],
            [
              80.34654341229562,
              7.052098499453678
            ],
            [
              80.34654375904364,
              7.052120482901324
            ],
            [
              80.34654058211733,
              7.052196564490685
            ],
            [
              80.34652913078278,
              7.052222085359206
            ],
            [
              80.34652396610093,
              7.052237697678691
            ],
            [
              80.34652229237665,
              7.052254851690198
            ],
            [
              80.34652288549854,
              7.052287098358914
            ],
            [
              80.34652129323706,
              7.052295227014312
            ],
            [
              80.34651409169099,
              7.0523099527513375
            ],
            [
              80.34650839944563,
              7.052327935123814
            ],
            [
              80.34649909466907,
              7.052345842792744
            ],
            [
              80.34649034727401,
              7.052369818875254
            ],
            [
              80.34647116189066,
              7.052403680510817
            ],
            [
              80.34645293508864,
              7.0524306219696165
            ],
            [
              80.34641942011358,
              7.052469912483433
            ],
            [
              80.34640015019464,
              7.052487212829709
            ],
            [
              80.34636013100119,
              7.052508174650269
            ],
            [
              80.34631837949541,
              7.052516390021811
            ],
            [
              80.3462962962881,
              7.0525157069454805
            ],
            [
              80.34626697746076,
              7.052507552216244
            ],
            [
              80.34625558927253,
              7.052506105300085
            ],
            [
              80.34622659396834,
              7.052511950539183
            ],
            [
              80.34617679959284,
              7.052511772296872
            ],
            [
              80.34614216527434,
              7.052506027042163
            ],
            [
              80.34611200818406,
              7.0524990533597895
            ],
            [
              80.34607652697039,
              7.052482568252744
            ],
            [
              80.3460553932772,
              7.052465300906002
            ],
            [
              80.34602860705948,
              7.052438978466545
            ],
            [
              80.34602140118118,
              7.052429026612803
            ],
            [
              80.34600361351704,
              7.052393339436904
            ],
            [
              80.34599485895521,
              7.052370773456682
            ],
            [
              80.34598716655958,
              7.052326188917546
            ],
            [
              80.34598571009093,
              7.052293665159002
            ],
            [
              80.34598985843645,
              7.052273870654688
            ],
            [
              80.34599038205565,
              7.052251077962704
            ],
            [
              80.34599898584254,
              7.052201048314348
            ],
            [
              80.3460095448584,
              7.052181051123459
            ],
            [
              80.34601843361816,
              7.052157649630531
            ],
            [
              80.3460308613008,
              7.052135157628775
            ],
            [
              80.34604136455162,
              7.052110375358557
            ],
            [
              80.34606788413215,
              7.052072451784101
            ],
            [
              80.34608800766189,
              7.052051416908287
            ],
            [
              80.34610025367184,
              7.052040959513389
            ],
            [
              80.34611844884158,
              7.05201849729093
            ],
            [
              80.34613289282531,
              7.0520057345935045
            ],
            [
              80.34615763493707,
              7.051976284035602
            ],
            [
              80.34618260077332,
              7.051951935377538
            ],
            [
              80.34619835140082,
              7.051930045015211
            ],
            [
              80.34621970341986,
              7.051911703753827
            ],
            [
              80.34623636627919,
              7.05189205701371
            ],
            [
              80.34624703604791,
              7.05187571339539
            ],
            [
              80.34626278534915,
              7.051865096272508
            ]
          ]
        ]
      },
      "properties": {
        "OBJECTID": 223,
        "Entity": "3DPolyline",
        "Handle": "8D042",
        "Layer": "Contour_Line_Major",
        "LyrFrzn": 0,
        "LyrOn": 1,
        "Color": 35,
        "Linetype": "Continuous",
        "Elevation": 165,
        "LineWt": 25,
        "RefName": "",
        "DocUpdate": 1783359710000,
        "DocId": 1.1061215596273316e+19,
        "t0": null,
        "t00": null,
        "Shape_Length": 222.57647062766176,
        "Shape_Area": 3578.6299429271353
      }
    },
    {
      "type": "Feature",
      "id": 224,
      "geometry": {
        "type": "Polygon",
        "coordinates": [
          [
            [
              80.3646097230442,
              7.064825332148604
            ],
            [
              80.36461222722367,
              7.06482156905779
            ],
            [
              80.36461609422376,
              7.064823024304088
            ],
            [
              80.36461770142863,
              7.06482698023685
            ],
            [
              80.36461575202034,
              7.06482895128606
            ],
            [
              80.3646097230442,
              7.064825332148604
            ]
          ]
        ]
      },
      "properties": {
        "OBJECTID": 224,
        "Entity": "3DPolyline",
        "Handle": "8DBFF",
        "Layer": "Contour_Line_Major",
        "LyrFrzn": 0,
        "LyrOn": 1,
        "Color": 35,
        "Linetype": "Continuous",
        "Elevation": 170,
        "LineWt": 25,
        "RefName": "",
        "DocUpdate": 1783359710000,
        "DocId": 1.1061215596273316e+19,
        "t0": null,
        "t00": null,
        "Shape_Length": 2.511082064761086,
        "Shape_Area": 0.4032154194419029
      }
    },
    {
      "type": "Feature",
      "id": 225,
      "geometry": {
        "type": "Polygon",
        "coordinates": [
          [
            [
              80.3462358661709,
              7.052027875249813
            ],
            [
              80.34625130132162,
              7.052015948823246
            ],
            [
              80.3462915284359,
              7.051979047548948
            ],
            [
              80.34631096228057,
              7.051966222178971
            ],
            [
              80.34632677471657,
              7.051959655658991
            ],
            [
              80.34635510992008,
              7.051953819436552
            ],
            [
              80.3463734978089,
              7.051954046877678
            ],
            [
              80.34638498391936,
              7.051957324709657
            ],
            [
              80.34640833094174,
              7.051971015884884
            ],
            [
              80.34641735943664,
              7.051978384211865
            ],
            [
              80.34643464798253,
              7.052000687146591
            ],
            [
              80.34644344722643,
              7.052014642895226
            ],
            [
              80.34645910561454,
              7.0520604841234205
            ],
            [
              80.34646263034766,
              7.052081205665262
            ],
            [
              80.34646122462304,
              7.052111926297089
            ],
            [
              80.34646158717975,
              7.0521652583045915
            ],
            [
              80.3464566694839,
              7.052185529334194
            ],
            [
              80.3464540969412,
              7.052216055666922
            ],
            [
              80.34644620465528,
              7.052257192011484
            ],
            [
              80.34641699794359,
              7.052326657575725
            ],
            [
              80.34639968697648,
              7.052350693132211
            ],
            [
              80.34639164502298,
              7.052364894868588
            ],
            [
              80.34638356294302,
              7.052374781002811
            ],
            [
              80.3463599535809,
              7.052396427907336
            ],
            [
              80.34633975997092,
              7.052411906125794
            ],
            [
              80.3463110202281,
              7.0524253389843
            ],
            [
              80.34628962781913,
              7.052429206695588
            ],
            [
              80.3462371472654,
              7.052434049403794
            ],
            [
              80.34621929000171,
              7.052434420597192
            ],
            [
              80.34618594334245,
              7.05243050974027
            ],
            [
              80.34616361277654,
              7.052422855950339
            ],
            [
              80.34614961463284,
              7.052415977252433
            ],
            [
              80.3461392084939,
              7.0524089606655
            ],
            [
              80.34611666318536,
              7.0523885100892425
            ],
            [
              80.3461034005166,
              7.052372401620529
            ],
            [
              80.34609705043884,
              7.052362323426181
            ],
            [
              80.34608544896288,
              7.052334780317959
            ],
            [
              80.34608298585623,
              7.05232470756496
            ],
            [
              80.34608256342051,
              7.052292149976732
            ],
            [
              80.34609423948214,
              7.052212293904015
            ],
            [
              80.34609949296454,
              7.052198578528774
            ],
            [
              80.34610858938886,
              7.052184627021625
            ],
            [
              80.34611772977257,
              7.052166445961146
            ],
            [
              80.34617154361545,
              7.052093431086171
            ],
            [
              80.3462358661709,
              7.052027875249813
            ]
          ]
        ]
      },
      "properties": {
        "OBJECTID": 225,
        "Entity": "3DPolyline",
        "Handle": "8DEB3",
        "Layer": "Contour_Line_Major",
        "LyrFrzn": 0,
        "LyrOn": 1,
        "Color": 35,
        "Linetype": "Continuous",
        "Elevation": 170,
        "LineWt": 25,
        "RefName": "",
        "DocUpdate": 1783359710000,
        "DocId": 1.1061215596273316e+19,
        "t0": null,
        "t00": null,
        "Shape_Length": 149.8505418917884,
        "Shape_Area": 1629.2713304955228
      }
    },
    {
      "type": "Feature",
      "id": 226,
      "geometry": {
        "type": "Polygon",
        "coordinates": [
          [
            [
              80.35289806594113,
              7.052118560232213
            ],
            [
              80.35289780811576,
              7.052102093663372
            ],
            [
              80.35290011201774,
              7.05209912002005
            ],
            [
              80.3529018429148,
              7.0521038820973665
            ],
            [
              80.35290124030739,
              7.052112070950583
            ],
            [
              80.35290039553772,
              7.0521192536219806
            ],
            [
              80.35289976427595,
              7.052120036982032
            ],
            [
              80.35289806594113,
              7.052118560232213
            ]
          ]
        ]
      },
      "properties": {
        "OBJECTID": 226,
        "Entity": "3DPolyline",
        "Handle": "8DEE2",
        "Layer": "Contour_Line_Major",
        "LyrFrzn": 0,
        "LyrOn": 1,
        "Color": 35,
        "Linetype": "Continuous",
        "Elevation": 170,
        "LineWt": 25,
        "RefName": "",
        "DocUpdate": 1783359710000,
        "DocId": 1.1061215596273316e+19,
        "t0": null,
        "t00": null,
        "Shape_Length": 4.863621680550824,
        "Shape_Area": 0.7555766590199174
      }
    },
    {
      "type": "Feature",
      "id": 227,
      "geometry": {
        "type": "Polygon",
        "coordinates": [
          [
            [
              80.36492693509378,
              7.064753401106762
            ],
            [
              80.36492426050528,
              7.064758628417222
            ],
            [
              80.36492264299908,
              7.064751603368051
            ],
            [
              80.36492693509378,
              7.064753401106762
            ]
          ]
        ]
      },
      "properties": {
        "OBJECTID": 227,
        "Entity": "3DPolyline",
        "Handle": "8E9DE",
        "Layer": "Contour_Line_Major",
        "LyrFrzn": 0,
        "LyrOn": 1,
        "Color": 35,
        "Linetype": "Continuous",
        "Elevation": 175,
        "LineWt": 25,
        "RefName": "",
        "DocUpdate": 1783359710000,
        "DocId": 1.1061215596273316e+19,
        "t0": null,
        "t00": null,
        "Shape_Length": 1.9599473037702966,
        "Shape_Area": 0.16632397528660448
      }
    },
    {
      "type": "Feature",
      "id": 228,
      "geometry": {
        "type": "Polygon",
        "coordinates": [
          [
            [
              80.36023579372834,
              7.052734708935876
            ],
            [
              80.36023344152431,
              7.052753114898918
            ],
            [
              80.36021340943739,
              7.052773235169636
            ],
            [
              80.36020138080484,
              7.052775253002085
            ],
            [
              80.36017833306065,
              7.052774031961722
            ],
            [
              80.360173468908,
              7.0527708838334595
            ],
            [
              80.36016774824142,
              7.052762444785797
            ],
            [
              80.36016614375826,
              7.052753259704502
            ],
            [
              80.36016639711056,
              7.05274414591317
            ],
            [
              80.36016879040945,
              7.052733402359749
            ],
            [
              80.36018836929097,
              7.05271693942724
            ],
            [
              80.36019372145682,
              7.05271415806384
            ],
            [
              80.36021142166291,
              7.05271280740933
            ],
            [
              80.36022372804398,
              7.052716224429334
            ],
            [
              80.36023197955615,
              7.0527251915757345
            ],
            [
              80.36023579372834,
              7.052734708935876
            ]
          ]
        ]
      },
      "properties": {
        "OBJECTID": 228,
        "Entity": "3DPolyline",
        "Handle": "8ECA2",
        "Layer": "Contour_Line_Major",
        "LyrFrzn": 0,
        "LyrOn": 1,
        "Color": 35,
        "Linetype": "Continuous",
        "Elevation": 175,
        "LineWt": 25,
        "RefName": "",
        "DocUpdate": 1783359710000,
        "DocId": 1.1061215596273316e+19,
        "t0": null,
        "t00": null,
        "Shape_Length": 23.451285130695734,
        "Shape_Area": 41.823130150538184
      }
    },
    {
      "type": "Feature",
      "id": 229,
      "geometry": {
        "type": "Polygon",
        "coordinates": [
          [
            [
              80.34630874056016,
              7.052217929995229
            ],
            [
              80.34630019618825,
              7.052242398425844
            ],
            [
              80.34629128460863,
              7.052254962636117
            ],
            [
              80.34627315436036,
              7.052261472542388
            ],
            [
              80.34626375486837,
              7.052259106687013
            ],
            [
              80.34625967708217,
              7.05225441909681
            ],
            [
              80.34625762361367,
              7.052244713255162
            ],
            [
              80.34626002239489,
              7.052232218625461
            ],
            [
              80.34626611648642,
              7.052216939575463
            ],
            [
              80.34627395745258,
              7.052206600837286
            ],
            [
              80.34628809598894,
              7.052197942496493
            ],
            [
              80.34629586087364,
              7.052197307523758
            ],
            [
              80.3463033929943,
              7.052201888689735
            ],
            [
              80.3463084988252,
              7.052208880669309
            ],
            [
              80.34630874056016,
              7.052217929995229
            ]
          ]
        ]
      },
      "properties": {
        "OBJECTID": 229,
        "Entity": "3DPolyline",
        "Handle": "8ECB4",
        "Layer": "Contour_Line_Major",
        "LyrFrzn": 0,
        "LyrOn": 1,
        "Color": 35,
        "Linetype": "Continuous",
        "Elevation": 175,
        "LineWt": 25,
        "RefName": "",
        "DocUpdate": 1783359710000,
        "DocId": 1.1061215596273316e+19,
        "t0": null,
        "t00": null,
        "Shape_Length": 19.8314916910851,
        "Shape_Area": 27.732624740516687
      }
    },
    {
      "type": "Feature",
      "id": 230,
      "geometry": {
        "type": "Polygon",
        "coordinates": [
          [
            [
              80.3649237251898,
              7.0649976224520525
            ],
            [
              80.36491218178328,
              7.064988867067505
            ],
            [
              80.3649146731983,
              7.064981850328317
            ],
            [
              80.36492441970103,
              7.064970397657884
            ],
            [
              80.36494374994554,
              7.064961926739008
            ],
            [
              80.36495386808609,
              7.064970746213088
            ],
            [
              80.36496789092992,
              7.065004484741603
            ],
            [
              80.36496777697259,
              7.065007707461341
            ],
            [
              80.36496573400746,
              7.065011222433912
            ],
            [
              80.36495681596016,
              7.065012082264598
            ],
            [
              80.36494270579739,
              7.065007164060551
            ],
            [
              80.3649237251898,
              7.0649976224520525
            ]
          ]
        ]
      },
      "properties": {
        "OBJECTID": 230,
        "Entity": "3DPolyline",
        "Handle": "8F837",
        "Layer": "Contour_Line_Major",
        "LyrFrzn": 0,
        "LyrOn": 1,
        "Color": 35,
        "Linetype": "Continuous",
        "Elevation": 180,
        "LineWt": 25,
        "RefName": "",
        "DocUpdate": 1783359710000,
        "DocId": 1.1061215596273316e+19,
        "t0": null,
        "t00": null,
        "Shape_Length": 17.731155777695346,
        "Shape_Area": 20.326089538997213
      }
    },
    {
      "type": "Feature",
      "id": 231,
      "geometry": {
        "type": "Polygon",
        "coordinates": [
          [
            [
              80.36525049094513,
              7.064907613413491
            ],
            [
              80.3652411181149,
              7.064925250938513
            ],
            [
              80.36523580624937,
              7.06492694152858
            ],
            [
              80.36523119925796,
              7.064924995019289
            ],
            [
              80.36522838869901,
              7.064917060188776
            ],
            [
              80.36522829371066,
              7.064909033173774
            ],
            [
              80.36523052887797,
              7.064900025191619
            ],
            [
              80.36523394458095,
              7.064895125426933
            ],
            [
              80.36524406989471,
              7.064888732355403
            ],
            [
              80.36525078646272,
              7.064888112843356
            ],
            [
              80.36525383097062,
              7.06489048597733
            ],
            [
              80.3652556988249,
              7.064898517214757
            ],
            [
              80.36525049094513,
              7.064907613413491
            ]
          ]
        ]
      },
      "properties": {
        "OBJECTID": 231,
        "Entity": "3DPolyline",
        "Handle": "8F845",
        "Layer": "Contour_Line_Major",
        "LyrFrzn": 0,
        "LyrOn": 1,
        "Color": 35,
        "Linetype": "Continuous",
        "Elevation": 180,
        "LineWt": 25,
        "RefName": "",
        "DocUpdate": 1783359710000,
        "DocId": 1.1061215596273316e+19,
        "t0": null,
        "t00": null,
        "Shape_Length": 11.444231869824018,
        "Shape_Area": 8.413327861779027
      }
    },
    {
      "type": "Feature",
      "id": 232,
      "geometry": {
        "type": "Polygon",
        "coordinates": [
          [
            [
              80.36021043138281,
              7.052372858454249
            ],
            [
              80.36021252665002,
              7.05236947653783
            ],
            [
              80.3602162471184,
              7.052368100402095
            ],
            [
              80.36021988005628,
              7.052371786853251
            ],
            [
              80.36022176400833,
              7.052378557197158
            ],
            [
              80.36021898471036,
              7.05238489511591
            ],
            [
              80.36021583288513,
              7.0523849251714035
            ],
            [
              80.360212051102,
              7.052382157528321
            ],
            [
              80.36021043138281,
              7.052372858454249
            ]
          ]
        ]
      },
      "properties": {
        "OBJECTID": 232,
        "Entity": "3DPolyline",
        "Handle": "8FA91",
        "Layer": "Contour_Line_Major",
        "LyrFrzn": 0,
        "LyrOn": 1,
        "Color": 35,
        "Linetype": "Continuous",
        "Elevation": 180,
        "LineWt": 25,
        "RefName": "",
        "DocUpdate": 1783359710000,
        "DocId": 1.1061215596273316e+19,
        "t0": null,
        "t00": null,
        "Shape_Length": 4.901008185524793,
        "Shape_Area": 1.6542080247365054
      }
    },
    {
      "type": "Feature",
      "id": 233,
      "geometry": {
        "type": "Polygon",
        "coordinates": [
          [
            [
              80.36027108386874,
              7.052372941525636
            ],
            [
              80.36027284652451,
              7.052381009717282
            ],
            [
              80.36027262626934,
              7.052389759929525
            ],
            [
              80.36026883793414,
              7.05239440588259
            ],
            [
              80.36025532720498,
              7.052393730682875
            ],
            [
              80.36024757149826,
              7.052389653251587
            ],
            [
              80.36024627781116,
              7.052381615551993
            ],
            [
              80.36024990756803,
              7.052370465743864
            ],
            [
              80.36026134635406,
              7.0523694022949295
            ],
            [
              80.36026963471339,
              7.0523713086564435
            ],
            [
              80.36027108386874,
              7.052372941525636
            ]
          ]
        ]
      },
      "properties": {
        "OBJECTID": 233,
        "Entity": "3DPolyline",
        "Handle": "8FA9C",
        "Layer": "Contour_Line_Major",
        "LyrFrzn": 0,
        "LyrOn": 1,
        "Color": 35,
        "Linetype": "Continuous",
        "Elevation": 180,
        "LineWt": 25,
        "RefName": "",
        "DocUpdate": 1783359710000,
        "DocId": 1.1061215596273316e+19,
        "t0": null,
        "t00": null,
        "Shape_Length": 9.650782681441957,
        "Shape_Area": 6.852283484244368
      }
    },
    {
      "type": "Feature",
      "id": 234,
      "geometry": {
        "type": "Polygon",
        "coordinates": [
          [
            [
              80.36052625503712,
              7.0523308408943075
            ],
            [
              80.36050989634042,
              7.052331782737823
            ],
            [
              80.36050070053942,
              7.052327385845735
            ],
            [
              80.3604971610888,
              7.0523235312802495
            ],
            [
              80.36049380962015,
              7.052315308951287
            ],
            [
              80.36049380811177,
              7.052311128168049
            ],
            [
              80.36049663838195,
              7.052305251632164
            ],
            [
              80.36050399129532,
              7.0523006612112775
            ],
            [
              80.36050875854237,
              7.0523031660757285
            ],
            [
              80.3605190205853,
              7.052315077531742
            ],
            [
              80.36052625503712,
              7.0523308408943075
            ]
          ]
        ]
      },
      "properties": {
        "OBJECTID": 234,
        "Entity": "3DPolyline",
        "Handle": "8FAA9",
        "Layer": "Contour_Line_Major",
        "LyrFrzn": 0,
        "LyrOn": 1,
        "Color": 35,
        "Linetype": "Continuous",
        "Elevation": 180,
        "LineWt": 25,
        "RefName": "",
        "DocUpdate": 1783359710000,
        "DocId": 1.1061215596273316e+19,
        "t0": null,
        "t00": null,
        "Shape_Length": 10.88573786618058,
        "Shape_Area": 7.640384539139131
      }
    },
    {
      "type": "Feature",
      "id": 235,
      "geometry": {
        "type": "Polygon",
        "coordinates": [
          [
            [
              80.35993665335351,
              7.051965440686927
            ],
            [
              80.35993418455934,
              7.0519493962037
            ],
            [
              80.3599369853376,
              7.051945219260536
            ],
            [
              80.35994044762003,
              7.051944602586024
            ],
            [
              80.35994818785733,
              7.051948728845522
            ],
            [
              80.3599637470302,
              7.051964290149808
            ],
            [
              80.35996539873724,
              7.051966772659737
            ],
            [
              80.35996615043943,
              7.051973222150608
            ],
            [
              80.35996150019757,
              7.051977167711442
            ],
            [
              80.35994811631423,
              7.051977098719106
            ],
            [
              80.35993971720363,
              7.051973431062756
            ],
            [
              80.35993665335351,
              7.051965440686927
            ]
          ]
        ]
      },
      "properties": {
        "OBJECTID": 235,
        "Entity": "3DPolyline",
        "Handle": "8FAB6",
        "Layer": "Contour_Line_Major",
        "LyrFrzn": 0,
        "LyrOn": 1,
        "Color": 35,
        "Linetype": "Continuous",
        "Elevation": 180,
        "LineWt": 25,
        "RefName": "",
        "DocUpdate": 1783359710000,
        "DocId": 1.1061215596273316e+19,
        "t0": null,
        "t00": null,
        "Shape_Length": 11.297187379034675,
        "Shape_Area": 8.295298714231693
      }
    },
    {
      "type": "Feature",
      "id": 236,
      "geometry": {
        "type": "Polygon",
        "coordinates": [
          [
            [
              80.36004477268173,
              7.052001770393686
            ],
            [
              80.36003303127265,
              7.052012228873686
            ],
            [
              80.3600206423942,
              7.052012859550879
            ],
            [
              80.36001492819396,
              7.052009611662282
            ],
            [
              80.3600124843805,
              7.052005707940509
            ],
            [
              80.36000795002779,
              7.051991848708194
            ],
            [
              80.36001180370747,
              7.05198379182877
            ],
            [
              80.36001450831631,
              7.051981734993571
            ],
            [
              80.36001799895412,
              7.051981568817935
            ],
            [
              80.36004130869597,
              7.051993073929513
            ],
            [
              80.36004477268173,
              7.052001770393686
            ]
          ]
        ]
      },
      "properties": {
        "OBJECTID": 236,
        "Entity": "3DPolyline",
        "Handle": "8FAC4",
        "Layer": "Contour_Line_Major",
        "LyrFrzn": 0,
        "LyrOn": 1,
        "Color": 35,
        "Linetype": "Continuous",
        "Elevation": 180,
        "LineWt": 25,
        "RefName": "",
        "DocUpdate": 1783359710000,
        "DocId": 1.1061215596273316e+19,
        "t0": null,
        "t00": null,
        "Shape_Length": 11.609371688215528,
        "Shape_Area": 9.487819295287323
      }
    },
    {
      "type": "Feature",
      "id": 237,
      "geometry": {
        "type": "Polygon",
        "coordinates": [
          [
            [
              80.35011180433996,
              7.050522705848683
            ],
            [
              80.35011041771052,
              7.0505145703171195
            ],
            [
              80.35011091029058,
              7.050506101815973
            ],
            [
              80.35011441316395,
              7.050503642727667
            ],
            [
              80.35011682675002,
              7.050505779889223
            ],
            [
              80.35011775840196,
              7.05051359367706
            ],
            [
              80.35011457758466,
              7.050524044803763
            ],
            [
              80.3501134817408,
              7.050524899876674
            ],
            [
              80.35011180433996,
              7.050522705848683
            ]
          ]
        ]
      },
      "properties": {
        "OBJECTID": 237,
        "Entity": "3DPolyline",
        "Handle": "8FAD1",
        "Layer": "Contour_Line_Major",
        "LyrFrzn": 0,
        "LyrOn": 1,
        "Color": 35,
        "Linetype": "Continuous",
        "Elevation": 180,
        "LineWt": 25,
        "RefName": "",
        "DocUpdate": 1783359710000,
        "DocId": 1.1061215596273316e+19,
        "t0": null,
        "t00": null,
        "Shape_Length": 5.215599775459683,
        "Shape_Area": 1.3418488654438596
      }
    },
    {
      "type": "Feature",
      "id": 238,
      "geometry": {
        "type": "Polygon",
        "coordinates": [
          [
            [
              80.36134484679107,
              7.063988695940537
            ],
            [
              80.36134015635257,
              7.063992815119988
            ],
            [
              80.36133129199291,
              7.063992175230189
            ],
            [
              80.36132766956904,
              7.063988677843763
            ],
            [
              80.36132780429709,
              7.06398485273237
            ],
            [
              80.3613312055185,
              7.063979311661065
            ],
            [
              80.36133978248803,
              7.063977576742104
            ],
            [
              80.36134216328563,
              7.063979282345152
            ],
            [
              80.36134484679107,
              7.063988695940537
            ]
          ]
        ]
      },
      "properties": {
        "OBJECTID": 238,
        "Entity": "3DPolyline",
        "Handle": "9065F",
        "Layer": "Contour_Line_Major",
        "LyrFrzn": 0,
        "LyrOn": 1,
        "Color": 35,
        "Linetype": "Continuous",
        "Elevation": 185,
        "LineWt": 25,
        "RefName": "",
        "DocUpdate": 1783359710000,
        "DocId": 1.1061215596273316e+19,
        "t0": null,
        "t00": null,
        "Shape_Length": 5.741527873375044,
        "Shape_Area": 2.4097815344039635
      }
    },
    {
      "type": "Feature",
      "id": 239,
      "geometry": {
        "type": "Polygon",
        "coordinates": [
          [
            [
              80.36329324726628,
              7.0569178606123835
            ],
            [
              80.3633065656197,
              7.056913650054627
            ],
            [
              80.363313966319,
              7.05691587174818
            ],
            [
              80.36331591621567,
              7.05691815837045
            ],
            [
              80.3633113037232,
              7.056923612785725
            ],
            [
              80.36330693733868,
              7.056924553883401
            ],
            [
              80.3633031237681,
              7.056924467273388
            ],
            [
              80.36329324726628,
              7.0569178606123835
            ]
          ]
        ]
      },
      "properties": {
        "OBJECTID": 239,
        "Entity": "3DPolyline",
        "Handle": "9088A",
        "Layer": "Contour_Line_Major",
        "LyrFrzn": 0,
        "LyrOn": 1,
        "Color": 35,
        "Linetype": "Continuous",
        "Elevation": 185,
        "LineWt": 25,
        "RefName": "",
        "DocUpdate": 1783359710000,
        "DocId": 1.1061215596273316e+19,
        "t0": null,
        "t00": null,
        "Shape_Length": 5.745166806928463,
        "Shape_Area": 1.8527053795658863
      }
    },
    {
      "type": "Feature",
      "id": 240,
      "geometry": {
        "type": "Polygon",
        "coordinates": [
          [
            [
              80.35991863685943,
              7.052046824539629
            ],
            [
              80.35992211474755,
              7.052024289994325
            ],
            [
              80.35992482708404,
              7.052017923944936
            ],
            [
              80.35992908084339,
              7.05201325149619
            ],
            [
              80.35994049281341,
              7.052007312550632
            ],
            [
              80.35996260044323,
              7.052006073773344
            ],
            [
              80.35997226728061,
              7.0520070069348115
            ],
            [
              80.35997973361668,
              7.052009492888802
            ],
            [
              80.36000489399676,
              7.052048735523029
            ],
            [
              80.36000639457288,
              7.05205380209469
            ],
            [
              80.36000599758573,
              7.0520620165770564
            ],
            [
              80.36000033752707,
              7.0520760508910065
            ],
            [
              80.35997934202426,
              7.052103474893603
            ],
            [
              80.35996271435687,
              7.052129528170908
            ],
            [
              80.35995132489049,
              7.052136220628815
            ],
            [
              80.3599288668735,
              7.052138765079681
            ],
            [
              80.3599113418567,
              7.052136512280777
            ],
            [
              80.35990740248187,
              7.052134441819417
            ],
            [
              80.359900849616,
              7.052127413614888
            ],
            [
              80.35989510487121,
              7.052114758474044
            ],
            [
              80.35989404739439,
              7.052110099552011
            ],
            [
              80.35989604538813,
              7.052102388378594
            ],
            [
              80.35990771487158,
              7.052091563465569
            ],
            [
              80.35991402183852,
              7.0520791925827355
            ],
            [
              80.35991679046745,
              7.052067437365319
            ],
            [
              80.35991863685943,
              7.052046824539629
            ]
          ]
        ]
      },
      "properties": {
        "OBJECTID": 240,
        "Entity": "3DPolyline",
        "Handle": "90894",
        "Layer": "Contour_Line_Major",
        "LyrFrzn": 0,
        "LyrOn": 1,
        "Color": 35,
        "Linetype": "Continuous",
        "Elevation": 185,
        "LineWt": 25,
        "RefName": "",
        "DocUpdate": 1783359710000,
        "DocId": 1.1061215596273316e+19,
        "t0": null,
        "t00": null,
        "Shape_Length": 42.665608031986224,
        "Shape_Area": 119.87025476739613
      }
    },
    {
      "type": "Feature",
      "id": 241,
      "geometry": {
        "type": "Polygon",
        "coordinates": [
          [
            [
              80.35998928204435,
              7.051558470089787
            ],
            [
              80.35998453482549,
              7.051530829004204
            ],
            [
              80.35998532816504,
              7.051522116663474
            ],
            [
              80.35998783604771,
              7.051514303070189
            ],
            [
              80.35999694377013,
              7.05149644185003
            ],
            [
              80.36000086129934,
              7.051491996883313
            ],
            [
              80.36000823684597,
              7.051489380205278
            ],
            [
              80.36001609102206,
              7.051490968481753
            ],
            [
              80.36001930986805,
              7.051498175738313
            ],
            [
              80.3600255449841,
              7.05153286522369
            ],
            [
              80.36002734492739,
              7.0515751096776595
            ],
            [
              80.36002660483042,
              7.0515859305726805
            ],
            [
              80.36002307361188,
              7.051599832123226
            ],
            [
              80.36001950802078,
              7.051605793580135
            ],
            [
              80.36000486277955,
              7.051622297641505
            ],
            [
              80.35999845298288,
              7.05162515805894
            ],
            [
              80.35999062936025,
              7.051623076849888
            ],
            [
              80.35998767128467,
              7.051620480387475
            ],
            [
              80.35998071267922,
              7.051608918981886
            ],
            [
              80.35997783237453,
              7.0515997963745365
            ],
            [
              80.35997841654965,
              7.051591092792713
            ],
            [
              80.35998810154989,
              7.051568234783908
            ],
            [
              80.35998928204435,
              7.051558470089787
            ]
          ]
        ]
      },
      "properties": {
        "OBJECTID": 241,
        "Entity": "3DPolyline",
        "Handle": "91581",
        "Layer": "Contour_Line_Major",
        "LyrFrzn": 0,
        "LyrOn": 1,
        "Color": 35,
        "Linetype": "Continuous",
        "Elevation": 190,
        "LineWt": 25,
        "RefName": "",
        "DocUpdate": 1783359710000,
        "DocId": 1.1061215596273316e+19,
        "t0": null,
        "t00": null,
        "Shape_Length": 34.47843797982045,
        "Shape_Area": 59.021093035416904
      }
    },
    {
      "type": "Feature",
      "id": 242,
      "geometry": {
        "type": "Polygon",
        "coordinates": [
          [
            [
              80.35012114371526,
              7.050287539040807
            ],
            [
              80.35011414352483,
              7.050288472737051
            ],
            [
              80.35011361390265,
              7.050286489253779
            ],
            [
              80.35011530901208,
              7.050285071487348
            ],
            [
              80.35012114371526,
              7.050287539040807
            ]
          ]
        ]
      },
      "properties": {
        "OBJECTID": 242,
        "Entity": "3DPolyline",
        "Handle": "9159A",
        "Layer": "Contour_Line_Major",
        "LyrFrzn": 0,
        "LyrOn": 1,
        "Color": 35,
        "Linetype": "Continuous",
        "Elevation": 190,
        "LineWt": 25,
        "RefName": "",
        "DocUpdate": 1783359710000,
        "DocId": 1.1061215596273316e+19,
        "t0": null,
        "t00": null,
        "Shape_Length": 1.9509055747731998,
        "Shape_Area": 0.16382667004689938
      }
    },
    {
      "type": "Feature",
      "id": 243,
      "geometry": {
        "type": "Polygon",
        "coordinates": [
          [
            [
              80.35018640485937,
              7.0502333575452685
            ],
            [
              80.35018378002286,
              7.050221031377654
            ],
            [
              80.35018367475705,
              7.050216653268757
            ],
            [
              80.35018536311884,
              7.050214229646719
            ],
            [
              80.3501879403688,
              7.050212623153872
            ],
            [
              80.35019233543005,
              7.050212509867239
            ],
            [
              80.3502037477567,
              7.050214153001848
            ],
            [
              80.35020697239077,
              7.050219037467277
            ],
            [
              80.35021155004482,
              7.050232786474796
            ],
            [
              80.3502139530468,
              7.050249666681195
            ],
            [
              80.35021233423336,
              7.050254160886871
            ],
            [
              80.35020909400103,
              7.050255922038303
            ],
            [
              80.350204315042,
              7.050255385333102
            ],
            [
              80.35019943135863,
              7.050251381389178
            ],
            [
              80.35019327903021,
              7.050240989644666
            ],
            [
              80.35018640485937,
              7.0502333575452685
            ]
          ]
        ]
      },
      "properties": {
        "OBJECTID": 243,
        "Entity": "3DPolyline",
        "Handle": "915A1",
        "Layer": "Contour_Line_Major",
        "LyrFrzn": 0,
        "LyrOn": 1,
        "Color": 35,
        "Linetype": "Continuous",
        "Elevation": 190,
        "LineWt": 25,
        "RefName": "",
        "DocUpdate": 1783359710000,
        "DocId": 1.1061215596273316e+19,
        "t0": null,
        "t00": null,
        "Shape_Length": 13.066228382484859,
        "Shape_Area": 10.535812509469727
      }
    },
    {
      "type": "Feature",
      "id": 244,
      "geometry": {
        "type": "Polygon",
        "coordinates": [
          [
            [
              80.36549688274148,
              7.064247634698479
            ],
            [
              80.36548570200944,
              7.064249810281096
            ],
            [
              80.36547785380603,
              7.064247651320394
            ],
            [
              80.3654883745697,
              7.064246063695417
            ],
            [
              80.36549688274148,
              7.064247634698479
            ]
          ]
        ]
      },
      "properties": {
        "OBJECTID": 244,
        "Entity": "3DPolyline",
        "Handle": "92043",
        "Layer": "Contour_Line_Major",
        "LyrFrzn": 0,
        "LyrOn": 1,
        "Color": 35,
        "Linetype": "Continuous",
        "Elevation": 195,
        "LineWt": 25,
        "RefName": "",
        "DocUpdate": 1783359710000,
        "DocId": 1.1061215596273316e+19,
        "t0": null,
        "t00": null,
        "Shape_Length": 4.287774398329969,
        "Shape_Area": 0.43496936979239725
      }
    },
    {
      "type": "Feature",
      "id": 245,
      "geometry": {
        "type": "Polygon",
        "coordinates": [
          [
            [
              80.36118224283062,
              7.053070683954293
            ],
            [
              80.36117602922006,
              7.053082334969788
            ],
            [
              80.36117361983614,
              7.0530850100157805
            ],
            [
              80.36117054954099,
              7.053085005816323
            ],
            [
              80.36116673808756,
              7.053083398663642
            ],
            [
              80.36116182048224,
              7.053075641842993
            ],
            [
              80.36116024378073,
              7.053070614969473
            ],
            [
              80.36116021801175,
              7.053061669943122
            ],
            [
              80.36116198159307,
              7.0530585046580105
            ],
            [
              80.36116536964525,
              7.053057222132418
            ],
            [
              80.36116946610244,
              7.0530569970778805
            ],
            [
              80.36117423055998,
              7.053058903127484
            ],
            [
              80.36117933263414,
              7.0530622089614425
            ],
            [
              80.36118224283062,
              7.053070683954293
            ]
          ]
        ]
      },
      "properties": {
        "OBJECTID": 245,
        "Entity": "3DPolyline",
        "Handle": "921D5",
        "Layer": "Contour_Line_Major",
        "LyrFrzn": 0,
        "LyrOn": 1,
        "Color": 35,
        "Linetype": "Continuous",
        "Elevation": 195,
        "LineWt": 25,
        "RefName": "",
        "DocUpdate": 1783359710000,
        "DocId": 1.1061215596273316e+19,
        "t0": null,
        "t00": null,
        "Shape_Length": 8.722468135240847,
        "Shape_Area": 5.526207786049508
      }
    },
    {
      "type": "Feature",
      "id": 246,
      "geometry": {
        "type": "Polygon",
        "coordinates": [
          [
            [
              80.36402109908484,
              7.056701356195109
            ],
            [
              80.36401272669944,
              7.056702564108604
            ],
            [
              80.36401082118125,
              7.056700929722681
            ],
            [
              80.36400842897939,
              7.056683717592978
            ],
            [
              80.36400304483593,
              7.05666678993531
            ],
            [
              80.36400323682355,
              7.056664773977553
            ],
            [
              80.36400499722285,
              7.05666393786746
            ],
            [
              80.36401143132497,
              7.0566638724608355
            ],
            [
              80.36401364394418,
              7.056666053607197
            ],
            [
              80.36401615471883,
              7.05669324387752
            ],
            [
              80.36402109908484,
              7.056701356195109
            ]
          ]
        ]
      },
      "properties": {
        "OBJECTID": 246,
        "Entity": "3DPolyline",
        "Handle": "92D62",
        "Layer": "Contour_Line_Major",
        "LyrFrzn": 0,
        "LyrOn": 1,
        "Color": 35,
        "Linetype": "Continuous",
        "Elevation": 200,
        "LineWt": 25,
        "RefName": "",
        "DocUpdate": 1783359710000,
        "DocId": 1.1061215596273316e+19,
        "t0": null,
        "t00": null,
        "Shape_Length": 10.658264495894365,
        "Shape_Area": 3.8054344138434875
      }
    },
    {
      "type": "Feature",
      "id": 247,
      "geometry": {
        "type": "Polygon",
        "coordinates": [
          [
            [
              80.36376078582617,
              7.05619486623005
            ],
            [
              80.36376017459682,
              7.056178997959436
            ],
            [
              80.36376277530317,
              7.056171482064133
            ],
            [
              80.36376688915799,
              7.056165830678429
            ],
            [
              80.36377710730571,
              7.056158952010076
            ],
            [
              80.36380394201497,
              7.056182533750804
            ],
            [
              80.36381545798581,
              7.056195964673993
            ],
            [
              80.36383163350568,
              7.056231139847752
            ],
            [
              80.36383196773423,
              7.056250280366105
            ],
            [
              80.36383337954548,
              7.056257398304834
            ],
            [
              80.36384683517461,
              7.0562872483640735
            ],
            [
              80.36385411583443,
              7.056312395447066
            ],
            [
              80.36385540111866,
              7.056326637369095
            ],
            [
              80.36384997179044,
              7.056348778533256
            ],
            [
              80.36384073251728,
              7.0563622119278575
            ],
            [
              80.36383750536021,
              7.0563723003857115
            ],
            [
              80.36383236269718,
              7.056380113124701
            ],
            [
              80.3638280487576,
              7.056390393673028
            ],
            [
              80.36381872934325,
              7.0563988601296375
            ],
            [
              80.3638146807018,
              7.05640051534753
            ],
            [
              80.36378644495657,
              7.056398385572662
            ],
            [
              80.3637327496515,
              7.056400001169518
            ],
            [
              80.36370490435938,
              7.056397717245591
            ],
            [
              80.36368757088565,
              7.056400266131424
            ],
            [
              80.36367810252084,
              7.0563997855787495
            ],
            [
              80.36366824397338,
              7.056397272897665
            ],
            [
              80.3636591305067,
              7.056390849097352
            ],
            [
              80.36364033033334,
              7.056372109447144
            ],
            [
              80.36363718632533,
              7.056367057829443
            ],
            [
              80.36363509689167,
              7.0563568897630615
            ],
            [
              80.36363609876732,
              7.056343289563796
            ],
            [
              80.36363504672794,
              7.056329313894403
            ],
            [
              80.36363297342378,
              7.056321257950431
            ],
            [
              80.36362594135619,
              7.056306357830732
            ],
            [
              80.36362655142483,
              7.056297881315339
            ],
            [
              80.36363938712961,
              7.056273143366523
            ],
            [
              80.36364976119941,
              7.056260163792923
            ],
            [
              80.36365554435622,
              7.056258060479804
            ],
            [
              80.3636665323569,
              7.056256979154661
            ],
            [
              80.36368777905088,
              7.0562584490459495
            ],
            [
              80.36370367418684,
              7.05625162877134
            ],
            [
              80.36372012189977,
              7.056236659345509
            ],
            [
              80.3637312958094,
              7.056220774573477
            ],
            [
              80.36374005795383,
              7.056214609412754
            ],
            [
              80.3637488890259,
              7.056211675362013
            ],
            [
              80.36375395253546,
              7.056207456252688
            ],
            [
              80.36376078582617,
              7.05619486623005
            ]
          ]
        ]
      },
      "properties": {
        "OBJECTID": 247,
        "Entity": "3DPolyline",
        "Handle": "92D6F",
        "Layer": "Contour_Line_Major",
        "LyrFrzn": 0,
        "LyrOn": 1,
        "Color": 35,
        "Linetype": "Continuous",
        "Elevation": 200,
        "LineWt": 25,
        "RefName": "",
        "DocUpdate": 1783359710000,
        "DocId": 1.1061215596273316e+19,
        "t0": null,
        "t00": null,
        "Shape_Length": 84.76093407766558,
        "Shape_Area": 443.6789892695934
      }
    },
    {
      "type": "Feature",
      "id": 248,
      "geometry": {
        "type": "Polygon",
        "coordinates": [
          [
            [
              80.3632333434963,
              7.057930863353134
            ],
            [
              80.36323171668063,
              7.057931340539728
            ],
            [
              80.36323035120748,
              7.057928746266159
            ],
            [
              80.36323192048708,
              7.057927967789355
            ],
            [
              80.3632333434963,
              7.057930863353134
            ]
          ]
        ]
      },
      "properties": {
        "OBJECTID": 248,
        "Entity": "3DPolyline",
        "Handle": "938E0",
        "Layer": "Contour_Line_Major",
        "LyrFrzn": 0,
        "LyrOn": 1,
        "Color": 35,
        "Linetype": "Continuous",
        "Elevation": 205,
        "LineWt": 25,
        "RefName": "",
        "DocUpdate": 1783359710000,
        "DocId": 1.1061215596273316e+19,
        "t0": null,
        "t00": null,
        "Shape_Length": 1.0614193386299304,
        "Shape_Area": 0.06424726006686479
      }
    },
    {
      "type": "Feature",
      "id": 249,
      "geometry": {
        "type": "Polygon",
        "coordinates": [
          [
            [
              80.36392675769092,
              7.055570959882296
            ],
            [
              80.36392385626868,
              7.055573920106737
            ],
            [
              80.3639235267706,
              7.05556192274545
            ],
            [
              80.36392675769092,
              7.055570959882296
            ]
          ]
        ]
      },
      "properties": {
        "OBJECTID": 249,
        "Entity": "3DPolyline",
        "Handle": "94CB2",
        "Layer": "Contour_Line_Major",
        "LyrFrzn": 0,
        "LyrOn": 1,
        "Color": 35,
        "Linetype": "Continuous",
        "Elevation": 215,
        "LineWt": 25,
        "RefName": "",
        "DocUpdate": 1783359710000,
        "DocId": 1.1061215596273316e+19,
        "t0": null,
        "t00": null,
        "Shape_Length": 2.845775613209016,
        "Shape_Area": 0.21846707022275247
      }
    },
    {
      "type": "Feature",
      "id": 250,
      "geometry": {
        "type": "Polygon",
        "coordinates": [
          [
            [
              80.35936558510829,
              7.05086111997042
            ],
            [
              80.35936425837974,
              7.050867259068314
            ],
            [
              80.35936156553649,
              7.0508699816572
            ],
            [
              80.3593346882656,
              7.050874467497986
            ],
            [
              80.35932523323461,
              7.05087293942909
            ],
            [
              80.35931710108638,
              7.050869389719788
            ],
            [
              80.35931309405879,
              7.050866485176498
            ],
            [
              80.3593094493701,
              7.050857526144258
            ],
            [
              80.35931004790739,
              7.050853533424194
            ],
            [
              80.35931395168326,
              7.050849872679902
            ],
            [
              80.35933031759753,
              7.050846933661014
            ],
            [
              80.35934859483791,
              7.050851916503753
            ],
            [
              80.35936558510829,
              7.05086111997042
            ]
          ]
        ]
      },
      "properties": {
        "OBJECTID": 250,
        "Entity": "3DPolyline",
        "Handle": "95647",
        "Layer": "Contour_Line_Major",
        "LyrFrzn": 0,
        "LyrOn": 1,
        "Color": 35,
        "Linetype": "Continuous",
        "Elevation": 220,
        "LineWt": 25,
        "RefName": "",
        "DocUpdate": 1783359710000,
        "DocId": 1.1061215596273316e+19,
        "t0": null,
        "t00": null,
        "Shape_Length": 14.882269132822394,
        "Shape_Area": 13.359210415981938
      }
    },
    {
      "type": "Feature",
      "id": 251,
      "geometry": {
        "type": "Polygon",
        "coordinates": [
          [
            [
              80.3656204610529,
              7.0634392265110755
            ],
            [
              80.36561750168681,
              7.063445472856212
            ],
            [
              80.36561505071525,
              7.06344475403135
            ],
            [
              80.36561111265807,
              7.063438306541821
            ],
            [
              80.36561031565627,
              7.063433808990063
            ],
            [
              80.36561202587689,
              7.063425296882572
            ],
            [
              80.36561619402177,
              7.06342103855119
            ],
            [
              80.3656190055477,
              7.063424277914546
            ],
            [
              80.3656204610529,
              7.0634392265110755
            ]
          ]
        ]
      },
      "properties": {
        "OBJECTID": 251,
        "Entity": "3DPolyline",
        "Handle": "95F42",
        "Layer": "Contour_Line_Major",
        "LyrFrzn": 0,
        "LyrOn": 1,
        "Color": 35,
        "Linetype": "Continuous",
        "Elevation": 225,
        "LineWt": 25,
        "RefName": "",
        "DocUpdate": 1783359710000,
        "DocId": 1.1061215596273316e+19,
        "t0": null,
        "t00": null,
        "Shape_Length": 6.138737767003009,
        "Shape_Area": 2.089818545439722
      }
    },
    {
      "type": "Feature",
      "id": 252,
      "geometry": {
        "type": "Polygon",
        "coordinates": [
          [
            [
              80.36564177864118,
              7.063397564359535
            ],
            [
              80.3656361043401,
              7.063414737471924
            ],
            [
              80.36563188220583,
              7.063419412722951
            ],
            [
              80.36562289034846,
              7.06341997487523
            ],
            [
              80.36561508160035,
              7.0634134569939935
            ],
            [
              80.36561294964523,
              7.063407868560422
            ],
            [
              80.36561182747684,
              7.063398137803235
            ],
            [
              80.36561539310247,
              7.063388855742406
            ],
            [
              80.36562166867269,
              7.063387588877169
            ],
            [
              80.36563358811881,
              7.063388815364022
            ],
            [
              80.36564177864118,
              7.063397564359535
            ]
          ]
        ]
      },
      "properties": {
        "OBJECTID": 252,
        "Entity": "3DPolyline",
        "Handle": "95F4D",
        "Layer": "Contour_Line_Major",
        "LyrFrzn": 0,
        "LyrOn": 1,
        "Color": 35,
        "Linetype": "Continuous",
        "Elevation": 225,
        "LineWt": 25,
        "RefName": "",
        "DocUpdate": 1783359710000,
        "DocId": 1.1061215596273316e+19,
        "t0": null,
        "t00": null,
        "Shape_Length": 11.01227192712425,
        "Shape_Area": 8.964648084499634
      }
    },
    {
      "type": "Feature",
      "id": 253,
      "geometry": {
        "type": "Polygon",
        "coordinates": [
          [
            [
              80.36542055753542,
              7.063089719868911
            ],
            [
              80.36541608776,
              7.063092736759653
            ],
            [
              80.36540483836046,
              7.063108772513412
            ],
            [
              80.36539778763355,
              7.063111439453546
            ],
            [
              80.3653888655028,
              7.06311200079215
            ],
            [
              80.36537965067673,
              7.063110078770459
            ],
            [
              80.36537452142642,
              7.063107345508249
            ],
            [
              80.36535002331345,
              7.063090335770341
            ],
            [
              80.36535052794508,
              7.063087460924867
            ],
            [
              80.36535990166114,
              7.063081756987932
            ],
            [
              80.36537231293607,
              7.063079530616843
            ],
            [
              80.36538451962856,
              7.0630805892557635
            ],
            [
              80.36542055753542,
              7.063089719868911
            ]
          ]
        ]
      },
      "properties": {
        "OBJECTID": 253,
        "Entity": "3DPolyline",
        "Handle": "95F5A",
        "Layer": "Contour_Line_Major",
        "LyrFrzn": 0,
        "LyrOn": 1,
        "Color": 35,
        "Linetype": "Continuous",
        "Elevation": 225,
        "LineWt": 25,
        "RefName": "",
        "DocUpdate": 1783359710000,
        "DocId": 1.1061215596273316e+19,
        "t0": null,
        "t00": null,
        "Shape_Length": 17.944101824019526,
        "Shape_Area": 17.479964973747585
      }
    },
    {
      "type": "Feature",
      "id": 254,
      "geometry": {
        "type": "Polygon",
        "coordinates": [
          [
            [
              80.35993145542585,
              7.050481989018344
            ],
            [
              80.35992852356601,
              7.050484704951815
            ],
            [
              80.35992743392899,
              7.050479070892326
            ],
            [
              80.35992863052904,
              7.05047274166044
            ],
            [
              80.35993145542585,
              7.050481989018344
            ]
          ]
        ]
      },
      "properties": {
        "OBJECTID": 254,
        "Entity": "3DPolyline",
        "Handle": "96842",
        "Layer": "Contour_Line_Major",
        "LyrFrzn": 0,
        "LyrOn": 1,
        "Color": 35,
        "Linetype": "Continuous",
        "Elevation": 230,
        "LineWt": 25,
        "RefName": "",
        "DocUpdate": 1783359710000,
        "DocId": 1.1061215596273316e+19,
        "t0": null,
        "t00": null,
        "Shape_Length": 2.856950902350126,
        "Shape_Area": 0.29562397991024003
      }
    },
    {
      "type": "Feature",
      "id": 255,
      "geometry": {
        "type": "Polygon",
        "coordinates": [
          [
            [
              80.36551798389864,
              7.061877768966778
            ],
            [
              80.36551973322766,
              7.061894370557947
            ],
            [
              80.36551671530728,
              7.0618997403247885
            ],
            [
              80.36550912534055,
              7.0619047818567555
            ],
            [
              80.36548602704336,
              7.061900434879227
            ],
            [
              80.36547788246081,
              7.061895201892071
            ],
            [
              80.36547911133567,
              7.061888421323417
            ],
            [
              80.36548511654841,
              7.061878895641149
            ],
            [
              80.36549115406494,
              7.0618742346183145
            ],
            [
              80.3654991841878,
              7.061872433747238
            ],
            [
              80.36550881742336,
              7.061872940728697
            ],
            [
              80.36551798389864,
              7.061877768966778
            ]
          ]
        ]
      },
      "properties": {
        "OBJECTID": 255,
        "Entity": "3DPolyline",
        "Handle": "97095",
        "Layer": "Contour_Line_Major",
        "LyrFrzn": 0,
        "LyrOn": 1,
        "Color": 35,
        "Linetype": "Continuous",
        "Elevation": 235,
        "LineWt": 25,
        "RefName": "",
        "DocUpdate": 1783359710000,
        "DocId": 1.1061215596273316e+19,
        "t0": null,
        "t00": null,
        "Shape_Length": 13.166249441711042,
        "Shape_Area": 12.551251366009993
      }
    },
    {
      "type": "Feature",
      "id": 256,
      "geometry": {
        "type": "Polygon",
        "coordinates": [
          [
            [
              80.36586032616887,
              7.062059142461516
            ],
            [
              80.36585410784234,
              7.062075564071953
            ],
            [
              80.36584736674877,
              7.062080924256972
            ],
            [
              80.36583953316683,
              7.062083344106362
            ],
            [
              80.36583048845017,
              7.0620835127182175
            ],
            [
              80.36582045111032,
              7.062080545749495
            ],
            [
              80.36581589059342,
              7.0620770697341335
            ],
            [
              80.36581738718952,
              7.062066511264839
            ],
            [
              80.36582007218128,
              7.0620596087525875
            ],
            [
              80.36582981128633,
              7.062050198495646
            ],
            [
              80.36583538668212,
              7.062047118880408
            ],
            [
              80.36584412582148,
              7.062047274582826
            ],
            [
              80.3658517492575,
              7.062049568005342
            ],
            [
              80.36586032616887,
              7.062059142461516
            ]
          ]
        ]
      },
      "properties": {
        "OBJECTID": 256,
        "Entity": "3DPolyline",
        "Handle": "978C5",
        "Layer": "Contour_Line_Major",
        "LyrFrzn": 0,
        "LyrOn": 1,
        "Color": 35,
        "Linetype": "Continuous",
        "Elevation": 240,
        "LineWt": 25,
        "RefName": "",
        "DocUpdate": 1783359710000,
        "DocId": 1.1061215596273316e+19,
        "t0": null,
        "t00": null,
        "Shape_Length": 14.049593076342363,
        "Shape_Area": 14.608750232066328
      }
    },
    {
      "type": "Feature",
      "id": 257,
      "geometry": {
        "type": "Polygon",
        "coordinates": [
          [
            [
              80.36579974916583,
              7.061823879719692
            ],
            [
              80.36579911941143,
              7.061831536698821
            ],
            [
              80.3657960853464,
              7.061834802485917
            ],
            [
              80.36578933950166,
              7.061834347376566
            ],
            [
              80.36578709404928,
              7.061832317249759
            ],
            [
              80.36578812010997,
              7.061826194004672
            ],
            [
              80.3657914785489,
              7.061822763127821
            ],
            [
              80.36579819870354,
              7.0618194779294745
            ],
            [
              80.36579974916583,
              7.061823879719692
            ]
          ]
        ]
      },
      "properties": {
        "OBJECTID": 257,
        "Entity": "3DPolyline",
        "Handle": "978D5",
        "Layer": "Contour_Line_Major",
        "LyrFrzn": 0,
        "LyrOn": 1,
        "Color": 35,
        "Linetype": "Continuous",
        "Elevation": 240,
        "LineWt": 25,
        "RefName": "",
        "DocUpdate": 1783359710000,
        "DocId": 1.1061215596273316e+19,
        "t0": null,
        "t00": null,
        "Shape_Length": 4.982202164091802,
        "Shape_Area": 1.6898236994241562
      }
    },
    {
      "type": "Feature",
      "id": 258,
      "geometry": {
        "type": "Polygon",
        "coordinates": [
          [
            [
              80.35200067420357,
              7.050344421766019
            ],
            [
              80.35199725678206,
              7.05034599001807
            ],
            [
              80.3519961735333,
              7.050342996303962
            ],
            [
              80.35199761445722,
              7.05034205577375
            ],
            [
              80.35200067420357,
              7.050344421766019
            ]
          ]
        ]
      },
      "properties": {
        "OBJECTID": 258,
        "Entity": "3DPolyline",
        "Handle": "978E0",
        "Layer": "Contour_Line_Major",
        "LyrFrzn": 0,
        "LyrOn": 1,
        "Color": 35,
        "Linetype": "Continuous",
        "Elevation": 240,
        "LineWt": 25,
        "RefName": "",
        "DocUpdate": 1783359710000,
        "DocId": 1.1061215596273316e+19,
        "t0": null,
        "t00": null,
        "Shape_Length": 1.3847259738757,
        "Shape_Area": 0.11121445511447646
      }
    },
    {
      "type": "Feature",
      "id": 259,
      "geometry": {
        "type": "Polygon",
        "coordinates": [
          [
            [
              80.3640747571385,
              7.060591357413282
            ],
            [
              80.36406644437551,
              7.060596591508905
            ],
            [
              80.36405052304961,
              7.060601926492123
            ],
            [
              80.36404438867625,
              7.060602594726457
            ],
            [
              80.3640428053934,
              7.0606003610689205
            ],
            [
              80.36404186006466,
              7.06059310356289
            ],
            [
              80.36404451415035,
              7.060587626574435
            ],
            [
              80.36405933782233,
              7.060580491870339
            ],
            [
              80.36406300032381,
              7.060579835643799
            ],
            [
              80.36406842092356,
              7.060581365372371
            ],
            [
              80.3640747571385,
              7.060591357413282
            ]
          ]
        ]
      },
      "properties": {
        "OBJECTID": 259,
        "Entity": "3DPolyline",
        "Handle": "987E1",
        "Layer": "Contour_Line_Major",
        "LyrFrzn": 0,
        "LyrOn": 1,
        "Color": 35,
        "Linetype": "Continuous",
        "Elevation": 250,
        "LineWt": 25,
        "RefName": "",
        "DocUpdate": 1783359710000,
        "DocId": 1.1061215596273316e+19,
        "t0": null,
        "t00": null,
        "Shape_Length": 9.563835057109195,
        "Shape_Area": 5.82814641799366
      }
    },
    {
      "type": "Feature",
      "id": 260,
      "geometry": {
        "type": "Polygon",
        "coordinates": [
          [
            [
              80.36317917822045,
              7.055741803376879
            ],
            [
              80.36318036488053,
              7.055726167312363
            ],
            [
              80.36318269832542,
              7.055722084689096
            ],
            [
              80.363199829583,
              7.055706490271916
            ],
            [
              80.36323044050806,
              7.05568257528652
            ],
            [
              80.36323831046515,
              7.055680628595905
            ],
            [
              80.36324891356603,
              7.055684242220383
            ],
            [
              80.36325698325386,
              7.055689192012957
            ],
            [
              80.36326447284627,
              7.055697245394735
            ],
            [
              80.36326918092172,
              7.055706646365454
            ],
            [
              80.36327079073075,
              7.055723909893098
            ],
            [
              80.3632778921005,
              7.055743738948418
            ],
            [
              80.3632775700282,
              7.055760775515542
            ],
            [
              80.36328045805072,
              7.055780877423047
            ],
            [
              80.36328041172085,
              7.055793578907143
            ],
            [
              80.36327118733902,
              7.055810027141625
            ],
            [
              80.3632539116186,
              7.055831948619777
            ],
            [
              80.36323533967033,
              7.055841685987889
            ],
            [
              80.36322472658887,
              7.0558420604649505
            ],
            [
              80.36321363330202,
              7.05583869853767
            ],
            [
              80.36319925199861,
              7.0558270112643475
            ],
            [
              80.3631919576065,
              7.055813267688221
            ],
            [
              80.36319200190583,
              7.055781515690034
            ],
            [
              80.36319112143741,
              7.0557778248715
            ],
            [
              80.3631804134362,
              7.055760202495512
            ],
            [
              80.36317917822045,
              7.055741803376879
            ]
          ]
        ]
      },
      "properties": {
        "OBJECTID": 260,
        "Entity": "3DPolyline",
        "Handle": "987EE",
        "Layer": "Contour_Line_Major",
        "LyrFrzn": 0,
        "LyrOn": 1,
        "Color": 35,
        "Linetype": "Continuous",
        "Elevation": 250,
        "LineWt": 25,
        "RefName": "",
        "DocUpdate": 1783359710000,
        "DocId": 1.1061215596273316e+19,
        "t0": null,
        "t00": null,
        "Shape_Length": 46.39236965380902,
        "Shape_Area": 148.29487718498964
      }
    },
    {
      "type": "Feature",
      "id": 261,
      "geometry": {
        "type": "Polygon",
        "coordinates": [
          [
            [
              80.36488238936265,
              7.060538185105019
            ],
            [
              80.36487880849977,
              7.060550681875896
            ],
            [
              80.36487664217218,
              7.060555703645848
            ],
            [
              80.36487529816876,
              7.060555944233013
            ],
            [
              80.36486857590909,
              7.060551489268912
            ],
            [
              80.36486491925541,
              7.060547194963274
            ],
            [
              80.3648621891171,
              7.060538071676052
            ],
            [
              80.3648660011548,
              7.060531338947946
            ],
            [
              80.36487328149003,
              7.0605275904952896
            ],
            [
              80.36487823122575,
              7.0605291476143925
            ],
            [
              80.36488238936265,
              7.060538185105019
            ]
          ]
        ]
      },
      "properties": {
        "OBJECTID": 261,
        "Entity": "3DPolyline",
        "Handle": "99404",
        "Layer": "Contour_Line_Major",
        "LyrFrzn": 0,
        "LyrOn": 1,
        "Color": 35,
        "Linetype": "Continuous",
        "Elevation": 260,
        "LineWt": 25,
        "RefName": "",
        "DocUpdate": 1783359710000,
        "DocId": 1.1061215596273316e+19,
        "t0": null,
        "t00": null,
        "Shape_Length": 8.191795877255398,
        "Shape_Area": 4.640634215679151
      }
    },
    {
      "type": "Feature",
      "id": 262,
      "geometry": {
        "type": "Polygon",
        "coordinates": [
          [
            [
              80.36068688761809,
              7.050392569345944
            ],
            [
              80.3606886784001,
              7.050382765683323
            ],
            [
              80.36069722717144,
              7.0503736759038
            ],
            [
              80.36070948135684,
              7.050366913146951
            ],
            [
              80.36072966748415,
              7.0503604796402195
            ],
            [
              80.36076842073317,
              7.050364867214235
            ],
            [
              80.36079330887351,
              7.0503609574710735
            ],
            [
              80.36080229628567,
              7.0503614699767105
            ],
            [
              80.36081064577913,
              7.050366972858657
            ],
            [
              80.36081368206081,
              7.050371961929787
            ],
            [
              80.36081576338346,
              7.050380064024125
            ],
            [
              80.36081370184624,
              7.050391876299401
            ],
            [
              80.36080768595521,
              7.050408589387403
            ],
            [
              80.36079684781608,
              7.050423302272999
            ],
            [
              80.36077078150521,
              7.050447183541557
            ],
            [
              80.36076135652394,
              7.050451476255041
            ],
            [
              80.36075298106783,
              7.050453023317701
            ],
            [
              80.36071492432619,
              7.050448456691418
            ],
            [
              80.36069052012722,
              7.050440149476825
            ],
            [
              80.36068799228538,
              7.050434797475812
            ],
            [
              80.36068688761809,
              7.050392569345944
            ]
          ]
        ]
      },
      "properties": {
        "OBJECTID": 262,
        "Entity": "3DPolyline",
        "Handle": "99501",
        "Layer": "Contour_Line_Major",
        "LyrFrzn": 0,
        "LyrOn": 1,
        "Color": 35,
        "Linetype": "Continuous",
        "Elevation": 260,
        "LineWt": 25,
        "RefName": "",
        "DocUpdate": 1783359710000,
        "DocId": 1.1061215596273316e+19,
        "t0": null,
        "t00": null,
        "Shape_Length": 40.83122485901324,
        "Shape_Area": 116.64598363927155
      }
    },
    {
      "type": "Feature",
      "id": 263,
      "geometry": {
        "type": "Polygon",
        "coordinates": [
          [
            [
              80.35324871878841,
              7.0511240538561815
            ],
            [
              80.35324535978836,
              7.051124625396943
            ],
            [
              80.35324461981857,
              7.051122840623211
            ],
            [
              80.35324596536142,
              7.0511221251871445
            ],
            [
              80.35324871878841,
              7.0511240538561815
            ]
          ]
        ]
      },
      "properties": {
        "OBJECTID": 263,
        "Entity": "3DPolyline",
        "Handle": "99ABF",
        "Layer": "Contour_Line_Major",
        "LyrFrzn": 0,
        "LyrOn": 1,
        "Color": 35,
        "Linetype": "Continuous",
        "Elevation": 265,
        "LineWt": 25,
        "RefName": "",
        "DocUpdate": 1783359710000,
        "DocId": 1.1061215596273316e+19,
        "t0": null,
        "t00": null,
        "Shape_Length": 1.1296537294851465,
        "Shape_Area": 0.06705229991456009
      }
    },
    {
      "type": "Feature",
      "id": 264,
      "geometry": {
        "type": "Polygon",
        "coordinates": [
          [
            [
              80.36553852162163,
              7.059905899809734
            ],
            [
              80.36553272931023,
              7.05991402827102
            ],
            [
              80.36552770943723,
              7.0599161036964135
            ],
            [
              80.36551115456805,
              7.059911302501217
            ],
            [
              80.3655018340737,
              7.059905906005454
            ],
            [
              80.3655042195426,
              7.059899529528688
            ],
            [
              80.36550868352411,
              7.059895424464468
            ],
            [
              80.36553852162163,
              7.059905899809734
            ]
          ]
        ]
      },
      "properties": {
        "OBJECTID": 264,
        "Entity": "3DPolyline",
        "Handle": "9B28D",
        "Layer": "Contour_Line_Major",
        "LyrFrzn": 0,
        "LyrOn": 1,
        "Color": 35,
        "Linetype": "Continuous",
        "Elevation": 290,
        "LineWt": 25,
        "RefName": "",
        "DocUpdate": 1783359710000,
        "DocId": 1.1061215596273316e+19,
        "t0": null,
        "t00": null,
        "Shape_Length": 9.712394255206412,
        "Shape_Area": 5.1942949652266535
      }
    },
    {
      "type": "Feature",
      "id": 265,
      "geometry": {
        "type": "Polygon",
        "coordinates": [
          [
            [
              80.36568460284259,
              7.059526191606324
            ],
            [
              80.36567737762721,
              7.059534026860511
            ],
            [
              80.36567267028406,
              7.059536658100323
            ],
            [
              80.36565987126687,
              7.059537783135848
            ],
            [
              80.36563927221353,
              7.059535344534352
            ],
            [
              80.36563316921236,
              7.059526286314891
            ],
            [
              80.36562888415733,
              7.059506722525364
            ],
            [
              80.36563391317343,
              7.059499260575035
            ],
            [
              80.3656393636482,
              7.059496136466968
            ],
            [
              80.36565221357822,
              7.0594948577293035
            ],
            [
              80.36566202416925,
              7.05949673984528
            ],
            [
              80.36566889604349,
              7.059501031279084
            ],
            [
              80.36568147313899,
              7.059515925345431
            ],
            [
              80.36568460284259,
              7.059526191606324
            ]
          ]
        ]
      },
      "properties": {
        "OBJECTID": 265,
        "Entity": "3DPolyline",
        "Handle": "9B297",
        "Layer": "Contour_Line_Major",
        "LyrFrzn": 0,
        "LyrOn": 1,
        "Color": 35,
        "Linetype": "Continuous",
        "Elevation": 290,
        "LineWt": 25,
        "RefName": "",
        "DocUpdate": 1783359710000,
        "DocId": 1.1061215596273316e+19,
        "t0": null,
        "t00": null,
        "Shape_Length": 17.35839935240354,
        "Shape_Area": 22.02634469110634
      }
    },
    {
      "type": "Feature",
      "id": 266,
      "geometry": {
        "type": "Polygon",
        "coordinates": [
          [
            [
              80.36574169594974,
              7.059200634795365
            ],
            [
              80.3657429632834,
              7.059195522248402
            ],
            [
              80.36574742536969,
              7.059191472355389
            ],
            [
              80.365748564221,
              7.059202915430314
            ],
            [
              80.36574660906889,
              7.059205137036993
            ],
            [
              80.36574169594974,
              7.059200634795365
            ]
          ]
        ]
      },
      "properties": {
        "OBJECTID": 266,
        "Entity": "3DPolyline",
        "Handle": "9B2A7",
        "Layer": "Contour_Line_Major",
        "LyrFrzn": 0,
        "LyrOn": 1,
        "Color": 35,
        "Linetype": "Continuous",
        "Elevation": 290,
        "LineWt": 25,
        "RefName": "",
        "DocUpdate": 1783359710000,
        "DocId": 1.1061215596273316e+19,
        "t0": null,
        "t00": null,
        "Shape_Length": 3.5827820193833393,
        "Shape_Area": 0.6922703152980613
      }
    },
    {
      "type": "Feature",
      "id": 267,
      "geometry": {
        "type": "Polygon",
        "coordinates": [
          [
            [
              80.36473948484475,
              7.059108817587359
            ],
            [
              80.36475123712347,
              7.059098427758408
            ],
            [
              80.3647534082871,
              7.05910645126904
            ],
            [
              80.36475255592943,
              7.0591113472876925
            ],
            [
              80.36475028427385,
              7.059113272674455
            ],
            [
              80.3647427170271,
              7.059112972016206
            ],
            [
              80.36473948484475,
              7.059108817587359
            ]
          ]
        ]
      },
      "properties": {
        "OBJECTID": 267,
        "Entity": "3DPolyline",
        "Handle": "9B308",
        "Layer": "Contour_Line_Major",
        "LyrFrzn": 0,
        "LyrOn": 1,
        "Color": 35,
        "Linetype": "Continuous",
        "Elevation": 295,
        "LineWt": 25,
        "RefName": "",
        "DocUpdate": 1783359710000,
        "DocId": 1.1061215596273316e+19,
        "t0": null,
        "t00": null,
        "Shape_Length": 4.948628483871113,
        "Shape_Area": 1.4919607809305537
      }
    },
    {
      "type": "Feature",
      "id": 268,
      "geometry": {
        "type": "Polygon",
        "coordinates": [
          [
            [
              80.3577538382453,
              7.050189548273382
            ],
            [
              80.35774843263121,
              7.050191048709684
            ],
            [
              80.35774674712596,
              7.050193397289786
            ],
            [
              80.3577465986899,
              7.050189414400457
            ],
            [
              80.3577538382453,
              7.050189548273382
            ]
          ]
        ]
      },
      "properties": {
        "OBJECTID": 268,
        "Entity": "3DPolyline",
        "Handle": "9B3A7",
        "Layer": "Contour_Line_Major",
        "LyrFrzn": 0,
        "LyrOn": 1,
        "Color": 35,
        "Linetype": "Continuous",
        "Elevation": 300,
        "LineWt": 25,
        "RefName": "",
        "DocUpdate": 1783359710000,
        "DocId": 1.1061215596273316e+19,
        "t0": null,
        "t00": null,
        "Shape_Length": 2.179473188090669,
        "Shape_Area": 0.11384775966991276
      }
    },
    {
      "type": "Feature",
      "id": 269,
      "geometry": {
        "type": "Polygon",
        "coordinates": [
          [
            [
              80.36510083813775,
              7.058675130169885
            ],
            [
              80.36509880977684,
              7.0586772548884635
            ],
            [
              80.36509537010464,
              7.058677191413961
            ],
            [
              80.36509347625915,
              7.058675620365238
            ],
            [
              80.36509430641513,
              7.058674387702092
            ],
            [
              80.36510083813775,
              7.058675130169885
            ]
          ]
        ]
      },
      "properties": {
        "OBJECTID": 269,
        "Entity": "3DPolyline",
        "Handle": "9B3AE",
        "Layer": "Contour_Line_Major",
        "LyrFrzn": 0,
        "LyrOn": 1,
        "Color": 35,
        "Linetype": "Continuous",
        "Elevation": 305,
        "LineWt": 25,
        "RefName": "",
        "DocUpdate": 1783359710000,
        "DocId": 1.1061215596273316e+19,
        "t0": null,
        "t00": null,
        "Shape_Length": 1.866714713286565,
        "Shape_Area": 0.17459690062152633
      }
    },
    {
      "type": "Feature",
      "id": 270,
      "geometry": {
        "type": "Polygon",
        "coordinates": [
          [
            [
              80.36552865133386,
              7.058006352342728
            ],
            [
              80.36549581115354,
              7.057991721991274
            ],
            [
              80.36545531203319,
              7.057961031971179
            ],
            [
              80.36542334907114,
              7.057943192595038
            ],
            [
              80.36541648330126,
              7.057937096610471
            ],
            [
              80.36541443747697,
              7.057933434059961
            ],
            [
              80.36542272103426,
              7.057927658979555
            ],
            [
              80.36542623949276,
              7.057927044153252
            ],
            [
              80.36546561006902,
              7.057933408654748
            ],
            [
              80.36550755543172,
              7.057961247720524
            ],
            [
              80.36551708466466,
              7.057963599815123
            ],
            [
              80.36553171753044,
              7.057964852594713
            ],
            [
              80.36554073839194,
              7.057968179091985
            ],
            [
              80.36554415945248,
              7.05797126731942
            ],
            [
              80.36554777072018,
              7.057980290492732
            ],
            [
              80.36555295864912,
              7.058004386351201
            ],
            [
              80.3655521294781,
              7.058010215889321
            ],
            [
              80.36554990106538,
              7.0580129726119285
            ],
            [
              80.36554693647012,
              7.058013780859046
            ],
            [
              80.36553625179255,
              7.058010841956883
            ],
            [
              80.36552865133386,
              7.058006352342728
            ]
          ]
        ]
      },
      "properties": {
        "OBJECTID": 270,
        "Entity": "3DPolyline",
        "Handle": "9B3B6",
        "Layer": "Contour_Line_Major",
        "LyrFrzn": 0,
        "LyrOn": 1,
        "Color": 35,
        "Linetype": "Continuous",
        "Elevation": 305,
        "LineWt": 25,
        "RefName": "",
        "DocUpdate": 1783359710000,
        "DocId": 1.1061215596273316e+19,
        "t0": null,
        "t00": null,
        "Shape_Length": 38.24172324616265,
        "Shape_Area": 53.818829833889566
      }
    },
    {
      "type": "Feature",
      "id": 271,
      "geometry": {
        "type": "Polygon",
        "coordinates": [
          [
            [
              80.36372199901689,
              7.0532098317796965
            ],
            [
              80.36371808616205,
              7.053213517876525
            ],
            [
              80.36371449464153,
              7.0532059953522594
            ],
            [
              80.36371810456922,
              7.053206666011615
            ],
            [
              80.36372199901689,
              7.0532098317796965
            ]
          ]
        ]
      },
      "properties": {
        "OBJECTID": 271,
        "Entity": "3DPolyline",
        "Handle": "9B3CD",
        "Layer": "Contour_Line_Major",
        "LyrFrzn": 0,
        "LyrOn": 1,
        "Color": 35,
        "Linetype": "Continuous",
        "Elevation": 305,
        "LineWt": 25,
        "RefName": "",
        "DocUpdate": 1783359710000,
        "DocId": 1.1061215596273316e+19,
        "t0": null,
        "t00": null,
        "Shape_Length": 2.475445411746973,
        "Shape_Area": 0.3143467500230092
      }
    }
  ]
}