{
  "type": "FeatureCollection",
  "features": [
    {
      "type": "Feature",
      "id": 1,
      "geometry": {
        "type": "Polygon",
        "coordinates": [
          [
            [
              80.35498866048641,
              7.065511054943452
            ],
            [
              80.35498999167672,
              7.065656586992058
            ],
            [
              80.35485560946147,
              7.065657813049571
            ],
            [
              80.35485427831327,
              7.065512281004398
            ],
            [
              80.35498866048641,
              7.065511054943452
            ]
          ]
        ]
      },
      "properties": {
        "OBJECTID": 1,
        "Entity": "LWPolyline",
        "Handle": "18DFB",
        "Layer": "BLD",
        "LyrFrzn": 0,
        "LyrOn": 1,
        "Color": 8,
        "Linetype": "Continuous",
        "Elevation": -63.99,
        "LineWt": 25,
        "RefName": "",
        "DocUpdate": 1783359710000,
        "DocId": 1.1061215596273316e+19,
        "t0": null,
        "t00": null,
        "Shape_Length": 61.863823264438565,
        "Shape_Area": 238.8066193048155
      }
    },
    {
      "type": "Feature",
      "id": 2,
      "geometry": {
        "type": "Polygon",
        "coordinates": [
          [
            [
              80.35511987001408,
              7.0657325768821355
            ],
            [
              80.35513827401223,
              7.065796077385107
            ],
            [
              80.3549831960658,
              7.065840932374474
            ],
            [
              80.35496479208815,
              7.065777431867243
            ],
            [
              80.35511987001408,
              7.0657325768821355
            ]
          ]
        ]
      },
      "properties": {
        "OBJECTID": 2,
        "Entity": "LWPolyline",
        "Handle": "18DFC",
        "Layer": "BLD",
        "LyrFrzn": 0,
        "LyrOn": 1,
        "Color": 8,
        "Linetype": "Continuous",
        "Elevation": -63.99,
        "LineWt": 25,
        "RefName": "",
        "DocUpdate": 1783359710000,
        "DocId": 1.1061215596273316e+19,
        "t0": null,
        "t00": null,
        "Shape_Length": 50.27833653908467,
        "Shape_Area": 130.31595719171804
      }
    },
    {
      "type": "Feature",
      "id": 3,
      "geometry": {
        "type": "Polygon",
        "coordinates": [
          [
            [
              80.35499270154493,
              7.065345113094852
            ],
            [
              80.35493296589213,
              7.065319968422428
            ],
            [
              80.35499853941612,
              7.065164503933531
            ],
            [
              80.35505827505278,
              7.065189649500765
            ],
            [
              80.35499270154493,
              7.065345113094852
            ]
          ]
        ]
      },
      "properties": {
        "OBJECTID": 3,
        "Entity": "LWPolyline",
        "Handle": "18DFD",
        "Layer": "BLD",
        "LyrFrzn": 0,
        "LyrOn": 1,
        "Color": 8,
        "Linetype": "Continuous",
        "Elevation": -63.99,
        "LineWt": 25,
        "RefName": "",
        "DocUpdate": 1783359710000,
        "DocId": 1.1061215596273316e+19,
        "t0": null,
        "t00": null,
        "Shape_Length": 51.619476268884675,
        "Shape_Area": 133.52193129558103
      }
    },
    {
      "type": "Feature",
      "id": 4,
      "geometry": {
        "type": "Polygon",
        "coordinates": [
          [
            [
              80.35416915062335,
              7.0653194519902724
            ],
            [
              80.35421296780798,
              7.065237395117492
            ],
            [
              80.3542513331826,
              7.0652578401531905
            ],
            [
              80.35420751600216,
              7.065339897029944
            ],
            [
              80.35416915062335,
              7.0653194519902724
            ]
          ]
        ]
      },
      "properties": {
        "OBJECTID": 4,
        "Entity": "LWPolyline",
        "Handle": "18DFE",
        "Layer": "BLD",
        "LyrFrzn": 0,
        "LyrOn": 1,
        "Color": 8,
        "Linetype": "Continuous",
        "Elevation": -63.99,
        "LineWt": 25,
        "RefName": "",
        "DocUpdate": 1783359710000,
        "DocId": 1.1061215596273316e+19,
        "t0": null,
        "t00": null,
        "Shape_Length": 30.168178396773346,
        "Shape_Area": 49.37645200989354
      }
    },
    {
      "type": "Feature",
      "id": 5,
      "geometry": {
        "type": "Polygon",
        "coordinates": [
          [
            [
              80.35395648420172,
              7.065113365981953
            ],
            [
              80.35396319040251,
              7.064942165263692
            ],
            [
              80.35405456871051,
              7.064945737242425
            ],
            [
              80.35404786254304,
              7.065116937965022
            ],
            [
              80.35395648420172,
              7.065113365981953
            ]
          ]
        ]
      },
      "properties": {
        "OBJECTID": 5,
        "Entity": "LWPolyline",
        "Handle": "18DFF",
        "Layer": "BLD",
        "LyrFrzn": 0,
        "LyrOn": 1,
        "Color": 8,
        "Linetype": "Continuous",
        "Elevation": -63.99,
        "LineWt": 25,
        "RefName": "",
        "DocUpdate": 1783359710000,
        "DocId": 1.1061215596273316e+19,
        "t0": null,
        "t00": null,
        "Shape_Length": 58.082324413491456,
        "Shape_Area": 191.30383849658853
      }
    },
    {
      "type": "Feature",
      "id": 6,
      "geometry": {
        "type": "Polygon",
        "coordinates": [
          [
            [
              80.35343732943765,
              7.065000972162875
            ],
            [
              80.3534410214558,
              7.0648253042997196
            ],
            [
              80.35355845643721,
              7.064827767357518
            ],
            [
              80.35355476446324,
              7.06500343522561
            ],
            [
              80.35343732943765,
              7.065000972162875
            ]
          ]
        ]
      },
      "properties": {
        "OBJECTID": 6,
        "Entity": "LWPolyline",
        "Handle": "18E00",
        "Layer": "BLD",
        "LyrFrzn": 0,
        "LyrOn": 1,
        "Color": 8,
        "Linetype": "Continuous",
        "Elevation": -63.99,
        "LineWt": 25,
        "RefName": "",
        "DocUpdate": 1783359710000,
        "DocId": 1.1061215596273316e+19,
        "t0": null,
        "t00": null,
        "Shape_Length": 64.79545120529117,
        "Shape_Area": 251.99498269196755
      }
    },
    {
      "type": "Feature",
      "id": 7,
      "geometry": {
        "type": "Polygon",
        "coordinates": [
          [
            [
              80.35358000894267,
              7.064812682410273
            ],
            [
              80.35365865035698,
              7.0647933818515884
            ],
            [
              80.35367643792593,
              7.064865713445871
            ],
            [
              80.35359779649959,
              7.064885014006455
            ],
            [
              80.35358000894267,
              7.064812682410273
            ]
          ]
        ]
      },
      "properties": {
        "OBJECTID": 7,
        "Entity": "LWPolyline",
        "Handle": "18E01",
        "Layer": "BLD",
        "LyrFrzn": 0,
        "LyrOn": 1,
        "Color": 8,
        "Linetype": "Continuous",
        "Elevation": -63.99,
        "LineWt": 25,
        "RefName": "",
        "DocUpdate": 1783359710000,
        "DocId": 1.1061215596273316e+19,
        "t0": null,
        "t00": null,
        "Shape_Length": 34.35587777573541,
        "Shape_Area": 73.64461160923507
      }
    },
    {
      "type": "Feature",
      "id": 8,
      "geometry": {
        "type": "Polygon",
        "coordinates": [
          [
            [
              80.35721123011747,
              7.064063425696118
            ],
            [
              80.35728367005959,
              7.064122688681775
            ],
            [
              80.35719753007794,
              7.064227770483759
            ],
            [
              80.35712509013285,
              7.064168507484498
            ],
            [
              80.35721123011747,
              7.064063425696118
            ]
          ]
        ]
      },
      "properties": {
        "OBJECTID": 8,
        "Entity": "LWPolyline",
        "Handle": "18E02",
        "Layer": "BLD",
        "LyrFrzn": 0,
        "LyrOn": 1,
        "Color": 8,
        "Linetype": "Continuous",
        "Elevation": -63.99,
        "LineWt": 25,
        "RefName": "",
        "DocUpdate": 1783359710000,
        "DocId": 1.1061215596273316e+19,
        "t0": null,
        "t00": null,
        "Shape_Length": 50.712744090345694,
        "Shape_Area": 155.27318610261645
      }
    },
    {
      "type": "Feature",
      "id": 9,
      "geometry": {
        "type": "Polygon",
        "coordinates": [
          [
            [
              80.35870792550257,
              7.061519743486937
            ],
            [
              80.35875509388954,
              7.061322322185209
            ],
            [
              80.35890084935996,
              7.061357076792118
            ],
            [
              80.35885368102859,
              7.061554498113546
            ],
            [
              80.35870792550257,
              7.061519743486937
            ]
          ]
        ]
      },
      "properties": {
        "OBJECTID": 9,
        "Entity": "LWPolyline",
        "Handle": "18E05",
        "Layer": "BLD",
        "LyrFrzn": 0,
        "LyrOn": 1,
        "Color": 8,
        "Linetype": "Continuous",
        "Elevation": -63.99,
        "LineWt": 25,
        "RefName": "",
        "DocUpdate": 1783359710000,
        "DocId": 1.1061215596273316e+19,
        "t0": null,
        "t00": null,
        "Shape_Length": 77.9773280338693,
        "Shape_Area": 371.35940432705877
      }
    },
    {
      "type": "Feature",
      "id": 10,
      "geometry": {
        "type": "Polygon",
        "coordinates": [
          [
            [
              80.35561510733577,
              7.063547463382058
            ],
            [
              80.35564461834736,
              7.063559368078026
            ],
            [
              80.35563478684655,
              7.063583690188808
            ],
            [
              80.35560527583375,
              7.063571785492113
            ],
            [
              80.35561510733577,
              7.063547463382058
            ]
          ]
        ]
      },
      "properties": {
        "OBJECTID": 10,
        "Entity": "LWPolyline",
        "Handle": "18E07",
        "Layer": "BLD",
        "LyrFrzn": 0,
        "LyrOn": 1,
        "Color": 8,
        "Linetype": "Continuous",
        "Elevation": -63.99,
        "LineWt": 25,
        "RefName": "",
        "DocUpdate": 1783359710000,
        "DocId": 1.1061215596273316e+19,
        "t0": null,
        "t00": null,
        "Shape_Length": 12.82967683515449,
        "Shape_Area": 10.192945795409624
      }
    },
    {
      "type": "Feature",
      "id": 11,
      "geometry": {
        "type": "Polygon",
        "coordinates": [
          [
            [
              80.35498866048641,
              7.065511054943452
            ],
            [
              80.35498999167672,
              7.065656586992058
            ],
            [
              80.35485560946147,
              7.065657813049571
            ],
            [
              80.35485427831327,
              7.065512281004398
            ],
            [
              80.35498866048641,
              7.065511054943452
            ]
          ]
        ]
      },
      "properties": {
        "OBJECTID": 11,
        "Entity": "LWPolyline",
        "Handle": "18E08",
        "Layer": "BLD",
        "LyrFrzn": 0,
        "LyrOn": 1,
        "Color": 8,
        "Linetype": "Continuous",
        "Elevation": -63.99,
        "LineWt": 25,
        "RefName": "",
        "DocUpdate": 1783359710000,
        "DocId": 1.1061215596273316e+19,
        "t0": null,
        "t00": null,
        "Shape_Length": 61.863823264438565,
        "Shape_Area": 238.8066193048155
      }
    },
    {
      "type": "Feature",
      "id": 12,
      "geometry": {
        "type": "Polygon",
        "coordinates": [
          [
            [
              80.35511987001408,
              7.0657325768821355
            ],
            [
              80.35513827401223,
              7.065796077385107
            ],
            [
              80.3549831960658,
              7.065840932374474
            ],
            [
              80.35496479208815,
              7.065777431867243
            ],
            [
              80.35511987001408,
              7.0657325768821355
            ]
          ]
        ]
      },
      "properties": {
        "OBJECTID": 12,
        "Entity": "LWPolyline",
        "Handle": "18E09",
        "Layer": "BLD",
        "LyrFrzn": 0,
        "LyrOn": 1,
        "Color": 8,
        "Linetype": "Continuous",
        "Elevation": -63.99,
        "LineWt": 25,
        "RefName": "",
        "DocUpdate": 1783359710000,
        "DocId": 1.1061215596273316e+19,
        "t0": null,
        "t00": null,
        "Shape_Length": 50.27833653908467,
        "Shape_Area": 130.31595719171804
      }
    },
    {
      "type": "Feature",
      "id": 13,
      "geometry": {
        "type": "Polygon",
        "coordinates": [
          [
            [
              80.35499270154493,
              7.065345113094852
            ],
            [
              80.35493296589213,
              7.065319968422428
            ],
            [
              80.35499853941612,
              7.065164503933531
            ],
            [
              80.35505827505278,
              7.065189649500765
            ],
            [
              80.35499270154493,
              7.065345113094852
            ]
          ]
        ]
      },
      "properties": {
        "OBJECTID": 13,
        "Entity": "LWPolyline",
        "Handle": "18E0A",
        "Layer": "BLD",
        "LyrFrzn": 0,
        "LyrOn": 1,
        "Color": 8,
        "Linetype": "Continuous",
        "Elevation": -63.99,
        "LineWt": 25,
        "RefName": "",
        "DocUpdate": 1783359710000,
        "DocId": 1.1061215596273316e+19,
        "t0": null,
        "t00": null,
        "Shape_Length": 51.619476268884675,
        "Shape_Area": 133.52193129558103
      }
    },
    {
      "type": "Feature",
      "id": 14,
      "geometry": {
        "type": "Polygon",
        "coordinates": [
          [
            [
              80.35416915062335,
              7.0653194519902724
            ],
            [
              80.35421296780798,
              7.065237395117492
            ],
            [
              80.3542513331826,
              7.0652578401531905
            ],
            [
              80.35420751600216,
              7.065339897029944
            ],
            [
              80.35416915062335,
              7.0653194519902724
            ]
          ]
        ]
      },
      "properties": {
        "OBJECTID": 14,
        "Entity": "LWPolyline",
        "Handle": "18E0B",
        "Layer": "BLD",
        "LyrFrzn": 0,
        "LyrOn": 1,
        "Color": 8,
        "Linetype": "Continuous",
        "Elevation": -63.99,
        "LineWt": 25,
        "RefName": "",
        "DocUpdate": 1783359710000,
        "DocId": 1.1061215596273316e+19,
        "t0": null,
        "t00": null,
        "Shape_Length": 30.168178396773346,
        "Shape_Area": 49.37645200989354
      }
    },
    {
      "type": "Feature",
      "id": 15,
      "geometry": {
        "type": "Polygon",
        "coordinates": [
          [
            [
              80.35395648420172,
              7.065113365981953
            ],
            [
              80.35396319040251,
              7.064942165263692
            ],
            [
              80.35405456871051,
              7.064945737242425
            ],
            [
              80.35404786254304,
              7.065116937965022
            ],
            [
              80.35395648420172,
              7.065113365981953
            ]
          ]
        ]
      },
      "properties": {
        "OBJECTID": 15,
        "Entity": "LWPolyline",
        "Handle": "18E0C",
        "Layer": "BLD",
        "LyrFrzn": 0,
        "LyrOn": 1,
        "Color": 8,
        "Linetype": "Continuous",
        "Elevation": -63.99,
        "LineWt": 25,
        "RefName": "",
        "DocUpdate": 1783359710000,
        "DocId": 1.1061215596273316e+19,
        "t0": null,
        "t00": null,
        "Shape_Length": 58.082324413491456,
        "Shape_Area": 191.30383849658853
      }
    },
    {
      "type": "Feature",
      "id": 16,
      "geometry": {
        "type": "Polygon",
        "coordinates": [
          [
            [
              80.35343732943765,
              7.065000972162875
            ],
            [
              80.3534410214558,
              7.0648253042997196
            ],
            [
              80.35355845643721,
              7.064827767357518
            ],
            [
              80.35355476446324,
              7.06500343522561
            ],
            [
              80.35343732943765,
              7.065000972162875
            ]
          ]
        ]
      },
      "properties": {
        "OBJECTID": 16,
        "Entity": "LWPolyline",
        "Handle": "18E0D",
        "Layer": "BLD",
        "LyrFrzn": 0,
        "LyrOn": 1,
        "Color": 8,
        "Linetype": "Continuous",
        "Elevation": -63.99,
        "LineWt": 25,
        "RefName": "",
        "DocUpdate": 1783359710000,
        "DocId": 1.1061215596273316e+19,
        "t0": null,
        "t00": null,
        "Shape_Length": 64.79545120529117,
        "Shape_Area": 251.99498269196755
      }
    },
    {
      "type": "Feature",
      "id": 17,
      "geometry": {
        "type": "Polygon",
        "coordinates": [
          [
            [
              80.35358000894267,
              7.064812682410273
            ],
            [
              80.35365865035698,
              7.0647933818515884
            ],
            [
              80.35367643792593,
              7.064865713445871
            ],
            [
              80.35359779649959,
              7.064885014006455
            ],
            [
              80.35358000894267,
              7.064812682410273
            ]
          ]
        ]
      },
      "properties": {
        "OBJECTID": 17,
        "Entity": "LWPolyline",
        "Handle": "18E0E",
        "Layer": "BLD",
        "LyrFrzn": 0,
        "LyrOn": 1,
        "Color": 8,
        "Linetype": "Continuous",
        "Elevation": -63.99,
        "LineWt": 25,
        "RefName": "",
        "DocUpdate": 1783359710000,
        "DocId": 1.1061215596273316e+19,
        "t0": null,
        "t00": null,
        "Shape_Length": 34.35587777573541,
        "Shape_Area": 73.64461160923507
      }
    },
    {
      "type": "Feature",
      "id": 18,
      "geometry": {
        "type": "Polygon",
        "coordinates": [
          [
            [
              80.35721123011747,
              7.064063425696118
            ],
            [
              80.35728367005959,
              7.064122688681775
            ],
            [
              80.35719753007794,
              7.064227770483759
            ],
            [
              80.35712509013285,
              7.064168507484498
            ],
            [
              80.35721123011747,
              7.064063425696118
            ]
          ]
        ]
      },
      "properties": {
        "OBJECTID": 18,
        "Entity": "LWPolyline",
        "Handle": "18E0F",
        "Layer": "BLD",
        "LyrFrzn": 0,
        "LyrOn": 1,
        "Color": 8,
        "Linetype": "Continuous",
        "Elevation": -63.99,
        "LineWt": 25,
        "RefName": "",
        "DocUpdate": 1783359710000,
        "DocId": 1.1061215596273316e+19,
        "t0": null,
        "t00": null,
        "Shape_Length": 50.712744090345694,
        "Shape_Area": 155.27318610261645
      }
    },
    {
      "type": "Feature",
      "id": 19,
      "geometry": {
        "type": "Polygon",
        "coordinates": [
          [
            [
              80.35870792550257,
              7.061519743486937
            ],
            [
              80.35875509388954,
              7.061322322185209
            ],
            [
              80.35890084935996,
              7.061357076792118
            ],
            [
              80.35885368102859,
              7.061554498113546
            ],
            [
              80.35870792550257,
              7.061519743486937
            ]
          ]
        ]
      },
      "properties": {
        "OBJECTID": 19,
        "Entity": "LWPolyline",
        "Handle": "18E12",
        "Layer": "BLD",
        "LyrFrzn": 0,
        "LyrOn": 1,
        "Color": 8,
        "Linetype": "Continuous",
        "Elevation": -63.99,
        "LineWt": 25,
        "RefName": "",
        "DocUpdate": 1783359710000,
        "DocId": 1.1061215596273316e+19,
        "t0": null,
        "t00": null,
        "Shape_Length": 77.9773280338693,
        "Shape_Area": 371.35940432705877
      }
    },
    {
      "type": "Feature",
      "id": 20,
      "geometry": {
        "type": "Polygon",
        "coordinates": [
          [
            [
              80.35561510733577,
              7.063547463382058
            ],
            [
              80.35564461834736,
              7.063559368078026
            ],
            [
              80.35563478684655,
              7.063583690188808
            ],
            [
              80.35560527583375,
              7.063571785492113
            ],
            [
              80.35561510733577,
              7.063547463382058
            ]
          ]
        ]
      },
      "properties": {
        "OBJECTID": 20,
        "Entity": "LWPolyline",
        "Handle": "18E14",
        "Layer": "BLD",
        "LyrFrzn": 0,
        "LyrOn": 1,
        "Color": 8,
        "Linetype": "Continuous",
        "Elevation": -63.99,
        "LineWt": 25,
        "RefName": "",
        "DocUpdate": 1783359710000,
        "DocId": 1.1061215596273316e+19,
        "t0": null,
        "t00": null,
        "Shape_Length": 12.82967683515449,
        "Shape_Area": 10.192945795409624
      }
    },
    {
      "type": "Feature",
      "id": 21,
      "geometry": {
        "type": "Polygon",
        "coordinates": [
          [
            [
              80.35716524377067,
              7.063004354065034
            ],
            [
              80.35718455523543,
              7.063032450317232
            ],
            [
              80.35713146668752,
              7.063068866227044
            ],
            [
              80.35711215522359,
              7.063040770877379
            ],
            [
              80.35716524377067,
              7.063004354065034
            ]
          ]
        ]
      },
      "properties": {
        "OBJECTID": 21,
        "Entity": "LWPolyline",
        "Handle": "18E1A",
        "Layer": "BLD",
        "LyrFrzn": 0,
        "LyrOn": 1,
        "Color": 8,
        "Linetype": "Continuous",
        "Elevation": 66.68700000000001,
        "LineWt": 25,
        "RefName": "",
        "DocUpdate": 1783359710000,
        "DocId": 1.1061215596273316e+19,
        "t0": null,
        "t00": null,
        "Shape_Length": 21.760507810248143,
        "Shape_Area": 26.798490007442346
      }
    },
    {
      "type": "Feature",
      "id": 22,
      "geometry": {
        "type": "Polygon",
        "coordinates": [
          [
            [
              80.36149176610655,
              7.063755367725856
            ],
            [
              80.36137867625807,
              7.06376819753874
            ],
            [
              80.36136701899214,
              7.063665647542853
            ],
            [
              80.36148010881554,
              7.063652817730534
            ],
            [
              80.36149176610655,
              7.063755367725856
            ]
          ]
        ]
      },
      "properties": {
        "OBJECTID": 22,
        "Entity": "LWPolyline",
        "Handle": "18E1B",
        "Layer": "BLD",
        "LyrFrzn": 0,
        "LyrOn": 1,
        "Color": 8,
        "Linetype": "Continuous",
        "Elevation": 66.68700000000001,
        "LineWt": 25,
        "RefName": "",
        "DocUpdate": 1783359710000,
        "DocId": 1.1061215596273316e+19,
        "t0": null,
        "t00": null,
        "Shape_Length": 47.960756229112874,
        "Shape_Area": 143.42818050399728
      }
    },
    {
      "type": "Feature",
      "id": 23,
      "geometry": {
        "type": "Polygon",
        "coordinates": [
          [
            [
              80.36028067328324,
              7.064930060893846
            ],
            [
              80.36038993078878,
              7.064991575599207
            ],
            [
              80.36035753637285,
              7.065048995614406
            ],
            [
              80.36024827885947,
              7.064987480900776
            ],
            [
              80.36028067328324,
              7.064930060893846
            ]
          ]
        ]
      },
      "properties": {
        "OBJECTID": 23,
        "Entity": "LWPolyline",
        "Handle": "18E1C",
        "Layer": "BLD",
        "LyrFrzn": 0,
        "LyrOn": 1,
        "Color": 8,
        "Linetype": "Continuous",
        "Elevation": 66.68700000000001,
        "LineWt": 25,
        "RefName": "",
        "DocUpdate": 1783359710000,
        "DocId": 1.1061215596273316e+19,
        "t0": null,
        "t00": null,
        "Shape_Length": 42.27581033382327,
        "Shape_Area": 100.93007330596596
      }
    },
    {
      "type": "Feature",
      "id": 24,
      "geometry": {
        "type": "Polygon",
        "coordinates": [
          [
            [
              80.35958295709432,
              7.064788356919191
            ],
            [
              80.3596092867508,
              7.064746167400078
            ],
            [
              80.35963503828127,
              7.0647622058651685
            ],
            [
              80.35960870862594,
              7.064804395385833
            ],
            [
              80.35958295709432,
              7.064788356919191
            ]
          ]
        ]
      },
      "properties": {
        "OBJECTID": 24,
        "Entity": "LWPolyline",
        "Handle": "18E1D",
        "Layer": "BLD",
        "LyrFrzn": 0,
        "LyrOn": 1,
        "Color": 8,
        "Linetype": "Continuous",
        "Elevation": 66.68700000000001,
        "LineWt": 25,
        "RefName": "",
        "DocUpdate": 1783359710000,
        "DocId": 1.1061215596273316e+19,
        "t0": null,
        "t00": null,
        "Shape_Length": 17.695892695796665,
        "Shape_Area": 18.421365099910513
      }
    },
    {
      "type": "Feature",
      "id": 25,
      "geometry": {
        "type": "Polygon",
        "coordinates": [
          [
            [
              80.3590850556987,
              7.063193604241295
            ],
            [
              80.35894455518809,
              7.063207914523219
            ],
            [
              80.35893723922642,
              7.063136225200477
            ],
            [
              80.3590777397152,
              7.063121914918783
            ],
            [
              80.3590850556987,
              7.063193604241295
            ]
          ]
        ]
      },
      "properties": {
        "OBJECTID": 25,
        "Entity": "LWPolyline",
        "Handle": "18E1E",
        "Layer": "BLD",
        "LyrFrzn": 0,
        "LyrOn": 1,
        "Color": 8,
        "Linetype": "Continuous",
        "Elevation": 66.68700000000001,
        "LineWt": 25,
        "RefName": "",
        "DocUpdate": 1783359710000,
        "DocId": 1.1061215596273316e+19,
        "t0": null,
        "t00": null,
        "Shape_Length": 47.12866208827544,
        "Shape_Area": 124.26088270187988
      }
    },
    {
      "type": "Feature",
      "id": 26,
      "geometry": {
        "type": "Polygon",
        "coordinates": [
          [
            [
              80.35866661032443,
              7.063057574372419
            ],
            [
              80.35861459062033,
              7.063007675422832
            ],
            [
              80.35873310943458,
              7.0628843652363695
            ],
            [
              80.35878512913999,
              7.0629342641729185
            ],
            [
              80.35866661032443,
              7.063057574372419
            ]
          ]
        ]
      },
      "properties": {
        "OBJECTID": 26,
        "Entity": "LWPolyline",
        "Handle": "18E1F",
        "Layer": "BLD",
        "LyrFrzn": 0,
        "LyrOn": 1,
        "Color": 8,
        "Linetype": "Continuous",
        "Elevation": 66.68700000000001,
        "LineWt": 25,
        "RefName": "",
        "DocUpdate": 1783359710000,
        "DocId": 1.1061215596273316e+19,
        "t0": null,
        "t00": null,
        "Shape_Length": 53.728140656349055,
        "Shape_Area": 150.5298299931592
      }
    },
    {
      "type": "Feature",
      "id": 27,
      "geometry": {
        "type": "Polygon",
        "coordinates": [
          [
            [
              80.35891002688656,
              7.062981131768058
            ],
            [
              80.35894725713366,
              7.063030990460623
            ],
            [
              80.35887828738471,
              7.063082387432878
            ],
            [
              80.35884105714189,
              7.063032528735211
            ],
            [
              80.35891002688656,
              7.062981131768058
            ]
          ]
        ]
      },
      "properties": {
        "OBJECTID": 27,
        "Entity": "LWPolyline",
        "Handle": "18E20",
        "Layer": "BLD",
        "LyrFrzn": 0,
        "LyrOn": 1,
        "Color": 8,
        "Linetype": "Continuous",
        "Elevation": 95.898,
        "LineWt": 25,
        "RefName": "",
        "DocUpdate": 1783359710000,
        "DocId": 1.1061215596273316e+19,
        "t0": null,
        "t00": null,
        "Shape_Length": 32.759704129141056,
        "Shape_Area": 65.35049660324148
      }
    },
    {
      "type": "Feature",
      "id": 28,
      "geometry": {
        "type": "Polygon",
        "coordinates": [
          [
            [
              80.35898543545703,
              7.062946012672265
            ],
            [
              80.35901119451151,
              7.063001213177805
            ],
            [
              80.35894725713366,
              7.063030990460623
            ],
            [
              80.35891002688656,
              7.062981131768058
            ],
            [
              80.35898543545703,
              7.062946012672265
            ]
          ]
        ]
      },
      "properties": {
        "OBJECTID": 28,
        "Entity": "LWPolyline",
        "Handle": "18E21",
        "Layer": "BLD",
        "LyrFrzn": 0,
        "LyrOn": 1,
        "Color": 8,
        "Linetype": "Continuous",
        "Elevation": 95.898,
        "LineWt": 25,
        "RefName": "",
        "DocUpdate": 1783359710000,
        "DocId": 1.1061215596273316e+19,
        "t0": null,
        "t00": null,
        "Shape_Length": 30.58989765907507,
        "Shape_Area": 57.16468371766246
      }
    },
    {
      "type": "Feature",
      "id": 29,
      "geometry": {
        "type": "Polygon",
        "coordinates": [
          [
            [
              80.35848456618595,
              7.063343230596331
            ],
            [
              80.35852704764669,
              7.063392029187561
            ],
            [
              80.35844763367183,
              7.063461023088492
            ],
            [
              80.35840515221444,
              7.063412224490337
            ],
            [
              80.35848456618595,
              7.063343230596331
            ]
          ]
        ]
      },
      "properties": {
        "OBJECTID": 29,
        "Entity": "LWPolyline",
        "Handle": "18E22",
        "Layer": "BLD",
        "LyrFrzn": 0,
        "LyrOn": 1,
        "Color": 8,
        "Linetype": "Continuous",
        "Elevation": 94.37,
        "LineWt": 25,
        "RefName": "",
        "DocUpdate": 1783359710000,
        "DocId": 1.1061215596273316e+19,
        "t0": null,
        "t00": null,
        "Shape_Length": 37.54617783104926,
        "Shape_Area": 83.10347000678007
      }
    },
    {
      "type": "Feature",
      "id": 30,
      "geometry": {
        "type": "Polygon",
        "coordinates": [
          [
            [
              80.35550351731209,
              7.064124956270738
            ],
            [
              80.3554238509345,
              7.064013619637115
            ],
            [
              80.35551039399292,
              7.063951819090475
            ],
            [
              80.3555900603833,
              7.064063155710521
            ],
            [
              80.35550351731209,
              7.064124956270738
            ]
          ]
        ]
      },
      "properties": {
        "OBJECTID": 30,
        "Entity": "LWPolyline",
        "Handle": "18E24",
        "Layer": "BLD",
        "LyrFrzn": 0,
        "LyrOn": 1,
        "Color": 8,
        "Linetype": "Continuous",
        "Elevation": 66.351,
        "LineWt": 25,
        "RefName": "",
        "DocUpdate": 1783359710000,
        "DocId": 1.1061215596273316e+19,
        "t0": null,
        "t00": null,
        "Shape_Length": 53.757918384445055,
        "Shape_Area": 177.76154970629182
      }
    },
    {
      "type": "Feature",
      "id": 31,
      "geometry": {
        "type": "Polygon",
        "coordinates": [
          [
            [
              80.3555492802353,
              7.063999532941897
            ],
            [
              80.3555273317918,
              7.06395340825326
            ],
            [
              80.35556527775161,
              7.063935387114614
            ],
            [
              80.35558722619834,
              7.063981511801746
            ],
            [
              80.3555492802353,
              7.063999532941897
            ]
          ]
        ]
      },
      "properties": {
        "OBJECTID": 31,
        "Entity": "LWPolyline",
        "Handle": "18E25",
        "Layer": "BLD",
        "LyrFrzn": 0,
        "LyrOn": 1,
        "Color": 8,
        "Linetype": "Continuous",
        "Elevation": 65.101,
        "LineWt": 25,
        "RefName": "",
        "DocUpdate": 1783359710000,
        "DocId": 1.1061215596273316e+19,
        "t0": null,
        "t00": null,
        "Shape_Length": 20.572843133398916,
        "Shape_Area": 26.199719700304577
      }
    },
    {
      "type": "Feature",
      "id": 32,
      "geometry": {
        "type": "Polygon",
        "coordinates": [
          [
            [
              80.35377068154669,
              7.0646015924000904
            ],
            [
              80.35384848926392,
              7.064539714960448
            ],
            [
              80.35391285132434,
              7.064620484389071
            ],
            [
              80.3538350436002,
              7.064682361838808
            ],
            [
              80.35377068154669,
              7.0646015924000904
            ]
          ]
        ]
      },
      "properties": {
        "OBJECTID": 32,
        "Entity": "LWPolyline",
        "Handle": "18E26",
        "Layer": "BLD",
        "LyrFrzn": 0,
        "LyrOn": 1,
        "Color": 8,
        "Linetype": "Continuous",
        "Elevation": 55.577999999999996,
        "LineWt": 25,
        "RefName": "",
        "DocUpdate": 1783359710000,
        "DocId": 1.1061215596273316e+19,
        "t0": null,
        "t00": null,
        "Shape_Length": 44.79381289583817,
        "Shape_Area": 125.35922498673835
      }
    },
    {
      "type": "Feature",
      "id": 33,
      "geometry": {
        "type": "Polygon",
        "coordinates": [
          [
            [
              80.35745273685501,
              7.064157532014101
            ],
            [
              80.35736596878692,
              7.064202749727391
            ],
            [
              80.35733904858836,
              7.0641511973575435
            ],
            [
              80.35742581664853,
              7.064105979648531
            ],
            [
              80.35745273685501,
              7.064157532014101
            ]
          ]
        ]
      },
      "properties": {
        "OBJECTID": 33,
        "Entity": "LWPolyline",
        "Handle": "18E27",
        "Layer": "BLD",
        "LyrFrzn": 0,
        "LyrOn": 1,
        "Color": 8,
        "Linetype": "Continuous",
        "Elevation": 93.16299999999998,
        "LineWt": 25,
        "RefName": "",
        "DocUpdate": 1783359710000,
        "DocId": 1.1061215596273316e+19,
        "t0": null,
        "t00": null,
        "Shape_Length": 34.4732241415571,
        "Shape_Area": 69.47860339896911
      }
    },
    {
      "type": "Feature",
      "id": 34,
      "geometry": {
        "type": "Polygon",
        "coordinates": [
          [
            [
              80.3291794133247,
              7.056674610212892
            ],
            [
              80.32918919521859,
              7.056796847579983
            ],
            [
              80.3290612815647,
              7.0568070631752615
            ],
            [
              80.32905149970466,
              7.056684825808707
            ],
            [
              80.3291794133247,
              7.056674610212892
            ]
          ]
        ]
      },
      "properties": {
        "OBJECTID": 34,
        "Entity": "LWPolyline",
        "Handle": "1EF0D",
        "Layer": "BLD",
        "LyrFrzn": 0,
        "LyrOn": 1,
        "Color": 8,
        "Linetype": "Continuous",
        "Elevation": -4.405000000000001,
        "LineWt": 25,
        "RefName": "",
        "DocUpdate": 1783359710000,
        "DocId": 1.1061215596273316e+19,
        "t0": null,
        "t00": null,
        "Shape_Length": 55.45898743634564,
        "Shape_Area": 192.13648740155983
      }
    },
    {
      "type": "Feature",
      "id": 35,
      "geometry": {
        "type": "Polygon",
        "coordinates": [
          [
            [
              80.32273802440429,
              7.051383951402071
            ],
            [
              80.3227813531876,
              7.051309087242889
            ],
            [
              80.32293280639433,
              7.05139657156905
            ],
            [
              80.32288947762453,
              7.051471435743547
            ],
            [
              80.32273802440429,
              7.051383951402071
            ]
          ]
        ]
      },
      "properties": {
        "OBJECTID": 35,
        "Entity": "LWPolyline",
        "Handle": "1EF0E",
        "Layer": "BLD",
        "LyrFrzn": 0,
        "LyrOn": 1,
        "Color": 8,
        "Linetype": "Continuous",
        "Elevation": -2.6769999999999996,
        "LineWt": 25,
        "RefName": "",
        "DocUpdate": 1783359710000,
        "DocId": 1.1061215596273316e+19,
        "t0": null,
        "t00": null,
        "Shape_Length": 57.7655906588773,
        "Shape_Area": 184.73055651445682
      }
    },
    {
      "type": "Feature",
      "id": 36,
      "geometry": {
        "type": "Polygon",
        "coordinates": [
          [
            [
              80.32276768396416,
              7.051422645084361
            ],
            [
              80.32284160210108,
              7.0514887650373765
            ],
            [
              80.32283432343321,
              7.051496886236353
            ],
            [
              80.32276040529625,
              7.051430766282183
            ],
            [
              80.32276768396416,
              7.051422645084361
            ]
          ]
        ]
      },
      "properties": {
        "OBJECTID": 36,
        "Entity": "LWPolyline",
        "Handle": "1EF0F",
        "Layer": "BLD",
        "LyrFrzn": 0,
        "LyrOn": 1,
        "Color": 8,
        "Linetype": "Continuous",
        "Elevation": -2.689,
        "LineWt": 25,
        "RefName": "",
        "DocUpdate": 1783359710000,
        "DocId": 1.1061215596273316e+19,
        "t0": null,
        "t00": null,
        "Shape_Length": 24.32693464648119,
        "Shape_Area": 13.206340202037874
      }
    },
    {
      "type": "Feature",
      "id": 37,
      "geometry": {
        "type": "Polygon",
        "coordinates": [
          [
            [
              80.32507000655141,
              7.054422794761617
            ],
            [
              80.32506881434601,
              7.054427008162568
            ],
            [
              80.32502726338008,
              7.054415279628729
            ],
            [
              80.32502845558582,
              7.054411066227913
            ],
            [
              80.32507000655141,
              7.054422794761617
            ]
          ]
        ]
      },
      "properties": {
        "OBJECTID": 37,
        "Entity": "LWPolyline",
        "Handle": "1EF1E",
        "Layer": "BLD",
        "LyrFrzn": 0,
        "LyrOn": 1,
        "Color": 8,
        "Linetype": "Continuous",
        "Elevation": -14.781000000000006,
        "LineWt": 25,
        "RefName": "",
        "DocUpdate": 1783359710000,
        "DocId": 1.1061215596273316e+19,
        "t0": null,
        "t00": null,
        "Shape_Length": 10.505710834039714,
        "Shape_Area": 2.308396000025511
      }
    },
    {
      "type": "Feature",
      "id": 38,
      "geometry": {
        "type": "Polygon",
        "coordinates": [
          [
            [
              80.32504670928013,
              7.054467074163293
            ],
            [
              80.32501105618564,
              7.054455379479404
            ],
            [
              80.32501212567401,
              7.0544521265153834
            ],
            [
              80.3250477787683,
              7.054463821199173
            ],
            [
              80.32504670928013,
              7.054467074163293
            ]
          ]
        ]
      },
      "properties": {
        "OBJECTID": 38,
        "Entity": "LWPolyline",
        "Handle": "1EF1F",
        "Layer": "BLD",
        "LyrFrzn": 0,
        "LyrOn": 1,
        "Color": 8,
        "Linetype": "Continuous",
        "Elevation": -14.796000000000006,
        "LineWt": 25,
        "RefName": "",
        "DocUpdate": 1783359710000,
        "DocId": 1.1061215596273316e+19,
        "t0": null,
        "t00": null,
        "Shape_Length": 9.046171216078754,
        "Shape_Area": 1.5688427996597558
      }
    },
    {
      "type": "Feature",
      "id": 39,
      "geometry": {
        "type": "Polygon",
        "coordinates": [
          [
            [
              80.32796440862832,
              7.055521147274656
            ],
            [
              80.32792725796605,
              7.055557039962921
            ],
            [
              80.3278837754189,
              7.055512121551905
            ],
            [
              80.32792092608028,
              7.055476228867009
            ],
            [
              80.32796440862832,
              7.055521147274656
            ]
          ]
        ]
      },
      "properties": {
        "OBJECTID": 39,
        "Entity": "LWPolyline",
        "Handle": "1EF24",
        "Layer": "BLD",
        "LyrFrzn": 0,
        "LyrOn": 1,
        "Color": 8,
        "Linetype": "Continuous",
        "Elevation": -16.415,
        "LineWt": 25,
        "RefName": "",
        "DocUpdate": 1783359710000,
        "DocId": 1.1061215596273316e+19,
        "t0": null,
        "t00": null,
        "Shape_Length": 25.232519484593006,
        "Shape_Area": 39.4323569912731
      }
    },
    {
      "type": "Feature",
      "id": 40,
      "geometry": {
        "type": "Polygon",
        "coordinates": [
          [
            [
              80.32812060395398,
              7.055671569870712
            ],
            [
              80.32807029876355,
              7.055650044653327
            ],
            [
              80.3280958761347,
              7.055590388578627
            ],
            [
              80.32814618132038,
              7.055611913792811
            ],
            [
              80.32812060395398,
              7.055671569870712
            ]
          ]
        ]
      },
      "properties": {
        "OBJECTID": 40,
        "Entity": "LWPolyline",
        "Handle": "1EF25",
        "Layer": "BLD",
        "LyrFrzn": 0,
        "LyrOn": 1,
        "Color": 8,
        "Linetype": "Continuous",
        "Elevation": -13.823999999999998,
        "LineWt": 25,
        "RefName": "",
        "DocUpdate": 1783359710000,
        "DocId": 1.1061215596273316e+19,
        "t0": null,
        "t00": null,
        "Shape_Length": 26.4378510570594,
        "Shape_Area": 43.36543260600375
      }
    },
    {
      "type": "Feature",
      "id": 41,
      "geometry": {
        "type": "Polygon",
        "coordinates": [
          [
            [
              80.32836079102793,
              7.055548871743903
            ],
            [
              80.32839409392218,
              7.055611384932769
            ],
            [
              80.32827770272084,
              7.055673328198504
            ],
            [
              80.32824439983936,
              7.055610815002557
            ],
            [
              80.32836079102793,
              7.055548871743903
            ]
          ]
        ]
      },
      "properties": {
        "OBJECTID": 41,
        "Entity": "LWPolyline",
        "Handle": "1EF26",
        "Layer": "BLD",
        "LyrFrzn": 0,
        "LyrOn": 1,
        "Color": 8,
        "Linetype": "Continuous",
        "Elevation": -13.323,
        "LineWt": 25,
        "RefName": "",
        "DocUpdate": 1783359710000,
        "DocId": 1.1061215596273316e+19,
        "t0": null,
        "t00": null,
        "Shape_Length": 44.788204296697884,
        "Shape_Area": 114.02970845312157
      }
    },
    {
      "type": "Feature",
      "id": 42,
      "geometry": {
        "type": "Polygon",
        "coordinates": [
          [
            [
              80.32825031415953,
              7.055634625409061
            ],
            [
              80.32823651519664,
              7.055704531429357
            ],
            [
              80.32814125435347,
              7.055685764583204
            ],
            [
              80.32815505332957,
              7.055615858566966
            ],
            [
              80.32825031415953,
              7.055634625409061
            ]
          ]
        ]
      },
      "properties": {
        "OBJECTID": 42,
        "Entity": "LWPolyline",
        "Handle": "1EF27",
        "Layer": "BLD",
        "LyrFrzn": 0,
        "LyrOn": 1,
        "Color": 8,
        "Linetype": "Continuous",
        "Elevation": -14.243000000000002,
        "LineWt": 25,
        "RefName": "",
        "DocUpdate": 1783359710000,
        "DocId": 1.1061215596273316e+19,
        "t0": null,
        "t00": null,
        "Shape_Length": 37.20197996409789,
        "Shape_Area": 84.47357629226076
      }
    },
    {
      "type": "Feature",
      "id": 43,
      "geometry": {
        "type": "Polygon",
        "coordinates": [
          [
            [
              80.32800956195402,
              7.05528900040797
            ],
            [
              80.32808014317209,
              7.055262185778737
            ],
            [
              80.32813158380242,
              7.055397322044117
            ],
            [
              80.32806100256536,
              7.055424136679317
            ],
            [
              80.32800956195402,
              7.05528900040797
            ]
          ]
        ]
      },
      "properties": {
        "OBJECTID": 43,
        "Entity": "LWPolyline",
        "Handle": "1EF28",
        "Layer": "BLD",
        "LyrFrzn": 0,
        "LyrOn": 1,
        "Color": 8,
        "Linetype": "Continuous",
        "Elevation": -11.951000000000008,
        "LineWt": 25,
        "RefName": "",
        "DocUpdate": 1783359710000,
        "DocId": 1.1061215596273316e+19,
        "t0": null,
        "t00": null,
        "Shape_Length": 48.64745575385771,
        "Shape_Area": 133.3044874061382
      }
    },
    {
      "type": "Feature",
      "id": 44,
      "geometry": {
        "type": "Polygon",
        "coordinates": [
          [
            [
              80.3279567872886,
              7.055205616909738
            ],
            [
              80.32799453228581,
              7.0551958109147686
            ],
            [
              80.32801028812246,
              7.0552563387459095
            ],
            [
              80.32797254312045,
              7.055266144741696
            ],
            [
              80.3279567872886,
              7.055205616909738
            ]
          ]
        ]
      },
      "properties": {
        "OBJECTID": 44,
        "Entity": "LWPolyline",
        "Handle": "1EF29",
        "Layer": "BLD",
        "LyrFrzn": 0,
        "LyrOn": 1,
        "Color": 8,
        "Linetype": "Continuous",
        "Elevation": -14.170000000000002,
        "LineWt": 25,
        "RefName": "",
        "DocUpdate": 1783359710000,
        "DocId": 1.1061215596273316e+19,
        "t0": null,
        "t00": null,
        "Shape_Length": 22.4431977830355,
        "Shape_Area": 29.782274496417504
      }
    },
    {
      "type": "Feature",
      "id": 45,
      "geometry": {
        "type": "Polygon",
        "coordinates": [
          [
            [
              80.32823223203249,
              7.055283450402956
            ],
            [
              80.32828523582283,
              7.055383170081915
            ],
            [
              80.32820231786913,
              7.055427155843063
            ],
            [
              80.3281493140933,
              7.055327436156081
            ],
            [
              80.32823223203249,
              7.055283450402956
            ]
          ]
        ]
      },
      "properties": {
        "OBJECTID": 45,
        "Entity": "LWPolyline",
        "Handle": "1EF2A",
        "Layer": "BLD",
        "LyrFrzn": 0,
        "LyrOn": 1,
        "Color": 8,
        "Linetype": "Continuous",
        "Elevation": -8.311000000000007,
        "LineWt": 25,
        "RefName": "",
        "DocUpdate": 1783359710000,
        "DocId": 1.1061215596273316e+19,
        "t0": null,
        "t00": null,
        "Shape_Length": 45.7024385548751,
        "Shape_Area": 129.42794680967017
      }
    },
    {
      "type": "Feature",
      "id": 46,
      "geometry": {
        "type": "Polygon",
        "coordinates": [
          [
            [
              80.32912024111496,
              7.057179363531527
            ],
            [
              80.32914534425109,
              7.057043461761823
            ],
            [
              80.32925658373335,
              7.057063969101116
            ],
            [
              80.32923148062744,
              7.057199870879644
            ],
            [
              80.32912024111496,
              7.057179363531527
            ]
          ]
        ]
      },
      "properties": {
        "OBJECTID": 46,
        "Entity": "LWPolyline",
        "Handle": "1EF2B",
        "Layer": "BLD",
        "LyrFrzn": 0,
        "LyrOn": 1,
        "Color": 8,
        "Linetype": "Continuous",
        "Elevation": -12.955000000000005,
        "LineWt": 25,
        "RefName": "",
        "DocUpdate": 1783359710000,
        "DocId": 1.1061215596273316e+19,
        "t0": null,
        "t00": null,
        "Shape_Length": 55.54296606769446,
        "Shape_Area": 190.8748888936901
      }
    },
    {
      "type": "Feature",
      "id": 47,
      "geometry": {
        "type": "Polygon",
        "coordinates": [
          [
            [
              80.3292853066687,
              7.056873388933054
            ],
            [
              80.32942125774056,
              7.05688462136918
            ],
            [
              80.32941660534206,
              7.0569408206047335
            ],
            [
              80.32928065425416,
              7.056929588165741
            ],
            [
              80.3292853066687,
              7.056873388933054
            ]
          ]
        ]
      },
      "properties": {
        "OBJECTID": 47,
        "Entity": "LWPolyline",
        "Handle": "1EF2C",
        "Layer": "BLD",
        "LyrFrzn": 0,
        "LyrOn": 1,
        "Color": 8,
        "Linetype": "Continuous",
        "Elevation": -3.658999999999999,
        "LineWt": 25,
        "RefName": "",
        "DocUpdate": 1783359710000,
        "DocId": 1.1061215596273316e+19,
        "t0": null,
        "t00": null,
        "Shape_Length": 42.601342350184225,
        "Shape_Area": 93.92809220164999
      }
    },
    {
      "type": "Feature",
      "id": 48,
      "geometry": {
        "type": "Polygon",
        "coordinates": [
          [
            [
              80.32965327645164,
              7.056977739878105
            ],
            [
              80.32952186504163,
              7.056989237724517
            ],
            [
              80.32951314316676,
              7.056889753617591
            ],
            [
              80.32964455454848,
              7.05687825577096
            ],
            [
              80.32965327645164,
              7.056977739878105
            ]
          ]
        ]
      },
      "properties": {
        "OBJECTID": 48,
        "Entity": "LWPolyline",
        "Handle": "1EF2D",
        "Layer": "BLD",
        "LyrFrzn": 0,
        "LyrOn": 1,
        "Color": 8,
        "Linetype": "Continuous",
        "Elevation": -6.580000000000005,
        "LineWt": 25,
        "RefName": "",
        "DocUpdate": 1783359710000,
        "DocId": 1.1061215596273316e+19,
        "t0": null,
        "t00": null,
        "Shape_Length": 51.219600716225315,
        "Shape_Area": 160.85236148974852
      }
    },
    {
      "type": "Feature",
      "id": 49,
      "geometry": {
        "type": "Polygon",
        "coordinates": [
          [
            [
              80.33101291346821,
              7.060419461250089
            ],
            [
              80.33103104584829,
              7.060380293793387
            ],
            [
              80.33108422841539,
              7.060404864820218
            ],
            [
              80.33106609603846,
              7.060444032279277
            ],
            [
              80.33101291346821,
              7.060419461250089
            ]
          ]
        ]
      },
      "properties": {
        "OBJECTID": 49,
        "Entity": "LWPolyline",
        "Handle": "1EF2E",
        "Layer": "BLD",
        "LyrFrzn": 0,
        "LyrOn": 1,
        "Color": 8,
        "Linetype": "Continuous",
        "Elevation": -12.612000000000002,
        "LineWt": 25,
        "RefName": "",
        "DocUpdate": 1783359710000,
        "DocId": 1.1061215596273316e+19,
        "t0": null,
        "t00": null,
        "Shape_Length": 22.484459676437986,
        "Shape_Area": 30.87389200364788
      }
    },
    {
      "type": "Feature",
      "id": 50,
      "geometry": {
        "type": "Polygon",
        "coordinates": [
          [
            [
              80.3309686976789,
              7.060384003439292
            ],
            [
              80.33091161881882,
              7.0603532805048905
            ],
            [
              80.3309324803899,
              7.060314600891766
            ],
            [
              80.33098955924707,
              7.060345323823348
            ],
            [
              80.3309686976789,
              7.060384003439292
            ]
          ]
        ]
      },
      "properties": {
        "OBJECTID": 50,
        "Entity": "LWPolyline",
        "Handle": "1EF2F",
        "Layer": "BLD",
        "LyrFrzn": 0,
        "LyrOn": 1,
        "Color": 8,
        "Linetype": "Continuous",
        "Elevation": -12.563000000000002,
        "LineWt": 25,
        "RefName": "",
        "DocUpdate": 1783359710000,
        "DocId": 1.1061215596273316e+19,
        "t0": null,
        "t00": null,
        "Shape_Length": 24.036471267150493,
        "Shape_Area": 34.78307380437226
      }
    },
    {
      "type": "Feature",
      "id": 51,
      "geometry": {
        "type": "Polygon",
        "coordinates": [
          [
            [
              80.33071903460608,
              7.059985976110998
            ],
            [
              80.3307396208097,
              7.059899492399655
            ],
            [
              80.33089515845282,
              7.059936443154755
            ],
            [
              80.33087457227516,
              7.060022926875392
            ],
            [
              80.33071903460608,
              7.059985976110998
            ]
          ]
        ]
      },
      "properties": {
        "OBJECTID": 51,
        "Entity": "LWPolyline",
        "Handle": "1EF30",
        "Layer": "BLD",
        "LyrFrzn": 0,
        "LyrOn": 1,
        "Color": 8,
        "Linetype": "Continuous",
        "Elevation": -12.090000000000003,
        "LineWt": 25,
        "RefName": "",
        "DocUpdate": 1783359710000,
        "DocId": 1.1061215596273316e+19,
        "t0": null,
        "t00": null,
        "Shape_Length": 54.97011712847133,
        "Shape_Area": 173.5317039777656
      }
    },
    {
      "type": "Feature",
      "id": 52,
      "geometry": {
        "type": "Polygon",
        "coordinates": [
          [
            [
              80.33172931814822,
              7.060919935398528
            ],
            [
              80.3317893651544,
              7.060867379332439
            ],
            [
              80.3318772343281,
              7.060967571966212
            ],
            [
              80.33181718731679,
              7.061020128043088
            ],
            [
              80.33172931814822,
              7.060919935398528
            ]
          ]
        ]
      },
      "properties": {
        "OBJECTID": 52,
        "Entity": "LWPolyline",
        "Handle": "1EF31",
        "Layer": "BLD",
        "LyrFrzn": 0,
        "LyrOn": 1,
        "Color": 8,
        "Linetype": "Continuous",
        "Elevation": -12.844999999999999,
        "LineWt": 25,
        "RefName": "",
        "DocUpdate": 1783359710000,
        "DocId": 1.1061215596273316e+19,
        "t0": null,
        "t00": null,
        "Shape_Length": 47.08741368022186,
        "Shape_Area": 129.845821696179
      }
    },
    {
      "type": "Feature",
      "id": 53,
      "geometry": {
        "type": "Polygon",
        "coordinates": [
          [
            [
              80.32631812476284,
              7.055166721382166
            ],
            [
              80.32640110865715,
              7.055314582144072
            ],
            [
              80.32627111298498,
              7.055387395845682
            ],
            [
              80.32618812912332,
              7.05523953506381
            ],
            [
              80.32631812476284,
              7.055166721382166
            ]
          ]
        ]
      },
      "properties": {
        "OBJECTID": 53,
        "Entity": "LWPolyline",
        "Handle": "1EF3D",
        "Layer": "BLD",
        "LyrFrzn": 0,
        "LyrOn": 1,
        "Color": 8,
        "Linetype": "Continuous",
        "Elevation": -17.441000000000003,
        "LineWt": 25,
        "RefName": "",
        "DocUpdate": 1783359710000,
        "DocId": 1.1061215596273316e+19,
        "t0": null,
        "t00": null,
        "Shape_Length": 70.4017102355708,
        "Shape_Area": 308.4748190061932
      }
    },
    {
      "type": "Feature",
      "id": 54,
      "geometry": {
        "type": "Polygon",
        "coordinates": [
          [
            [
              80.33132893882102,
              7.057248203670596
            ],
            [
              80.33132649483728,
              7.057333523061248
            ],
            [
              80.33126902415921,
              7.0573318804084355
            ],
            [
              80.33127146724797,
              7.057246561017769
            ],
            [
              80.33132893882102,
              7.057248203670596
            ]
          ]
        ]
      },
      "properties": {
        "OBJECTID": 54,
        "Entity": "LWPolyline",
        "Handle": "1EF3E",
        "Layer": "BLD",
        "LyrFrzn": 0,
        "LyrOn": 1,
        "Color": 8,
        "Linetype": "Continuous",
        "Elevation": -63.99,
        "LineWt": 25,
        "RefName": "",
        "DocUpdate": 1783359710000,
        "DocId": 1.1061215596273316e+19,
        "t0": null,
        "t00": null,
        "Shape_Length": 31.572552290986494,
        "Shape_Area": 59.920333297141894
      }
    },
    {
      "type": "Feature",
      "id": 55,
      "geometry": {
        "type": "Polygon",
        "coordinates": [
          [
            [
              80.33133915709077,
              7.057333646125975
            ],
            [
              80.33134156200096,
              7.0572496843847645
            ],
            [
              80.33137696554772,
              7.05725069661779
            ],
            [
              80.33137456064388,
              7.057334658359778
            ],
            [
              80.33133915709077,
              7.057333646125975
            ]
          ]
        ]
      },
      "properties": {
        "OBJECTID": 55,
        "Entity": "LWPolyline",
        "Handle": "1EF3F",
        "Layer": "BLD",
        "LyrFrzn": 0,
        "LyrOn": 1,
        "Color": 8,
        "Linetype": "Continuous",
        "Elevation": -63.99,
        "LineWt": 25,
        "RefName": "",
        "DocUpdate": 1783359710000,
        "DocId": 1.1061215596273316e+19,
        "t0": null,
        "t00": null,
        "Shape_Length": 26.39574533222529,
        "Shape_Area": 36.324961290668874
      }
    },
    {
      "type": "Feature",
      "id": 56,
      "geometry": {
        "type": "Polygon",
        "coordinates": [
          [
            [
              80.33141714689386,
              7.057389979156663
            ],
            [
              80.33142010762653,
              7.05745308279185
            ],
            [
              80.33132949519145,
              7.057457326417091
            ],
            [
              80.33132653447112,
              7.057394222782493
            ],
            [
              80.33141714689386,
              7.057389979156663
            ]
          ]
        ]
      },
      "properties": {
        "OBJECTID": 56,
        "Entity": "LWPolyline",
        "Handle": "1EF40",
        "Layer": "BLD",
        "LyrFrzn": 0,
        "LyrOn": 1,
        "Color": 8,
        "Linetype": "Continuous",
        "Elevation": -63.99,
        "LineWt": 25,
        "RefName": "",
        "DocUpdate": 1783359710000,
        "DocId": 1.1061215596273316e+19,
        "t0": null,
        "t00": null,
        "Shape_Length": 34.00541796067556,
        "Shape_Area": 69.97077080129019
      }
    },
    {
      "type": "Feature",
      "id": 57,
      "geometry": {
        "type": "Polygon",
        "coordinates": [
          [
            [
              80.32938033578382,
              7.060624527150218
            ],
            [
              80.32935829602968,
              7.060706005707838
            ],
            [
              80.32931051847304,
              7.060693108029385
            ],
            [
              80.3293325582345,
              7.060611629474725
            ],
            [
              80.32938033578382,
              7.060624527150218
            ]
          ]
        ]
      },
      "properties": {
        "OBJECTID": 57,
        "Entity": "LWPolyline",
        "Handle": "1EF41",
        "Layer": "BLD",
        "LyrFrzn": 0,
        "LyrOn": 1,
        "Color": 8,
        "Linetype": "Continuous",
        "Elevation": 4.594000000000001,
        "LineWt": 25,
        "RefName": "",
        "DocUpdate": 1783359710000,
        "DocId": 1.1061215596273316e+19,
        "t0": null,
        "t00": null,
        "Shape_Length": 29.59383167370273,
        "Shape_Area": 51.00283840553766
      }
    },
    {
      "type": "Feature",
      "id": 58,
      "geometry": {
        "type": "Polygon",
        "coordinates": [
          [
            [
              80.32947075193198,
              7.0607570084610956
            ],
            [
              80.32947435516755,
              7.060673031310539
            ],
            [
              80.32952498762462,
              7.06067519897442
            ],
            [
              80.32952138439809,
              7.0607591761262185
            ],
            [
              80.32947075193198,
              7.0607570084610956
            ]
          ]
        ]
      },
      "properties": {
        "OBJECTID": 58,
        "Entity": "LWPolyline",
        "Handle": "1EF42",
        "Layer": "BLD",
        "LyrFrzn": 0,
        "LyrOn": 1,
        "Color": 8,
        "Linetype": "Continuous",
        "Elevation": -1.8780000000000001,
        "LineWt": 25,
        "RefName": "",
        "DocUpdate": 1783359710000,
        "DocId": 1.1061215596273316e+19,
        "t0": null,
        "t00": null,
        "Shape_Length": 29.77951184746768,
        "Shape_Area": 52.01227040414893
      }
    },
    {
      "type": "Feature",
      "id": 59,
      "geometry": {
        "type": "Polygon",
        "coordinates": [
          [
            [
              80.32967241911882,
              7.060927178715693
            ],
            [
              80.32961821330996,
              7.060938544990281
            ],
            [
              80.32958369828673,
              7.060774275502889
            ],
            [
              80.32963790407653,
              7.06076290923051
            ],
            [
              80.32967241911882,
              7.060927178715693
            ]
          ]
        ]
      },
      "properties": {
        "OBJECTID": 59,
        "Entity": "LWPolyline",
        "Handle": "1EF43",
        "Layer": "BLD",
        "LyrFrzn": 0,
        "LyrOn": 1,
        "Color": 8,
        "Linetype": "Continuous",
        "Elevation": -7.932000000000002,
        "LineWt": 25,
        "RefName": "",
        "DocUpdate": 1783359710000,
        "DocId": 1.1061215596273316e+19,
        "t0": null,
        "t00": null,
        "Shape_Length": 49.34726330600178,
        "Shape_Area": 113.51302060657277
      }
    },
    {
      "type": "Feature",
      "id": 60,
      "geometry": {
        "type": "Polygon",
        "coordinates": [
          [
            [
              80.3294539682066,
              7.060949794725347
            ],
            [
              80.32942300216217,
              7.06084803631836
            ],
            [
              80.32948662055833,
              7.060828715556686
            ],
            [
              80.32951758661618,
              7.060930473960741
            ],
            [
              80.3294539682066,
              7.060949794725347
            ]
          ]
        ]
      },
      "properties": {
        "OBJECTID": 60,
        "Entity": "LWPolyline",
        "Handle": "1EF44",
        "Layer": "BLD",
        "LyrFrzn": 0,
        "LyrOn": 1,
        "Color": 8,
        "Linetype": "Continuous",
        "Elevation": -0.6390000000000029,
        "LineWt": 25,
        "RefName": "",
        "DocUpdate": 1783359710000,
        "DocId": 1.1061215596273316e+19,
        "t0": null,
        "t00": null,
        "Shape_Length": 38.203955340920714,
        "Shape_Area": 86.34961050528274
      }
    },
    {
      "type": "Feature",
      "id": 61,
      "geometry": {
        "type": "Polygon",
        "coordinates": [
          [
            [
              80.32949494914412,
              7.061093783012883
            ],
            [
              80.3294741253246,
              7.060996113203623
            ],
            [
              80.329558849406,
              7.06097808549583
            ],
            [
              80.3295796732432,
              7.0610757553029835
            ],
            [
              80.32949494914412,
              7.061093783012883
            ]
          ]
        ]
      },
      "properties": {
        "OBJECTID": 61,
        "Entity": "LWPolyline",
        "Handle": "1EF45",
        "Layer": "BLD",
        "LyrFrzn": 0,
        "LyrOn": 1,
        "Color": 8,
        "Linetype": "Continuous",
        "Elevation": 0.9079999999999941,
        "LineWt": 25,
        "RefName": "",
        "DocUpdate": 1783359710000,
        "DocId": 1.1061215596273316e+19,
        "t0": null,
        "t00": null,
        "Shape_Length": 41.214414509202086,
        "Shape_Area": 105.62192090273906
      }
    },
    {
      "type": "Feature",
      "id": 62,
      "geometry": {
        "type": "Polygon",
        "coordinates": [
          [
            [
              80.32975312972607,
              7.061115853759965
            ],
            [
              80.32968918484137,
              7.061124200283788
            ],
            [
              80.32967137179747,
              7.060987998053689
            ],
            [
              80.32973531666333,
              7.06097965153051
            ],
            [
              80.32975312972607,
              7.061115853759965
            ]
          ]
        ]
      },
      "properties": {
        "OBJECTID": 62,
        "Entity": "LWPolyline",
        "Handle": "1EF46",
        "Layer": "BLD",
        "LyrFrzn": 0,
        "LyrOn": 1,
        "Color": 8,
        "Linetype": "Continuous",
        "Elevation": -11.026000000000003,
        "LineWt": 25,
        "RefName": "",
        "DocUpdate": 1783359710000,
        "DocId": 1.1061215596273316e+19,
        "t0": null,
        "t00": null,
        "Shape_Length": 44.616164446723175,
        "Shape_Area": 108.158187014917
      }
    },
    {
      "type": "Feature",
      "id": 63,
      "geometry": {
        "type": "Polygon",
        "coordinates": [
          [
            [
              80.3297788132237,
              7.0612505395384355
            ],
            [
              80.32969939273154,
              7.061249986735914
            ],
            [
              80.32970002714889,
              7.061158996085125
            ],
            [
              80.32977944762554,
              7.061159548886061
            ],
            [
              80.3297788132237,
              7.0612505395384355
            ]
          ]
        ]
      },
      "properties": {
        "OBJECTID": 63,
        "Entity": "LWPolyline",
        "Handle": "1EF47",
        "Layer": "BLD",
        "LyrFrzn": 0,
        "LyrOn": 1,
        "Color": 8,
        "Linetype": "Continuous",
        "Elevation": -12.335999999999999,
        "LineWt": 25,
        "RefName": "",
        "DocUpdate": 1783359710000,
        "DocId": 1.1061215596273316e+19,
        "t0": null,
        "t00": null,
        "Shape_Length": 37.6627754707816,
        "Shape_Area": 88.24060680483933
      }
    },
    {
      "type": "Feature",
      "id": 64,
      "geometry": {
        "type": "Polygon",
        "coordinates": [
          [
            [
              80.3299134997388,
              7.061387001011304
            ],
            [
              80.32990980870626,
              7.061312463943461
            ],
            [
              80.32999183354033,
              7.061308410043206
            ],
            [
              80.3299955245861,
              7.061382947111631
            ],
            [
              80.3299134997388,
              7.061387001011304
            ]
          ]
        ]
      },
      "properties": {
        "OBJECTID": 64,
        "Entity": "LWPolyline",
        "Handle": "1EF48",
        "Layer": "BLD",
        "LyrFrzn": 0,
        "LyrOn": 1,
        "Color": 8,
        "Linetype": "Continuous",
        "Elevation": -13.904000000000003,
        "LineWt": 25,
        "RefName": "",
        "DocUpdate": 1783359710000,
        "DocId": 1.1061215596273316e+19,
        "t0": null,
        "t00": null,
        "Shape_Length": 34.641409634204194,
        "Shape_Area": 74.83370169515368
      }
    },
    {
      "type": "Feature",
      "id": 65,
      "geometry": {
        "type": "Polygon",
        "coordinates": [
          [
            [
              80.32969176148147,
              7.061441334385804
            ],
            [
              80.32971800752487,
              7.06137142722346
            ],
            [
              80.32978464252928,
              7.061396394920011
            ],
            [
              80.32975839649376,
              7.06146630208684
            ],
            [
              80.32969176148147,
              7.061441334385804
            ]
          ]
        ]
      },
      "properties": {
        "OBJECTID": 65,
        "Entity": "LWPolyline",
        "Handle": "1EF49",
        "Layer": "BLD",
        "LyrFrzn": 0,
        "LyrOn": 1,
        "Color": 8,
        "Linetype": "Continuous",
        "Elevation": -12.026000000000003,
        "LineWt": 25,
        "RefName": "",
        "DocUpdate": 1783359710000,
        "DocId": 1.1061215596273316e+19,
        "t0": null,
        "t00": null,
        "Shape_Length": 32.22864480538504,
        "Shape_Area": 64.87899689960709
      }
    },
    {
      "type": "Feature",
      "id": 66,
      "geometry": {
        "type": "Polygon",
        "coordinates": [
          [
            [
              80.3297230469489,
              7.058929643047908
            ],
            [
              80.32970845236721,
              7.0588477988684515
            ],
            [
              80.32982440905388,
              7.058827162934082
            ],
            [
              80.32983900275055,
              7.058909007110545
            ],
            [
              80.3297230469489,
              7.058929643047908
            ]
          ]
        ]
      },
      "properties": {
        "OBJECTID": 66,
        "Entity": "LWPolyline",
        "Handle": "1EF4A",
        "Layer": "BLD",
        "LyrFrzn": 0,
        "LyrOn": 1,
        "Color": 8,
        "Linetype": "Continuous",
        "Elevation": -9.666000000000004,
        "LineWt": 25,
        "RefName": "",
        "DocUpdate": 1783359710000,
        "DocId": 1.1061215596273316e+19,
        "t0": null,
        "t00": null,
        "Shape_Length": 44.39806180626353,
        "Shape_Area": 119.55555838349015
      }
    },
    {
      "type": "Feature",
      "id": 67,
      "geometry": {
        "type": "Polygon",
        "coordinates": [
          [
            [
              80.32974324186702,
              7.058691073236591
            ],
            [
              80.32978745682014,
              7.058782937866411
            ],
            [
              80.32972532754948,
              7.05881337574727
            ],
            [
              80.32968111260683,
              7.058721511112565
            ],
            [
              80.32974324186702,
              7.058691073236591
            ]
          ]
        ]
      },
      "properties": {
        "OBJECTID": 67,
        "Entity": "LWPolyline",
        "Handle": "1EF4B",
        "Layer": "BLD",
        "LyrFrzn": 0,
        "LyrOn": 1,
        "Color": 8,
        "Linetype": "Continuous",
        "Elevation": -8.335,
        "LineWt": 25,
        "RefName": "",
        "DocUpdate": 1783359710000,
        "DocId": 1.1061215596273316e+19,
        "t0": null,
        "t00": null,
        "Shape_Length": 37.82318976265588,
        "Shape_Area": 86.12161570825562
      }
    },
    {
      "type": "Feature",
      "id": 68,
      "geometry": {
        "type": "Polygon",
        "coordinates": [
          [
            [
              80.32975189054206,
              7.058675349483904
            ],
            [
              80.32965244313021,
              7.058698153766959
            ],
            [
              80.32963643954068,
              7.058630898596118
            ],
            [
              80.32973588693831,
              7.058608094315112
            ],
            [
              80.32975189054206,
              7.058675349483904
            ]
          ]
        ]
      },
      "properties": {
        "OBJECTID": 68,
        "Entity": "LWPolyline",
        "Handle": "1EF4C",
        "Layer": "BLD",
        "LyrFrzn": 0,
        "LyrOn": 1,
        "Color": 8,
        "Linetype": "Continuous",
        "Elevation": -8.335,
        "LineWt": 25,
        "RefName": "",
        "DocUpdate": 1783359710000,
        "DocId": 1.1061215596273316e+19,
        "t0": null,
        "t00": null,
        "Shape_Length": 37.823226099128746,
        "Shape_Area": 86.12177301301911
      }
    },
    {
      "type": "Feature",
      "id": 69,
      "geometry": {
        "type": "Polygon",
        "coordinates": [
          [
            [
              80.32962823855152,
              7.0584016209814076
            ],
            [
              80.32970493927863,
              7.058401731145975
            ],
            [
              80.32970479213219,
              7.058503982143763
            ],
            [
              80.32962809138826,
              7.058503871977583
            ],
            [
              80.32962823855152,
              7.0584016209814076
            ]
          ]
        ]
      },
      "properties": {
        "OBJECTID": 69,
        "Entity": "LWPolyline",
        "Handle": "1EF4D",
        "Layer": "BLD",
        "LyrFrzn": 0,
        "LyrOn": 1,
        "Color": 8,
        "Linetype": "Continuous",
        "Elevation": -8.518,
        "LineWt": 25,
        "RefName": "",
        "DocUpdate": 1783359710000,
        "DocId": 1.1061215596273316e+19,
        "t0": null,
        "t00": null,
        "Shape_Length": 39.550999999046326,
        "Shape_Area": 95.76098615736221
      }
    },
    {
      "type": "Feature",
      "id": 70,
      "geometry": {
        "type": "Polygon",
        "coordinates": [
          [
            [
              80.33108977659147,
              7.06196934556067
            ],
            [
              80.33111792976277,
              7.0619734952274715
            ],
            [
              80.33110781864892,
              7.06204161293389
            ],
            [
              80.331079665475,
              7.062037462361565
            ],
            [
              80.33108977659147,
              7.06196934556067
            ]
          ]
        ]
      },
      "properties": {
        "OBJECTID": 70,
        "Entity": "LWPolyline",
        "Handle": "1EF4E",
        "Layer": "BLD",
        "LyrFrzn": 0,
        "LyrOn": 1,
        "Color": 8,
        "Linetype": "FENCELINE2",
        "Elevation": -14.201,
        "LineWt": 25,
        "RefName": "",
        "DocUpdate": 1783359710000,
        "DocId": 1.1061215596273316e+19,
        "t0": null,
        "t00": null,
        "Shape_Length": 21.51203173252942,
        "Shape_Area": 23.927763164944423
      }
    },
    {
      "type": "Feature",
      "id": 71,
      "geometry": {
        "type": "Polygon",
        "coordinates": [
          [
            [
              80.32926701637186,
              7.0568361049085535
            ],
            [
              80.32927508109857,
              7.056767497662182
            ],
            [
              80.32935970802222,
              7.056777425297271
            ],
            [
              80.32935164330753,
              7.056846032546235
            ],
            [
              80.32926701637186,
              7.0568361049085535
            ]
          ]
        ]
      },
      "properties": {
        "OBJECTID": 71,
        "Entity": "LWPolyline",
        "Handle": "1EF58",
        "Layer": "BLD",
        "LyrFrzn": 0,
        "LyrOn": 1,
        "Color": 8,
        "Linetype": "Continuous",
        "Elevation": -3.237000000000002,
        "LineWt": 25,
        "RefName": "",
        "DocUpdate": 1783359710000,
        "DocId": 1.1061215596273316e+19,
        "t0": null,
        "t00": null,
        "Shape_Length": 34.09559617696295,
        "Shape_Area": 71.87017118979509
      }
    },
    {
      "type": "Feature",
      "id": 72,
      "geometry": {
        "type": "Polygon",
        "coordinates": [
          [
            [
              80.32917412173006,
              7.0566458746177485
            ],
            [
              80.32916190178318,
              7.056552383446798
            ],
            [
              80.32928385407861,
              7.056536475162153
            ],
            [
              80.32929607405015,
              7.056629966332228
            ],
            [
              80.32917412173006,
              7.0566458746177485
            ]
          ]
        ]
      },
      "properties": {
        "OBJECTID": 72,
        "Entity": "LWPolyline",
        "Handle": "1EF59",
        "Layer": "BLD",
        "LyrFrzn": 0,
        "LyrOn": 1,
        "Color": 8,
        "Linetype": "Continuous",
        "Elevation": -4.231999999999999,
        "LineWt": 25,
        "RefName": "",
        "DocUpdate": 1783359710000,
        "DocId": 1.1061215596273316e+19,
        "t0": null,
        "t00": null,
        "Shape_Length": 48.01395525983247,
        "Shape_Area": 141.58768180050794
      }
    },
    {
      "type": "Feature",
      "id": 73,
      "geometry": {
        "type": "Polygon",
        "coordinates": [
          [
            [
              80.33144805158481,
              7.06063110368567
            ],
            [
              80.33139501171262,
              7.0606010776564565
            ],
            [
              80.33146989698541,
              7.0604690605871765
            ],
            [
              80.33152293684901,
              7.0604990866070825
            ],
            [
              80.33144805158481,
              7.06063110368567
            ]
          ]
        ]
      },
      "properties": {
        "OBJECTID": 73,
        "Entity": "LWPolyline",
        "Handle": "1EF5A",
        "Layer": "BLD",
        "LyrFrzn": 0,
        "LyrOn": 1,
        "Color": 8,
        "Linetype": "Continuous",
        "Elevation": -12.711000000000006,
        "LineWt": 25,
        "RefName": "",
        "DocUpdate": 1783359710000,
        "DocId": 1.1061215596273316e+19,
        "t0": null,
        "t00": null,
        "Shape_Length": 47.01729982787944,
        "Shape_Area": 112.95145429813597
      }
    },
    {
      "type": "Feature",
      "id": 74,
      "geometry": {
        "type": "Polygon",
        "coordinates": [
          [
            [
              80.33132436366317,
              7.060483532625143
            ],
            [
              80.33136300112541,
              7.060413040678506
            ],
            [
              80.33146159985158,
              7.060466975506744
            ],
            [
              80.33142296239697,
              7.060537468366898
            ],
            [
              80.33132436366317,
              7.060483532625143
            ]
          ]
        ]
      },
      "properties": {
        "OBJECTID": 74,
        "Entity": "LWPolyline",
        "Handle": "1EF5B",
        "Layer": "BLD",
        "LyrFrzn": 0,
        "LyrOn": 1,
        "Color": 8,
        "Linetype": "Continuous",
        "Elevation": -12.591999999999999,
        "LineWt": 25,
        "RefName": "",
        "DocUpdate": 1783359710000,
        "DocId": 1.1061215596273316e+19,
        "t0": null,
        "t00": null,
        "Shape_Length": 42.600689505700835,
        "Shape_Area": 110.310541289833
      }
    },
    {
      "type": "Feature",
      "id": 75,
      "geometry": {
        "type": "Polygon",
        "coordinates": [
          [
            [
              80.33117900369558,
              7.060320571486776
            ],
            [
              80.33122023316085,
              7.060358067435891
            ],
            [
              80.33116878219474,
              7.0604145288663185
            ],
            [
              80.33112755272947,
              7.0603770329126645
            ],
            [
              80.33117900369558,
              7.060320571486776
            ]
          ]
        ]
      },
      "properties": {
        "OBJECTID": 75,
        "Entity": "LWPolyline",
        "Handle": "1EF5C",
        "Layer": "BLD",
        "LyrFrzn": 0,
        "LyrOn": 1,
        "Color": 8,
        "Linetype": "Continuous",
        "Elevation": -11.298000000000002,
        "LineWt": 25,
        "RefName": "",
        "DocUpdate": 1783359710000,
        "DocId": 1.1061215596273316e+19,
        "t0": null,
        "t00": null,
        "Shape_Length": 29.198003037971187,
        "Shape_Area": 51.97926869223824
      }
    },
    {
      "type": "Feature",
      "id": 76,
      "geometry": {
        "type": "Polygon",
        "coordinates": [
          [
            [
              80.3310946280098,
              7.060338215578794
            ],
            [
              80.33113098516606,
              7.060305220552106
            ],
            [
              80.33115752500915,
              7.060334407203411
            ],
            [
              80.3311211678521,
              7.060367402232088
            ],
            [
              80.3310946280098,
              7.060338215578794
            ]
          ]
        ]
      },
      "properties": {
        "OBJECTID": 76,
        "Entity": "LWPolyline",
        "Handle": "1EF5D",
        "Layer": "BLD",
        "LyrFrzn": 0,
        "LyrOn": 1,
        "Color": 8,
        "Linetype": "Continuous",
        "Elevation": -11.300000000000004,
        "LineWt": 25,
        "RefName": "",
        "DocUpdate": 1783359710000,
        "DocId": 1.1061215596273316e+19,
        "t0": null,
        "t00": null,
        "Shape_Length": 19.568425975713094,
        "Shape_Area": 23.648814802170364
      }
    },
    {
      "type": "Feature",
      "id": 77,
      "geometry": {
        "type": "Polygon",
        "coordinates": [
          [
            [
              80.33128088978835,
              7.060120571290816
            ],
            [
              80.3312264536764,
              7.060172593522991
            ],
            [
              80.33098189050607,
              7.059917192400575
            ],
            [
              80.3310363266101,
              7.059865170196131
            ],
            [
              80.33128088978835,
              7.060120571290816
            ]
          ]
        ]
      },
      "properties": {
        "OBJECTID": 77,
        "Entity": "LWPolyline",
        "Handle": "1EF5E",
        "Layer": "BLD",
        "LyrFrzn": 0,
        "LyrOn": 1,
        "Color": 8,
        "Linetype": "Continuous",
        "Elevation": -11.428999999999995,
        "LineWt": 25,
        "RefName": "",
        "DocUpdate": 1783359710000,
        "DocId": 1.1061215596273316e+19,
        "t0": null,
        "t00": null,
        "Shape_Length": 94.7893758125671,
        "Shape_Area": 325.10299880460025
      }
    },
    {
      "type": "Feature",
      "id": 78,
      "geometry": {
        "type": "Polygon",
        "coordinates": [
          [
            [
              80.33113814312063,
              7.0602311268699385
            ],
            [
              80.3309229099409,
              7.060014639201496
            ],
            [
              80.3309739097121,
              7.0599640358152005
            ],
            [
              80.33118914289659,
              7.060180523460628
            ],
            [
              80.33113814312063,
              7.0602311268699385
            ]
          ]
        ]
      },
      "properties": {
        "OBJECTID": 78,
        "Entity": "LWPolyline",
        "Handle": "1EF5F",
        "Layer": "BLD",
        "LyrFrzn": 0,
        "LyrOn": 1,
        "Color": 8,
        "Linetype": "Continuous",
        "Elevation": -11.036000000000008,
        "LineWt": 25,
        "RefName": "",
        "DocUpdate": 1783359710000,
        "DocId": 1.1061215596273316e+19,
        "t0": null,
        "t00": null,
        "Shape_Length": 83.34287795502786,
        "Shape_Area": 267.7960017080783
      }
    },
    {
      "type": "Feature",
      "id": 79,
      "geometry": {
        "type": "Polygon",
        "coordinates": [
          [
            [
              80.33129889527234,
              7.0571741199944675
            ],
            [
              80.33120597484005,
              7.057177181686473
            ],
            [
              80.33119894214536,
              7.056964161071794
            ],
            [
              80.33129186344037,
              7.056961099378464
            ],
            [
              80.33129889527234,
              7.0571741199944675
            ]
          ]
        ]
      },
      "properties": {
        "OBJECTID": 79,
        "Entity": "LWPolyline",
        "Handle": "1EF60",
        "Layer": "BLD",
        "LyrFrzn": 0,
        "LyrOn": 1,
        "Color": 8,
        "Linetype": "Continuous",
        "Elevation": -63.99,
        "LineWt": 25,
        "RefName": "",
        "DocUpdate": 1783359710000,
        "DocId": 1.1061215596273316e+19,
        "t0": null,
        "t00": null,
        "Shape_Length": 67.66273627892429,
        "Shape_Area": 241.95167372979898
      }
    },
    {
      "type": "Feature",
      "id": 80,
      "geometry": {
        "type": "Polygon",
        "coordinates": [
          [
            [
              80.33131540658992,
              7.057130024092513
            ],
            [
              80.33143467205025,
              7.057133433157776
            ],
            [
              80.33143290582106,
              7.057195080055178
            ],
            [
              80.33131364125047,
              7.057191670989269
            ],
            [
              80.33131540658992,
              7.057130024092513
            ]
          ]
        ]
      },
      "properties": {
        "OBJECTID": 80,
        "Entity": "LWPolyline",
        "Handle": "1EF61",
        "Layer": "BLD",
        "LyrFrzn": 0,
        "LyrOn": 1,
        "Color": 8,
        "Linetype": "Continuous",
        "Elevation": -63.99,
        "LineWt": 25,
        "RefName": "",
        "DocUpdate": 1783359710000,
        "DocId": 1.1061215596273316e+19,
        "t0": null,
        "t00": null,
        "Shape_Length": 39.99146190202597,
        "Shape_Area": 89.84651439139846
      }
    },
    {
      "type": "Feature",
      "id": 81,
      "geometry": {
        "type": "Polygon",
        "coordinates": [
          [
            [
              80.33138789324063,
              7.0573383399160345
            ],
            [
              80.33138983588128,
              7.057270492691196
            ],
            [
              80.33144530201515,
              7.057272078185421
            ],
            [
              80.3314433584771,
              7.057339925409948
            ],
            [
              80.33138789324063,
              7.0573383399160345
            ]
          ]
        ]
      },
      "properties": {
        "OBJECTID": 81,
        "Entity": "LWPolyline",
        "Handle": "1EF62",
        "Layer": "BLD",
        "LyrFrzn": 0,
        "LyrOn": 1,
        "Color": 8,
        "Linetype": "Continuous",
        "Elevation": -63.99,
        "LineWt": 25,
        "RefName": "",
        "DocUpdate": 1783359710000,
        "DocId": 1.1061215596273316e+19,
        "t0": null,
        "t00": null,
        "Shape_Length": 27.26456320482945,
        "Shape_Area": 45.986804789366914
      }
    },
    {
      "type": "Feature",
      "id": 82,
      "geometry": {
        "type": "Polygon",
        "coordinates": [
          [
            [
              80.33137965791173,
              7.0575310599128125
            ],
            [
              80.33138106565222,
              7.0574681172109335
            ],
            [
              80.3314757225778,
              7.057470229197931
            ],
            [
              80.33147431485004,
              7.057533171901293
            ],
            [
              80.33137965791173,
              7.0575310599128125
            ]
          ]
        ]
      },
      "properties": {
        "OBJECTID": 82,
        "Entity": "LWPolyline",
        "Handle": "1EF63",
        "Layer": "BLD",
        "LyrFrzn": 0,
        "LyrOn": 1,
        "Color": 8,
        "Linetype": "Continuous",
        "Elevation": -63.99,
        "LineWt": 25,
        "RefName": "",
        "DocUpdate": 1783359710000,
        "DocId": 1.1061215596273316e+19,
        "t0": null,
        "t00": null,
        "Shape_Length": 34.83460797630245,
        "Shape_Area": 72.78395809914255
      }
    },
    {
      "type": "Feature",
      "id": 83,
      "geometry": {
        "type": "Polygon",
        "coordinates": [
          [
            [
              80.32954549411163,
              7.061418311861961
            ],
            [
              80.32959056555154,
              7.061312257654287
            ],
            [
              80.32964459618982,
              7.061335173864727
            ],
            [
              80.329599524759,
              7.061441228078486
            ],
            [
              80.32954549411163,
              7.061418311861961
            ]
          ]
        ]
      },
      "properties": {
        "OBJECTID": 83,
        "Entity": "LWPolyline",
        "Handle": "1EF64",
        "Layer": "BLD",
        "LyrFrzn": 0,
        "LyrOn": 1,
        "Color": 8,
        "Linetype": "Continuous",
        "Elevation": -9.724000000000004,
        "LineWt": 25,
        "RefName": "",
        "DocUpdate": 1783359710000,
        "DocId": 1.1061215596273316e+19,
        "t0": null,
        "t00": null,
        "Shape_Length": 38.44119494573065,
        "Shape_Area": 82.57720379733412
      }
    },
    {
      "type": "Feature",
      "id": 84,
      "geometry": {
        "type": "Polygon",
        "coordinates": [
          [
            [
              80.32911853930399,
              7.060560278955487
            ],
            [
              80.3291612133559,
              7.060499328620125
            ],
            [
              80.32919911982853,
              7.060526056911075
            ],
            [
              80.32915644577979,
              7.06058700634556
            ],
            [
              80.32911853930399,
              7.060560278955487
            ]
          ]
        ]
      },
      "properties": {
        "OBJECTID": 84,
        "Entity": "LWPolyline",
        "Handle": "1EF65",
        "Layer": "BLD",
        "LyrFrzn": 0,
        "LyrOn": 1,
        "Color": 8,
        "Linetype": "Continuous",
        "Elevation": 13.68,
        "LineWt": 25,
        "RefName": "",
        "DocUpdate": 1783359710000,
        "DocId": 1.1061215596273316e+19,
        "t0": null,
        "t00": null,
        "Shape_Length": 26.694606707570966,
        "Shape_Area": 42.136776631291
      }
    },
    {
      "type": "Feature",
      "id": 85,
      "geometry": {
        "type": "Polygon",
        "coordinates": [
          [
            [
              80.33868866520967,
              7.059884399023416
            ],
            [
              80.33875401620578,
              7.059885483912761
            ],
            [
              80.3387532064701,
              7.059934140433685
            ],
            [
              80.33868785546717,
              7.059933055543593
            ],
            [
              80.33868866520967,
              7.059884399023416
            ]
          ]
        ]
      },
      "properties": {
        "OBJECTID": 85,
        "Entity": "LWPolyline",
        "Handle": "32E91",
        "Layer": "BLD",
        "LyrFrzn": 0,
        "LyrOn": 1,
        "Color": 8,
        "Linetype": "Continuous",
        "Elevation": 43.49899999999999,
        "LineWt": 25,
        "RefName": "",
        "DocUpdate": 1783359710000,
        "DocId": 1.1061215596273316e+19,
        "t0": null,
        "t00": null,
        "Shape_Length": 25.19711099881401,
        "Shape_Area": 38.83568500224357
      }
    },
    {
      "type": "Feature",
      "id": 86,
      "geometry": {
        "type": "Polygon",
        "coordinates": [
          [
            [
              80.3366267722118,
              7.062787923745321
            ],
            [
              80.33656815272985,
              7.062774178276645
            ],
            [
              80.33659148531783,
              7.06267487002168
            ],
            [
              80.33665010478852,
              7.062688615486379
            ],
            [
              80.3366267722118,
              7.062787923745321
            ]
          ]
        ]
      },
      "properties": {
        "OBJECTID": 86,
        "Entity": "LWPolyline",
        "Handle": "33135",
        "Layer": "BLD",
        "LyrFrzn": 0,
        "LyrOn": 1,
        "Color": 8,
        "Linetype": "Continuous",
        "Elevation": -12.458999999999996,
        "LineWt": 25,
        "RefName": "",
        "DocUpdate": 1783359710000,
        "DocId": 1.1061215596273316e+19,
        "t0": null,
        "t00": null,
        "Shape_Length": 35.854814465560736,
        "Shape_Area": 74.99519989766355
      }
    },
    {
      "type": "Feature",
      "id": 87,
      "geometry": {
        "type": "Polygon",
        "coordinates": [
          [
            [
              80.33223739412948,
              7.060800432200408
            ],
            [
              80.33227320836373,
              7.060724873450694
            ],
            [
              80.3324356194828,
              7.0608017018122355
            ],
            [
              80.33239980526665,
              7.060877260576091
            ],
            [
              80.33223739412948,
              7.060800432200408
            ]
          ]
        ]
      },
      "properties": {
        "OBJECTID": 87,
        "Entity": "LWPolyline",
        "Handle": "33136",
        "Layer": "BLD",
        "LyrFrzn": 0,
        "LyrOn": 1,
        "Color": 8,
        "Linetype": "Continuous",
        "Elevation": -9.314,
        "LineWt": 25,
        "RefName": "",
        "DocUpdate": 1783359710000,
        "DocId": 1.1061215596273316e+19,
        "t0": null,
        "t00": null,
        "Shape_Length": 58.17843258711764,
        "Shape_Area": 183.43342852245777
      }
    },
    {
      "type": "Feature",
      "id": 88,
      "geometry": {
        "type": "Polygon",
        "coordinates": [
          [
            [
              80.33275888765681,
              7.061370184586616
            ],
            [
              80.33254172045244,
              7.06120522157945
            ],
            [
              80.33263173559048,
              7.061086955875688
            ],
            [
              80.33284890277947,
              7.061251918839594
            ],
            [
              80.33275888765681,
              7.061370184586616
            ]
          ]
        ]
      },
      "properties": {
        "OBJECTID": 88,
        "Entity": "LWPolyline",
        "Handle": "33137",
        "Layer": "BLD",
        "LyrFrzn": 0,
        "LyrOn": 1,
        "Color": 8,
        "Linetype": "Continuous",
        "Elevation": -13.774999999999999,
        "LineWt": 25,
        "RefName": "",
        "DocUpdate": 1783359710000,
        "DocId": 1.1061215596273316e+19,
        "t0": null,
        "t00": null,
        "Shape_Length": 93.11216528095977,
        "Shape_Area": 494.90521880210315
      }
    },
    {
      "type": "Feature",
      "id": 89,
      "geometry": {
        "type": "Polygon",
        "coordinates": [
          [
            [
              80.33212599826273,
              7.0619050616295675
            ],
            [
              80.33217322451023,
              7.061914889164352
            ],
            [
              80.33215817763849,
              7.061987049440877
            ],
            [
              80.33211095138427,
              7.06197722190394
            ],
            [
              80.33212599826273,
              7.0619050616295675
            ]
          ]
        ]
      },
      "properties": {
        "OBJECTID": 89,
        "Entity": "LWPolyline",
        "Handle": "33138",
        "Layer": "BLD",
        "LyrFrzn": 0,
        "LyrOn": 1,
        "Color": 8,
        "Linetype": "Continuous",
        "Elevation": -13.633000000000003,
        "LineWt": 25,
        "RefName": "",
        "DocUpdate": 1783359710000,
        "DocId": 1.1061215596273316e+19,
        "t0": null,
        "t00": null,
        "Shape_Length": 26.9533664751075,
        "Shape_Area": 43.41563359235843
      }
    },
    {
      "type": "Feature",
      "id": 90,
      "geometry": {
        "type": "Polygon",
        "coordinates": [
          [
            [
              80.3325222229347,
              7.0623311396838995
            ],
            [
              80.3325799981507,
              7.062306483345588
            ],
            [
              80.33259915639671,
              7.062351285196518
            ],
            [
              80.3325413811757,
              7.062375941536729
            ],
            [
              80.3325222229347,
              7.0623311396838995
            ]
          ]
        ]
      },
      "properties": {
        "OBJECTID": 90,
        "Entity": "LWPolyline",
        "Handle": "33139",
        "Layer": "BLD",
        "LyrFrzn": 0,
        "LyrOn": 1,
        "Color": 8,
        "Linetype": "Continuous",
        "Elevation": -5.902000000000001,
        "LineWt": 25,
        "RefName": "",
        "DocUpdate": 1783359710000,
        "DocId": 1.1061215596273316e+19,
        "t0": null,
        "t00": null,
        "Shape_Length": 24.64963228739437,
        "Shape_Area": 37.37255499367805
      }
    },
    {
      "type": "Feature",
      "id": 91,
      "geometry": {
        "type": "Polygon",
        "coordinates": [
          [
            [
              80.33332584209752,
              7.061530636387726
            ],
            [
              80.33327790311739,
              7.061584145251454
            ],
            [
              80.33318789198965,
              7.061503665012761
            ],
            [
              80.3332358309701,
              7.061450156158307
            ],
            [
              80.33332584209752,
              7.061530636387726
            ]
          ]
        ]
      },
      "properties": {
        "OBJECTID": 91,
        "Entity": "LWPolyline",
        "Handle": "3313A",
        "Layer": "BLD",
        "LyrFrzn": 0,
        "LyrOn": 1,
        "Color": 8,
        "Linetype": "Continuous",
        "Elevation": -10.231000000000009,
        "LineWt": 25,
        "RefName": "",
        "DocUpdate": 1783359710000,
        "DocId": 1.1061215596273316e+19,
        "t0": null,
        "t00": null,
        "Shape_Length": 42.560609340269004,
        "Shape_Area": 105.91642398656627
      }
    },
    {
      "type": "Feature",
      "id": 92,
      "geometry": {
        "type": "Polygon",
        "coordinates": [
          [
            [
              80.33386313963156,
              7.061915541573164
            ],
            [
              80.33370732880807,
              7.061863176263465
            ],
            [
              80.33373413142148,
              7.061783584768415
            ],
            [
              80.33388994222301,
              7.061835950067124
            ],
            [
              80.33386313963156,
              7.061915541573164
            ]
          ]
        ]
      },
      "properties": {
        "OBJECTID": 92,
        "Entity": "LWPolyline",
        "Handle": "3313B",
        "Layer": "BLD",
        "LyrFrzn": 0,
        "LyrOn": 1,
        "Color": 8,
        "Linetype": "Continuous",
        "Elevation": -13.153999999999996,
        "LineWt": 25,
        "RefName": "",
        "DocUpdate": 1783359710000,
        "DocId": 1.1061215596273316e+19,
        "t0": null,
        "t00": null,
        "Shape_Length": 54.879607465125304,
        "Shape_Area": 168.55635141173755
      }
    },
    {
      "type": "Feature",
      "id": 93,
      "geometry": {
        "type": "Polygon",
        "coordinates": [
          [
            [
              80.33400628976516,
              7.061940674936694
            ],
            [
              80.33394260621868,
              7.061925140896308
            ],
            [
              80.33396072963025,
              7.061850988621499
            ],
            [
              80.33402441316765,
              7.0618665226585655
            ],
            [
              80.33400628976516,
              7.061940674936694
            ]
          ]
        ]
      },
      "properties": {
        "OBJECTID": 93,
        "Entity": "LWPolyline",
        "Handle": "3313C",
        "Layer": "BLD",
        "LyrFrzn": 0,
        "LyrOn": 1,
        "Color": 8,
        "Linetype": "Continuous",
        "Elevation": -10.833000000000006,
        "LineWt": 25,
        "RefName": "",
        "DocUpdate": 1783359710000,
        "DocId": 1.1061215596273316e+19,
        "t0": null,
        "t00": null,
        "Shape_Length": 31.357504199069602,
        "Shape_Area": 61.0966613993004
      }
    },
    {
      "type": "Feature",
      "id": 94,
      "geometry": {
        "type": "Polygon",
        "coordinates": [
          [
            [
              80.33461836271798,
              7.061949625880249
            ],
            [
              80.33461813134822,
              7.061884711631521
            ],
            [
              80.33473868933399,
              7.061884282060734
            ],
            [
              80.33473892072058,
              7.0619491963109775
            ],
            [
              80.33461836271798,
              7.061949625880249
            ]
          ]
        ]
      },
      "properties": {
        "OBJECTID": 94,
        "Entity": "LWPolyline",
        "Handle": "3313D",
        "Layer": "BLD",
        "LyrFrzn": 0,
        "LyrOn": 1,
        "Color": 8,
        "Linetype": "Continuous",
        "Elevation": -6.365000000000002,
        "LineWt": 25,
        "RefName": "",
        "DocUpdate": 1783359710000,
        "DocId": 1.1061215596273316e+19,
        "t0": null,
        "t00": null,
        "Shape_Length": 40.98311071637281,
        "Shape_Area": 95.55604290286671
      }
    },
    {
      "type": "Feature",
      "id": 95,
      "geometry": {
        "type": "Polygon",
        "coordinates": [
          [
            [
              80.33492910396777,
              7.061864680949982
            ],
            [
              80.33483334620676,
              7.062034768773799
            ],
            [
              80.3347771002121,
              7.062003165538781
            ],
            [
              80.33487285798499,
              7.061833077727596
            ],
            [
              80.33492910396777,
              7.061864680949982
            ]
          ]
        ]
      },
      "properties": {
        "OBJECTID": 95,
        "Entity": "LWPolyline",
        "Handle": "3313E",
        "Layer": "BLD",
        "LyrFrzn": 0,
        "LyrOn": 1,
        "Color": 8,
        "Linetype": "Continuous",
        "Elevation": -11.748000000000005,
        "LineWt": 25,
        "RefName": "",
        "DocUpdate": 1783359710000,
        "DocId": 1.1061215596273316e+19,
        "t0": null,
        "t00": null,
        "Shape_Length": 57.402245671153466,
        "Shape_Area": 153.76098799993645
      }
    },
    {
      "type": "Feature",
      "id": 96,
      "geometry": {
        "type": "Polygon",
        "coordinates": [
          [
            [
              80.3347152700108,
              7.062223358651843
            ],
            [
              80.3347437165806,
              7.0621172819463345
            ],
            [
              80.33488930082845,
              7.062156246139696
            ],
            [
              80.33486085428777,
              7.062262322856804
            ],
            [
              80.3347152700108,
              7.062223358651843
            ]
          ]
        ]
      },
      "properties": {
        "OBJECTID": 96,
        "Entity": "LWPolyline",
        "Handle": "3313F",
        "Layer": "BLD",
        "LyrFrzn": 0,
        "LyrOn": 1,
        "Color": 8,
        "Linetype": "Continuous",
        "Elevation": -13.732,
        "LineWt": 25,
        "RefName": "",
        "DocUpdate": 1783359710000,
        "DocId": 1.1061215596273316e+19,
        "t0": null,
        "t00": null,
        "Shape_Length": 57.573342894104755,
        "Shape_Area": 202.09408200439134
      }
    },
    {
      "type": "Feature",
      "id": 97,
      "geometry": {
        "type": "Polygon",
        "coordinates": [
          [
            [
              80.33448318428115,
              7.061947108390947
            ],
            [
              80.3343635559822,
              7.061916006245017
            ],
            [
              80.33438049099223,
              7.0618509998089465
            ],
            [
              80.33450011927643,
              7.061882101949178
            ],
            [
              80.33448318428115,
              7.061947108390947
            ]
          ]
        ]
      },
      "properties": {
        "OBJECTID": 97,
        "Entity": "LWPolyline",
        "Handle": "33140",
        "Layer": "BLD",
        "LyrFrzn": 0,
        "LyrOn": 1,
        "Color": 8,
        "Linetype": "Continuous",
        "Elevation": -10.660000000000004,
        "LineWt": 25,
        "RefName": "",
        "DocUpdate": 1783359710000,
        "DocId": 1.1061215596273316e+19,
        "t0": null,
        "t00": null,
        "Shape_Length": 42.15687247989878,
        "Shape_Area": 101.38381669429162
      }
    },
    {
      "type": "Feature",
      "id": 98,
      "geometry": {
        "type": "Polygon",
        "coordinates": [
          [
            [
              80.33425157391983,
              7.061908479913469
            ],
            [
              80.33427127672991,
              7.061825209455148
            ],
            [
              80.33438049099223,
              7.0618509998089465
            ],
            [
              80.33436078819973,
              7.0619342702735155
            ],
            [
              80.33425157391983,
              7.061908479913469
            ]
          ]
        ]
      },
      "properties": {
        "OBJECTID": 98,
        "Entity": "LWPolyline",
        "Handle": "33141",
        "Layer": "BLD",
        "LyrFrzn": 0,
        "LyrOn": 1,
        "Color": 8,
        "Linetype": "Continuous",
        "Elevation": -10.916000000000004,
        "LineWt": 25,
        "RefName": "",
        "DocUpdate": 1783359710000,
        "DocId": 1.1061215596273316e+19,
        "t0": null,
        "t00": null,
        "Shape_Length": 43.708072008580444,
        "Shape_Area": 117.24637351376614
      }
    },
    {
      "type": "Feature",
      "id": 99,
      "geometry": {
        "type": "Polygon",
        "coordinates": [
          [
            [
              80.33510723480762,
              7.062128253941119
            ],
            [
              80.33514317372754,
              7.062022222253516
            ],
            [
              80.33524008587538,
              7.062055004119119
            ],
            [
              80.33520414697362,
              7.062161035815868
            ],
            [
              80.33510723480762,
              7.062128253941119
            ]
          ]
        ]
      },
      "properties": {
        "OBJECTID": 99,
        "Entity": "LWPolyline",
        "Handle": "33142",
        "Layer": "BLD",
        "LyrFrzn": 0,
        "LyrOn": 1,
        "Color": 8,
        "Linetype": "Continuous",
        "Elevation": -13.127000000000002,
        "LineWt": 25,
        "RefName": "",
        "DocUpdate": 1783359710000,
        "DocId": 1.1061215596273316e+19,
        "t0": null,
        "t00": null,
        "Shape_Length": 47.35258450848343,
        "Shape_Area": 139.8523943962329
      }
    },
    {
      "type": "Feature",
      "id": 100,
      "geometry": {
        "type": "Polygon",
        "coordinates": [
          [
            [
              80.33523830418126,
              7.062174065470507
            ],
            [
              80.33528071793499,
              7.062078136698971
            ],
            [
              80.33534621961338,
              7.062107039461328
            ],
            [
              80.3353038058694,
              7.062202968239735
            ],
            [
              80.33523830418126,
              7.062174065470507
            ]
          ]
        ]
      },
      "properties": {
        "OBJECTID": 100,
        "Entity": "LWPolyline",
        "Handle": "33143",
        "Layer": "BLD",
        "LyrFrzn": 0,
        "LyrOn": 1,
        "Color": 8,
        "Linetype": "Continuous",
        "Elevation": -14.567,
        "LineWt": 25,
        "RefName": "",
        "DocUpdate": 1783359710000,
        "DocId": 1.1061215596273316e+19,
        "t0": null,
        "t00": null,
        "Shape_Length": 39.00459041156439,
        "Shape_Area": 91.6895476018247
      }
    },
    {
      "type": "Feature",
      "id": 101,
      "geometry": {
        "type": "Polygon",
        "coordinates": [
          [
            [
              80.33531988720958,
              7.062210064615483
            ],
            [
              80.3353417486643,
              7.062131695227451
            ],
            [
              80.33541606385833,
              7.062152383796505
            ],
            [
              80.33539420241449,
              7.062230753189031
            ],
            [
              80.33531988720958,
              7.062210064615483
            ]
          ]
        ]
      },
      "properties": {
        "OBJECTID": 101,
        "Entity": "LWPolyline",
        "Handle": "33144",
        "Layer": "BLD",
        "LyrFrzn": 0,
        "LyrOn": 1,
        "Color": 8,
        "Linetype": "Continuous",
        "Elevation": -12.231000000000009,
        "LineWt": 25,
        "RefName": "",
        "DocUpdate": 1783359710000,
        "DocId": 1.1061215596273316e+19,
        "t0": null,
        "t00": null,
        "Shape_Length": 35.029149480981644,
        "Shape_Area": 76.63395430418323
      }
    },
    {
      "type": "Feature",
      "id": 102,
      "geometry": {
        "type": "Polygon",
        "coordinates": [
          [
            [
              80.33557841498805,
              7.0621609910628695
            ],
            [
              80.33561418192761,
              7.062122737676857
            ],
            [
              80.3356724671328,
              7.062177126236565
            ],
            [
              80.335636700193,
              7.062215379627015
            ],
            [
              80.33557841498805,
              7.0621609910628695
            ]
          ]
        ]
      },
      "properties": {
        "OBJECTID": 102,
        "Entity": "LWPolyline",
        "Handle": "33145",
        "Layer": "BLD",
        "LyrFrzn": 0,
        "LyrOn": 1,
        "Color": 8,
        "Linetype": "Continuous",
        "Elevation": -11.283999999999999,
        "LineWt": 25,
        "RefName": "",
        "DocUpdate": 1783359710000,
        "DocId": 1.1061215596273316e+19,
        "t0": null,
        "t00": null,
        "Shape_Length": 29.191354517373142,
        "Shape_Area": 50.975822794908765
      }
    },
    {
      "type": "Feature",
      "id": 103,
      "geometry": {
        "type": "Polygon",
        "coordinates": [
          [
            [
              80.33561773164728,
              7.062203668736295
            ],
            [
              80.3355913944927,
              7.062296735881489
            ],
            [
              80.33553264698305,
              7.062280143537962
            ],
            [
              80.33555898414782,
              7.06218707639703
            ],
            [
              80.33561773164728,
              7.062203668736295
            ]
          ]
        ]
      },
      "properties": {
        "OBJECTID": 103,
        "Entity": "LWPolyline",
        "Handle": "33146",
        "Layer": "BLD",
        "LyrFrzn": 0,
        "LyrOn": 1,
        "Color": 8,
        "Linetype": "Continuous",
        "Elevation": -11.315000000000005,
        "LineWt": 25,
        "RefName": "",
        "DocUpdate": 1783359710000,
        "DocId": 1.1061215596273316e+19,
        "t0": null,
        "t00": null,
        "Shape_Length": 34.869671901964914,
        "Shape_Area": 72.09350469964903
      }
    },
    {
      "type": "Feature",
      "id": 104,
      "geometry": {
        "type": "Polygon",
        "coordinates": [
          [
            [
              80.33575272289828,
              7.062267648770104
            ],
            [
              80.33578768959725,
              7.062275600576968
            ],
            [
              80.33577482331692,
              7.062332065020573
            ],
            [
              80.33573985661411,
              7.062324113212389
            ],
            [
              80.33575272289828,
              7.062267648770104
            ]
          ]
        ]
      },
      "properties": {
        "OBJECTID": 104,
        "Entity": "LWPolyline",
        "Handle": "33147",
        "Layer": "BLD",
        "LyrFrzn": 0,
        "LyrOn": 1,
        "Color": 8,
        "Linetype": "Continuous",
        "Elevation": -12.606000000000009,
        "LineWt": 25,
        "RefName": "",
        "DocUpdate": 1783359710000,
        "DocId": 1.1061215596273316e+19,
        "t0": null,
        "t00": null,
        "Shape_Length": 20.725441442783506,
        "Shape_Area": 25.356352202556458
      }
    },
    {
      "type": "Feature",
      "id": 105,
      "geometry": {
        "type": "Polygon",
        "coordinates": [
          [
            [
              80.33560079402632,
              7.062296621730367
            ],
            [
              80.33561113875254,
              7.0622369317493785
            ],
            [
              80.33573673479854,
              7.062258655732043
            ],
            [
              80.33572639008744,
              7.062318345717238
            ],
            [
              80.33560079402632,
              7.062296621730367
            ]
          ]
        ]
      },
      "properties": {
        "OBJECTID": 105,
        "Entity": "LWPolyline",
        "Handle": "33148",
        "Layer": "BLD",
        "LyrFrzn": 0,
        "LyrOn": 1,
        "Color": 8,
        "Linetype": "Continuous",
        "Elevation": -12.451999999999998,
        "LineWt": 25,
        "RefName": "",
        "DocUpdate": 1783359710000,
        "DocId": 1.1061215596273316e+19,
        "t0": null,
        "t00": null,
        "Shape_Length": 41.54963947373659,
        "Shape_Area": 94.280275707913
      }
    },
    {
      "type": "Feature",
      "id": 106,
      "geometry": {
        "type": "Polygon",
        "coordinates": [
          [
            [
              80.33730013568263,
              7.061652169936307
            ],
            [
              80.33731015715558,
              7.06157514673582
            ],
            [
              80.33743227193669,
              7.061591003016628
            ],
            [
              80.3374222504831,
              7.061668026221522
            ],
            [
              80.33730013568263,
              7.061652169936307
            ]
          ]
        ]
      },
      "properties": {
        "OBJECTID": 106,
        "Entity": "LWPolyline",
        "Handle": "3314A",
        "Layer": "BLD",
        "LyrFrzn": 0,
        "LyrOn": 1,
        "Color": 8,
        "Linetype": "Continuous",
        "Elevation": -7.748000000000005,
        "LineWt": 25,
        "RefName": "",
        "DocUpdate": 1783359710000,
        "DocId": 1.1061215596273316e+19,
        "t0": null,
        "t00": null,
        "Shape_Length": 44.37426504080019,
        "Shape_Area": 116.7836611047993
      }
    },
    {
      "type": "Feature",
      "id": 107,
      "geometry": {
        "type": "Polygon",
        "coordinates": [
          [
            [
              80.33703590224502,
              7.061778791204469
            ],
            [
              80.33712625753691,
              7.061800612162879
            ],
            [
              80.33711077760648,
              7.061864584204877
            ],
            [
              80.33702042230348,
              7.0618427632424225
            ],
            [
              80.33703590224502,
              7.061778791204469
            ]
          ]
        ]
      },
      "properties": {
        "OBJECTID": 107,
        "Entity": "LWPolyline",
        "Handle": "3314B",
        "Layer": "BLD",
        "LyrFrzn": 0,
        "LyrOn": 1,
        "Color": 8,
        "Linetype": "Continuous",
        "Elevation": -6.984000000000002,
        "LineWt": 25,
        "RefName": "",
        "DocUpdate": 1783359710000,
        "DocId": 1.1061215596273316e+19,
        "t0": null,
        "t00": null,
        "Shape_Length": 35.0854305725898,
        "Shape_Area": 74.70087920444621
      }
    },
    {
      "type": "Feature",
      "id": 108,
      "geometry": {
        "type": "Polygon",
        "coordinates": [
          [
            [
              80.33671908164466,
              7.061885727223728
            ],
            [
              80.33669588692784,
              7.062017967091673
            ],
            [
              80.33663299177664,
              7.062006957204832
            ],
            [
              80.33665618651023,
              7.061874717341567
            ],
            [
              80.33671908164466,
              7.061885727223728
            ]
          ]
        ]
      },
      "properties": {
        "OBJECTID": 108,
        "Entity": "LWPolyline",
        "Handle": "3314C",
        "Layer": "BLD",
        "LyrFrzn": 0,
        "LyrOn": 1,
        "Color": 8,
        "Linetype": "Continuous",
        "Elevation": -11.435000000000002,
        "LineWt": 25,
        "RefName": "",
        "DocUpdate": 1783359710000,
        "DocId": 1.1061215596273316e+19,
        "t0": null,
        "t00": null,
        "Shape_Length": 43.789236177404796,
        "Shape_Area": 104.67177930899166
      }
    },
    {
      "type": "Feature",
      "id": 109,
      "geometry": {
        "type": "Polygon",
        "coordinates": [
          [
            [
              80.33667493352155,
              7.062609373744578
            ],
            [
              80.33659284262352,
              7.06259351175782
            ],
            [
              80.33660060414937,
              7.062553422054009
            ],
            [
              80.33668269504085,
              7.062569284038793
            ],
            [
              80.33667493352155,
              7.062609373744578
            ]
          ]
        ]
      },
      "properties": {
        "OBJECTID": 109,
        "Entity": "LWPolyline",
        "Handle": "3314D",
        "Layer": "BLD",
        "LyrFrzn": 0,
        "LyrOn": 1,
        "Color": 8,
        "Linetype": "Continuous",
        "Elevation": -11.555,
        "LineWt": 25,
        "RefName": "",
        "DocUpdate": 1783359710000,
        "DocId": 1.1061215596273316e+19,
        "t0": null,
        "t00": null,
        "Shape_Length": 27.49733044361998,
        "Shape_Area": 41.68631599504977
      }
    },
    {
      "type": "Feature",
      "id": 110,
      "geometry": {
        "type": "Polygon",
        "coordinates": [
          [
            [
              80.33736258680518,
              7.062203500364738
            ],
            [
              80.3373273098587,
              7.06230597929024
            ],
            [
              80.33724352434012,
              7.062280336085809
            ],
            [
              80.33724099306878,
              7.062287729776221
            ],
            [
              80.33711966886806,
              7.062242412041103
            ],
            [
              80.33712772806365,
              7.06222088018509
            ],
            [
              80.33709148556697,
              7.062205937322432
            ],
            [
              80.33700216434383,
              7.062167494277562
            ],
            [
              80.33703860008488,
              7.062066444384682
            ],
            [
              80.33736258680518,
              7.062203500364738
            ]
          ]
        ]
      },
      "properties": {
        "OBJECTID": 110,
        "Entity": "LWPolyline",
        "Handle": "3314E",
        "Layer": "BLD",
        "LyrFrzn": 0,
        "LyrOn": 1,
        "Color": 8,
        "Linetype": "Continuous",
        "Elevation": 4.3459999999999965,
        "LineWt": 25,
        "RefName": "",
        "DocUpdate": 1783359710000,
        "DocId": 1.1061215596273316e+19,
        "t0": null,
        "t00": null,
        "Shape_Length": 105.17367762406862,
        "Shape_Area": 500.38356263229895
      }
    },
    {
      "type": "Feature",
      "id": 111,
      "geometry": {
        "type": "Polygon",
        "coordinates": [
          [
            [
              80.3361138140728,
              7.063009211963429
            ],
            [
              80.33612705066925,
              7.063017500060543
            ],
            [
              80.3361256966729,
              7.063019658162261
            ],
            [
              80.33611246007642,
              7.063011370065107
            ],
            [
              80.3361138140728,
              7.063009211963429
            ]
          ]
        ]
      },
      "properties": {
        "OBJECTID": 111,
        "Entity": "LWPolyline",
        "Handle": "3314F",
        "Layer": "BLD",
        "LyrFrzn": 0,
        "LyrOn": 1,
        "Color": 8,
        "Linetype": "Continuous",
        "Elevation": -17.653,
        "LineWt": 25,
        "RefName": "",
        "DocUpdate": 1783359710000,
        "DocId": 1.1061215596273316e+19,
        "t0": null,
        "t00": null,
        "Shape_Length": 4.013788017553801,
        "Shape_Area": 0.4858108005612165
      }
    },
    {
      "type": "Feature",
      "id": 112,
      "geometry": {
        "type": "Polygon",
        "coordinates": [
          [
            [
              80.3364691727412,
              7.062329453193693
            ],
            [
              80.33649104175365,
              7.062225325307394
            ],
            [
              80.33656513077895,
              7.062240854815435
            ],
            [
              80.3365432617817,
              7.062344982706619
            ],
            [
              80.3364691727412,
              7.062329453193693
            ]
          ]
        ]
      },
      "properties": {
        "OBJECTID": 112,
        "Entity": "LWPolyline",
        "Handle": "33150",
        "Layer": "BLD",
        "LyrFrzn": 0,
        "LyrOn": 1,
        "Color": 8,
        "Linetype": "Continuous",
        "Elevation": -11.083000000000006,
        "LineWt": 25,
        "RefName": "",
        "DocUpdate": 1783359710000,
        "DocId": 1.1061215596273316e+19,
        "t0": null,
        "t00": null,
        "Shape_Length": 40.24651323556281,
        "Shape_Area": 98.34366780000025
      }
    },
    {
      "type": "Feature",
      "id": 113,
      "geometry": {
        "type": "Polygon",
        "coordinates": [
          [
            [
              80.33644638229184,
              7.062348877317849
            ],
            [
              80.33657272757586,
              7.062378615421568
            ],
            [
              80.33655993153516,
              7.062432871120915
            ],
            [
              80.33643358623787,
              7.062403133012503
            ],
            [
              80.33644638229184,
              7.062348877317849
            ]
          ]
        ]
      },
      "properties": {
        "OBJECTID": 113,
        "Entity": "LWPolyline",
        "Handle": "33151",
        "Layer": "BLD",
        "LyrFrzn": 0,
        "LyrOn": 1,
        "Color": 8,
        "Linetype": "Continuous",
        "Elevation": -11.067,
        "LineWt": 25,
        "RefName": "",
        "DocUpdate": 1783359710000,
        "DocId": 1.1061215596273316e+19,
        "t0": null,
        "t00": null,
        "Shape_Length": 40.997070405307305,
        "Shape_Area": 88.34527039597128
      }
    },
    {
      "type": "Feature",
      "id": 114,
      "geometry": {
        "type": "Polygon",
        "coordinates": [
          [
            [
              80.33622450950182,
              7.062783308186745
            ],
            [
              80.33621637633784,
              7.062778574940911
            ],
            [
              80.33621961248302,
              7.062769615606866
            ],
            [
              80.33623027042874,
              7.0627753293431805
            ],
            [
              80.33622450950182,
              7.062783308186745
            ]
          ]
        ]
      },
      "properties": {
        "OBJECTID": 114,
        "Entity": "LWPolyline",
        "Handle": "33155",
        "Layer": "BLD",
        "LyrFrzn": 0,
        "LyrOn": 1,
        "Color": 8,
        "Linetype": "Continuous",
        "Elevation": -17.700000000000003,
        "LineWt": 25,
        "RefName": "",
        "DocUpdate": 1783359710000,
        "DocId": 1.1061215596273316e+19,
        "t0": null,
        "t00": null,
        "Shape_Length": 4.51606552941085,
        "Shape_Area": 1.2584825000045077
      }
    },
    {
      "type": "Feature",
      "id": 115,
      "geometry": {
        "type": "Polygon",
        "coordinates": [
          [
            [
              80.33624918177456,
              7.0628030531097705
            ],
            [
              80.33624679255938,
              7.062800342437239
            ],
            [
              80.33624791943504,
              7.062799351766214
            ],
            [
              80.33625030865022,
              7.062802062438723
            ],
            [
              80.33624918177456,
              7.0628030531097705
            ]
          ]
        ]
      },
      "properties": {
        "OBJECTID": 115,
        "Entity": "LWPolyline",
        "Handle": "33156",
        "Layer": "BLD",
        "LyrFrzn": 0,
        "LyrOn": 1,
        "Color": 8,
        "Linetype": "Continuous",
        "Elevation": -16.397,
        "LineWt": 25,
        "RefName": "",
        "DocUpdate": 1783359710000,
        "DocId": 1.1061215596273316e+19,
        "t0": null,
        "t00": null,
        "Shape_Length": 1.1301556806618702,
        "Shape_Area": 0.06619670009680018
      }
    },
    {
      "type": "Feature",
      "id": 116,
      "geometry": {
        "type": "Polygon",
        "coordinates": [
          [
            [
              80.33513750293532,
              7.062211170542304
            ],
            [
              80.3351237055916,
              7.062256361323986
            ],
            [
              80.33499899662667,
              7.062218363153204
            ],
            [
              80.33501279398071,
              7.062173172376165
            ],
            [
              80.33513750293532,
              7.062211170542304
            ]
          ]
        ]
      },
      "properties": {
        "OBJECTID": 116,
        "Entity": "LWPolyline",
        "Handle": "33157",
        "Layer": "BLD",
        "LyrFrzn": 0,
        "LyrOn": 1,
        "Color": 8,
        "Linetype": "Continuous",
        "Elevation": -13.454,
        "LineWt": 25,
        "RefName": "",
        "DocUpdate": 1783359710000,
        "DocId": 1.1061215596273316e+19,
        "t0": null,
        "t00": null,
        "Shape_Length": 39.24592058833729,
        "Shape_Area": 75.21332331616561
      }
    },
    {
      "type": "Feature",
      "id": 117,
      "geometry": {
        "type": "Polygon",
        "coordinates": [
          [
            [
              80.33519165963057,
              7.062234883218798
            ],
            [
              80.3351602365796,
              7.0623399652521215
            ],
            [
              80.33510644831318,
              7.062323912695056
            ],
            [
              80.33513787137453,
              7.062218830666335
            ],
            [
              80.33519165963057,
              7.062234883218798
            ]
          ]
        ]
      },
      "properties": {
        "OBJECTID": 117,
        "Entity": "LWPolyline",
        "Handle": "33158",
        "Layer": "BLD",
        "LyrFrzn": 0,
        "LyrOn": 1,
        "Color": 8,
        "Linetype": "Continuous",
        "Elevation": -13.698,
        "LineWt": 25,
        "RefName": "",
        "DocUpdate": 1783359710000,
        "DocId": 1.1061215596273316e+19,
        "t0": null,
        "t00": null,
        "Shape_Length": 36.64910411417296,
        "Shape_Area": 75.17217499664947
      }
    },
    {
      "type": "Feature",
      "id": 118,
      "geometry": {
        "type": "Polygon",
        "coordinates": [
          [
            [
              80.3352646992697,
              7.062249089004393
            ],
            [
              80.33534368509952,
              7.0622650833757925
            ],
            [
              80.33530633545841,
              7.0624491590296
            ],
            [
              80.33522734959982,
              7.062433164649219
            ],
            [
              80.3352646992697,
              7.062249089004393
            ]
          ]
        ]
      },
      "properties": {
        "OBJECTID": 118,
        "Entity": "LWPolyline",
        "Handle": "33159",
        "Layer": "BLD",
        "LyrFrzn": 0,
        "LyrOn": 1,
        "Color": 8,
        "Linetype": "Continuous",
        "Elevation": -13.257000000000005,
        "LineWt": 25,
        "RefName": "",
        "DocUpdate": 1783359710000,
        "DocId": 1.1061215596273316e+19,
        "t0": null,
        "t00": null,
        "Shape_Length": 59.33019197789091,
        "Shape_Area": 184.8199579914283
      }
    },
    {
      "type": "Feature",
      "id": 119,
      "geometry": {
        "type": "Polygon",
        "coordinates": [
          [
            [
              80.3357788931021,
              7.0623797759756695
            ],
            [
              80.33572547597174,
              7.062523032473465
            ],
            [
              80.3356619068346,
              7.062496375755722
            ],
            [
              80.33566386696361,
              7.062491404511282
            ],
            [
              80.33565700193499,
              7.062488218912513
            ],
            [
              80.33547680977088,
              7.0624568643361085
            ],
            [
              80.33548346413335,
              7.062400213766312
            ],
            [
              80.33550605676203,
              7.062322763513801
            ],
            [
              80.33559748530082,
              7.062362774682913
            ],
            [
              80.33560296948497,
              7.062371068031867
            ],
            [
              80.33568955143254,
              7.062400145502268
            ],
            [
              80.33569902737982,
              7.062373768293754
            ],
            [
              80.3357788931021,
              7.0623797759756695
            ]
          ]
        ]
      },
      "properties": {
        "OBJECTID": 119,
        "Entity": "LWPolyline",
        "Handle": "3315A",
        "Layer": "BLD",
        "LyrFrzn": 0,
        "LyrOn": 1,
        "Color": 8,
        "Linetype": "Continuous",
        "Elevation": -12.612000000000002,
        "LineWt": 25,
        "RefName": "",
        "DocUpdate": 1783359710000,
        "DocId": 1.1061215596273316e+19,
        "t0": null,
        "t00": null,
        "Shape_Length": 95.5220114743502,
        "Shape_Area": 397.34577679473585
      }
    },
    {
      "type": "Feature",
      "id": 120,
      "geometry": {
        "type": "Polygon",
        "coordinates": [
          [
            [
              80.33809658912361,
              7.0631662170514105
            ],
            [
              80.33805580060067,
              7.06324656238175
            ],
            [
              80.33796553150131,
              7.063200828504183
            ],
            [
              80.33800632003437,
              7.063120483182676
            ],
            [
              80.33809658912361,
              7.0631662170514105
            ]
          ]
        ]
      },
      "properties": {
        "OBJECTID": 120,
        "Entity": "LWPolyline",
        "Handle": "3315B",
        "Layer": "BLD",
        "LyrFrzn": 0,
        "LyrOn": 1,
        "Color": 8,
        "Linetype": "Continuous",
        "Elevation": -13.963000000000001,
        "LineWt": 25,
        "RefName": "",
        "DocUpdate": 1783359710000,
        "DocId": 1.1061215596273316e+19,
        "t0": null,
        "t00": null,
        "Shape_Length": 42.275936385571434,
        "Shape_Area": 111.33200070280705
      }
    },
    {
      "type": "Feature",
      "id": 121,
      "geometry": {
        "type": "Polygon",
        "coordinates": [
          [
            [
              80.33769081906757,
              7.063488116793056
            ],
            [
              80.33758269094994,
              7.0634150748951585
            ],
            [
              80.33761077797008,
              7.063373579444878
            ],
            [
              80.33771890608372,
              7.063446621335904
            ],
            [
              80.33769081906757,
              7.063488116793056
            ]
          ]
        ]
      },
      "properties": {
        "OBJECTID": 121,
        "Entity": "LWPolyline",
        "Handle": "3315C",
        "Layer": "BLD",
        "LyrFrzn": 0,
        "LyrOn": 1,
        "Color": 8,
        "Linetype": "Continuous",
        "Elevation": -12.495000000000005,
        "LineWt": 25,
        "RefName": "",
        "DocUpdate": 1783359710000,
        "DocId": 1.1061215596273316e+19,
        "t0": null,
        "t00": null,
        "Shape_Length": 39.9075458590213,
        "Shape_Area": 79.83312520201405
      }
    },
    {
      "type": "Feature",
      "id": 122,
      "geometry": {
        "type": "Polygon",
        "coordinates": [
          [
            [
              80.33772305673928,
              7.063491726440484
            ],
            [
              80.33777213717636,
              7.06353562356825
            ],
            [
              80.33773522252463,
              7.063576815232778
            ],
            [
              80.33768614208739,
              7.063532918101121
            ],
            [
              80.33772305673928,
              7.063491726440484
            ]
          ]
        ]
      },
      "properties": {
        "OBJECTID": 122,
        "Entity": "LWPolyline",
        "Handle": "3315D",
        "Layer": "BLD",
        "LyrFrzn": 0,
        "LyrOn": 1,
        "Color": 8,
        "Linetype": "Continuous",
        "Elevation": -12.566000000000003,
        "LineWt": 25,
        "RefName": "",
        "DocUpdate": 1783359710000,
        "DocId": 1.1061215596273316e+19,
        "t0": null,
        "t00": null,
        "Shape_Length": 26.77578409421352,
        "Shape_Area": 44.47056539462294
      }
    },
    {
      "type": "Feature",
      "id": 123,
      "geometry": {
        "type": "Polygon",
        "coordinates": [
          [
            [
              80.34242963775142,
              7.052281297961761
            ],
            [
              80.34248880735838,
              7.05228300580089
            ],
            [
              80.34248531122955,
              7.052403904815589
            ],
            [
              80.34242614160735,
              7.052402196974606
            ],
            [
              80.34242963775142,
              7.052281297961761
            ]
          ]
        ]
      },
      "properties": {
        "OBJECTID": 123,
        "Entity": "LWPolyline",
        "Handle": "33161",
        "Layer": "BLD",
        "LyrFrzn": 0,
        "LyrOn": 1,
        "Color": 8,
        "Linetype": "Continuous",
        "Elevation": -63.99,
        "LineWt": 25,
        "RefName": "",
        "DocUpdate": 1783359710000,
        "DocId": 1.1061215596273316e+19,
        "t0": null,
        "t00": null,
        "Shape_Length": 39.81842600982094,
        "Shape_Area": 87.41940099341886
      }
    },
    {
      "type": "Feature",
      "id": 124,
      "geometry": {
        "type": "Polygon",
        "coordinates": [
          [
            [
              80.34215785479653,
              7.053745929224567
            ],
            [
              80.34210896145598,
              7.053700044689641
            ],
            [
              80.34219980501494,
              7.053603433414213
            ],
            [
              80.34224869835606,
              7.053649317939721
            ],
            [
              80.34215785479653,
              7.053745929224567
            ]
          ]
        ]
      },
      "properties": {
        "OBJECTID": 124,
        "Entity": "LWPolyline",
        "Handle": "33162",
        "Layer": "BLD",
        "LyrFrzn": 0,
        "LyrOn": 1,
        "Color": 8,
        "Linetype": "Continuous",
        "Elevation": -63.99,
        "LineWt": 25,
        "RefName": "",
        "DocUpdate": 1783359710000,
        "DocId": 1.1061215596273316e+19,
        "t0": null,
        "t00": null,
        "Shape_Length": 44.12634420822928,
        "Shape_Area": 108.57264810163068
      }
    },
    {
      "type": "Feature",
      "id": 125,
      "geometry": {
        "type": "Polygon",
        "coordinates": [
          [
            [
              80.34184999197262,
              7.053836012391089
            ],
            [
              80.34192122724944,
              7.053747444719692
            ],
            [
              80.34195883398316,
              7.053777633236041
            ],
            [
              80.34188759870783,
              7.053866200913296
            ],
            [
              80.34184999197262,
              7.053836012391089
            ]
          ]
        ]
      },
      "properties": {
        "OBJECTID": 125,
        "Entity": "LWPolyline",
        "Handle": "33163",
        "Layer": "BLD",
        "LyrFrzn": 0,
        "LyrOn": 1,
        "Color": 8,
        "Linetype": "Continuous",
        "Elevation": -63.99,
        "LineWt": 25,
        "RefName": "",
        "DocUpdate": 1783359710000,
        "DocId": 1.1061215596273316e+19,
        "t0": null,
        "t00": null,
        "Shape_Length": 35.77804409370626,
        "Shape_Area": 66.92689139409586
      }
    },
    {
      "type": "Feature",
      "id": 126,
      "geometry": {
        "type": "Polygon",
        "coordinates": [
          [
            [
              80.34174763471128,
              7.054572558483999
            ],
            [
              80.34172560460051,
              7.0546630787233795
            ],
            [
              80.3416726462921,
              7.0546502157335516
            ],
            [
              80.34169467641208,
              7.054559695497516
            ],
            [
              80.34174763471128,
              7.054572558483999
            ]
          ]
        ]
      },
      "properties": {
        "OBJECTID": 126,
        "Entity": "LWPolyline",
        "Handle": "33164",
        "Layer": "BLD",
        "LyrFrzn": 0,
        "LyrOn": 1,
        "Color": 8,
        "Linetype": "Continuous",
        "Elevation": -63.99,
        "LineWt": 25,
        "RefName": "",
        "DocUpdate": 1783359710000,
        "DocId": 1.1061215596273316e+19,
        "t0": null,
        "t00": null,
        "Shape_Length": 32.636608592744885,
        "Shape_Area": 61.99317300730194
      }
    },
    {
      "type": "Feature",
      "id": 127,
      "geometry": {
        "type": "Polygon",
        "coordinates": [
          [
            [
              80.34134252715704,
              7.054855794454972
            ],
            [
              80.34137830639347,
              7.054909961501374
            ],
            [
              80.34126266530741,
              7.054986197289773
            ],
            [
              80.34122688608022,
              7.054932030235389
            ],
            [
              80.34134252715704,
              7.054855794454972
            ]
          ]
        ]
      },
      "properties": {
        "OBJECTID": 127,
        "Entity": "LWPolyline",
        "Handle": "33165",
        "Layer": "BLD",
        "LyrFrzn": 0,
        "LyrOn": 1,
        "Color": 8,
        "Linetype": "Continuous",
        "Elevation": -63.99,
        "LineWt": 25,
        "RefName": "",
        "DocUpdate": 1783359710000,
        "DocId": 1.1061215596273316e+19,
        "t0": null,
        "t00": null,
        "Shape_Length": 44.953868803476695,
        "Shape_Area": 109.78892289449931
      }
    },
    {
      "type": "Feature",
      "id": 128,
      "geometry": {
        "type": "Polygon",
        "coordinates": [
          [
            [
              80.33718899956071,
              7.056430510971897
            ],
            [
              80.33722447262397,
              7.056422747959742
            ],
            [
              80.33724368253529,
              7.056510350518944
            ],
            [
              80.33720820946539,
              7.056518113531955
            ],
            [
              80.33718899956071,
              7.056430510971897
            ]
          ]
        ]
      },
      "properties": {
        "OBJECTID": 128,
        "Entity": "LWPolyline",
        "Handle": "33166",
        "Layer": "BLD",
        "LyrFrzn": 0,
        "LyrOn": 1,
        "Color": 8,
        "Linetype": "Continuous",
        "Elevation": -63.99,
        "LineWt": 25,
        "RefName": "",
        "DocUpdate": 1783359710000,
        "DocId": 1.1061215596273316e+19,
        "t0": null,
        "t00": null,
        "Shape_Length": 27.850435055000556,
        "Shape_Area": 39.76429639778469
      }
    },
    {
      "type": "Feature",
      "id": 129,
      "geometry": {
        "type": "Polygon",
        "coordinates": [
          [
            [
              80.33750249093085,
              7.056573601161601
            ],
            [
              80.33745330639321,
              7.056518719238797
            ],
            [
              80.33753394503552,
              7.0564465947796995
            ],
            [
              80.33758312957663,
              7.056501476694332
            ],
            [
              80.33750249093085,
              7.056573601161601
            ]
          ]
        ]
      },
      "properties": {
        "OBJECTID": 129,
        "Entity": "LWPolyline",
        "Handle": "33167",
        "Layer": "BLD",
        "LyrFrzn": 0,
        "LyrOn": 1,
        "Color": 8,
        "Linetype": "Continuous",
        "Elevation": -63.99,
        "LineWt": 25,
        "RefName": "",
        "DocUpdate": 1783359710000,
        "DocId": 1.1061215596273316e+19,
        "t0": null,
        "t00": null,
        "Shape_Length": 40.19572537768846,
        "Shape_Area": 97.35168060003835
      }
    },
    {
      "type": "Feature",
      "id": 130,
      "geometry": {
        "type": "Polygon",
        "coordinates": [
          [
            [
              80.33732963766182,
              7.056081876624627
            ],
            [
              80.33728551823813,
              7.055958184840516
            ],
            [
              80.33736441369619,
              7.055930099748138
            ],
            [
              80.33740853313955,
              7.056053791526645
            ],
            [
              80.33732963766182,
              7.056081876624627
            ]
          ]
        ]
      },
      "properties": {
        "OBJECTID": 130,
        "Entity": "LWPolyline",
        "Handle": "33168",
        "Layer": "BLD",
        "LyrFrzn": 0,
        "LyrOn": 1,
        "Color": 8,
        "Linetype": "Continuous",
        "Elevation": -63.99,
        "LineWt": 25,
        "RefName": "",
        "DocUpdate": 1783359710000,
        "DocId": 1.1061215596273316e+19,
        "t0": null,
        "t00": null,
        "Shape_Length": 47.5343136636722,
        "Shape_Area": 134.2851879004793
      }
    },
    {
      "type": "Feature",
      "id": 131,
      "geometry": {
        "type": "Polygon",
        "coordinates": [
          [
            [
              80.33793312123122,
              7.055510026283088
            ],
            [
              80.33800223986603,
              7.055529681247604
            ],
            [
              80.33795567788596,
              7.0556931000397105
            ],
            [
              80.33788655923017,
              7.055673445066362
            ],
            [
              80.33793312123122,
              7.055510026283088
            ]
          ]
        ]
      },
      "properties": {
        "OBJECTID": 131,
        "Entity": "LWPolyline",
        "Handle": "33169",
        "Layer": "BLD",
        "LyrFrzn": 0,
        "LyrOn": 1,
        "Color": 8,
        "Linetype": "Continuous",
        "Elevation": -63.99,
        "LineWt": 25,
        "RefName": "",
        "DocUpdate": 1783359710000,
        "DocId": 1.1061215596273316e+19,
        "t0": null,
        "t00": null,
        "Shape_Length": 53.442645054340204,
        "Shape_Area": 149.09181639301804
      }
    },
    {
      "type": "Feature",
      "id": 132,
      "geometry": {
        "type": "Polygon",
        "coordinates": [
          [
            [
              80.33903107207993,
              7.055788948670291
            ],
            [
              80.33901391115118,
              7.055923875647423
            ],
            [
              80.33896588865308,
              7.055917779831304
            ],
            [
              80.33898304959517,
              7.0557828528571935
            ],
            [
              80.33903107207993,
              7.055788948670291
            ]
          ]
        ]
      },
      "properties": {
        "OBJECTID": 132,
        "Entity": "LWPolyline",
        "Handle": "3316A",
        "Layer": "BLD",
        "LyrFrzn": 0,
        "LyrOn": 1,
        "Color": 8,
        "Linetype": "Continuous",
        "Elevation": -63.99,
        "LineWt": 25,
        "RefName": "",
        "DocUpdate": 1783359710000,
        "DocId": 1.1061215596273316e+19,
        "t0": null,
        "t00": null,
        "Shape_Length": 40.766305400513566,
        "Shape_Area": 80.39340000008215
      }
    },
    {
      "type": "Feature",
      "id": 133,
      "geometry": {
        "type": "Polygon",
        "coordinates": [
          [
            [
              80.33986626310396,
              7.055957080461083
            ],
            [
              80.33990929291926,
              7.0559984523500985
            ],
            [
              80.33981215241651,
              7.056099287406442
            ],
            [
              80.33976912260219,
              7.056057915508587
            ],
            [
              80.33986626310396,
              7.055957080461083
            ]
          ]
        ]
      },
      "properties": {
        "OBJECTID": 133,
        "Entity": "LWPolyline",
        "Handle": "3316B",
        "Layer": "BLD",
        "LyrFrzn": 0,
        "LyrOn": 1,
        "Color": 8,
        "Linetype": "Continuous",
        "Elevation": -63.99,
        "LineWt": 25,
        "RefName": "",
        "DocUpdate": 1783359710000,
        "DocId": 1.1061215596273316e+19,
        "t0": null,
        "t00": null,
        "Shape_Length": 44.13534253946309,
        "Shape_Area": 102.05001040038553
      }
    },
    {
      "type": "Feature",
      "id": 134,
      "geometry": {
        "type": "Polygon",
        "coordinates": [
          [
            [
              80.33899249319313,
              7.055519894232734
            ],
            [
              80.33908494755454,
              7.055439261849605
            ],
            [
              80.33917738199703,
              7.055545039724018
            ],
            [
              80.33908492762721,
              7.055625672124625
            ],
            [
              80.33899249319313,
              7.055519894232734
            ]
          ]
        ]
      },
      "properties": {
        "OBJECTID": 134,
        "Entity": "LWPolyline",
        "Handle": "3316C",
        "Layer": "BLD",
        "LyrFrzn": 0,
        "LyrOn": 1,
        "Color": 8,
        "Linetype": "Continuous",
        "Elevation": -63.99,
        "LineWt": 25,
        "RefName": "",
        "DocUpdate": 1783359710000,
        "DocId": 1.1061215596273316e+19,
        "t0": null,
        "t00": null,
        "Shape_Length": 58.156307066931255,
        "Shape_Area": 210.4158423089515
      }
    },
    {
      "type": "Feature",
      "id": 135,
      "geometry": {
        "type": "Polygon",
        "coordinates": [
          [
            [
              80.3391100871845,
              7.055375744766729
            ],
            [
              80.33917504410454,
              7.055442941486168
            ],
            [
              80.33913026560161,
              7.055486142043078
            ],
            [
              80.33906530868187,
              7.0554189462221055
            ],
            [
              80.3391100871845,
              7.055375744766729
            ]
          ]
        ]
      },
      "properties": {
        "OBJECTID": 135,
        "Entity": "LWPolyline",
        "Handle": "3316D",
        "Layer": "BLD",
        "LyrFrzn": 0,
        "LyrOn": 1,
        "Color": 8,
        "Linetype": "Continuous",
        "Elevation": -63.99,
        "LineWt": 25,
        "RefName": "",
        "DocUpdate": 1783359710000,
        "DocId": 1.1061215596273316e+19,
        "t0": null,
        "t00": null,
        "Shape_Length": 34.40544204435965,
        "Shape_Area": 71.00400795400408
      }
    },
    {
      "type": "Feature",
      "id": 136,
      "geometry": {
        "type": "Polygon",
        "coordinates": [
          [
            [
              80.33948962961273,
              7.055096524347104
            ],
            [
              80.33943219917515,
              7.05501550163705
            ],
            [
              80.33962822672892,
              7.054876827765507
            ],
            [
              80.33968565718801,
              7.054957850453504
            ],
            [
              80.33948962961273,
              7.055096524347104
            ]
          ]
        ]
      },
      "properties": {
        "OBJECTID": 136,
        "Entity": "LWPolyline",
        "Handle": "3316E",
        "Layer": "BLD",
        "LyrFrzn": 0,
        "LyrOn": 1,
        "Color": 8,
        "Linetype": "Continuous",
        "Elevation": -63.99,
        "LineWt": 25,
        "RefName": "",
        "DocUpdate": 1783359710000,
        "DocId": 1.1061215596273316e+19,
        "t0": null,
        "t00": null,
        "Shape_Length": 75.00905824924226,
        "Shape_Area": 291.17354920280883
      }
    },
    {
      "type": "Feature",
      "id": 137,
      "geometry": {
        "type": "Polygon",
        "coordinates": [
          [
            [
              80.33971082455301,
              7.054815888413842
            ],
            [
              80.33967792319737,
              7.054874027954532
            ],
            [
              80.3396353813932,
              7.054850000310694
            ],
            [
              80.33966828275189,
              7.0547918607732765
            ],
            [
              80.33971082455301,
              7.054815888413842
            ]
          ]
        ]
      },
      "properties": {
        "OBJECTID": 137,
        "Entity": "LWPolyline",
        "Handle": "3316F",
        "Layer": "BLD",
        "LyrFrzn": 0,
        "LyrOn": 1,
        "Color": 8,
        "Linetype": "Continuous",
        "Elevation": -63.99,
        "LineWt": 25,
        "RefName": "",
        "DocUpdate": 1783359710000,
        "DocId": 1.1061215596273316e+19,
        "t0": null,
        "t00": null,
        "Shape_Length": 25.562184598378977,
        "Shape_Area": 39.85285279866466
      }
    },
    {
      "type": "Feature",
      "id": 138,
      "geometry": {
        "type": "Polygon",
        "coordinates": [
          [
            [
              80.33945467090506,
              7.055051944604492
            ],
            [
              80.33950676073641,
              7.055125589601477
            ],
            [
              80.33921733573786,
              7.055329898212888
            ],
            [
              80.33916524593542,
              7.0552562531863785
            ],
            [
              80.33945467090506,
              7.055051944604492
            ]
          ]
        ]
      },
      "properties": {
        "OBJECTID": 138,
        "Entity": "LWPolyline",
        "Handle": "33170",
        "Layer": "BLD",
        "LyrFrzn": 0,
        "LyrOn": 1,
        "Color": 8,
        "Linetype": "Continuous",
        "Elevation": -63.99,
        "LineWt": 25,
        "RefName": "",
        "DocUpdate": 1783359710000,
        "DocId": 1.1061215596273316e+19,
        "t0": null,
        "t00": null,
        "Shape_Length": 98.21955253256041,
        "Shape_Area": 390.20186202067475
      }
    },
    {
      "type": "Feature",
      "id": 139,
      "geometry": {
        "type": "Polygon",
        "coordinates": [
          [
            [
              80.33913067785937,
              7.055265680174821
            ],
            [
              80.33918407182097,
              7.0553422713137905
            ],
            [
              80.33913818387083,
              7.055374198884793
            ],
            [
              80.33908478991411,
              7.055297607741023
            ],
            [
              80.33913067785937,
              7.055265680174821
            ]
          ]
        ]
      },
      "properties": {
        "OBJECTID": 139,
        "Entity": "LWPolyline",
        "Handle": "33171",
        "Layer": "BLD",
        "LyrFrzn": 0,
        "LyrOn": 1,
        "Color": 8,
        "Linetype": "Continuous",
        "Elevation": -63.99,
        "LineWt": 25,
        "RefName": "",
        "DocUpdate": 1783359710000,
        "DocId": 1.1061215596273316e+19,
        "t0": null,
        "t00": null,
        "Shape_Length": 32.989501895292726,
        "Shape_Area": 63.72916499504237
      }
    },
    {
      "type": "Feature",
      "id": 140,
      "geometry": {
        "type": "Polygon",
        "coordinates": [
          [
            [
              80.34082974286298,
              7.054660993632433
            ],
            [
              80.340866179456,
              7.054767588539938
            ],
            [
              80.34074151545818,
              7.054810117497491
            ],
            [
              80.34070507889216,
              7.054703522582787
            ],
            [
              80.34082974286298,
              7.054660993632433
            ]
          ]
        ]
      },
      "properties": {
        "OBJECTID": 140,
        "Entity": "LWPolyline",
        "Handle": "33172",
        "Layer": "BLD",
        "LyrFrzn": 0,
        "LyrOn": 1,
        "Color": 8,
        "Linetype": "Continuous",
        "Elevation": -63.99,
        "LineWt": 25,
        "RefName": "",
        "DocUpdate": 1783359710000,
        "DocId": 1.1061215596273316e+19,
        "t0": null,
        "t00": null,
        "Shape_Length": 54.003768493422896,
        "Shape_Area": 181.1765647924887
      }
    },
    {
      "type": "Feature",
      "id": 141,
      "geometry": {
        "type": "Polygon",
        "coordinates": [
          [
            [
              80.340488077422,
              7.055053378242511
            ],
            [
              80.34044412392731,
              7.055016602859251
            ],
            [
              80.34051289125972,
              7.054934575374146
            ],
            [
              80.34055684475328,
              7.054971350750829
            ],
            [
              80.340488077422,
              7.055053378242511
            ]
          ]
        ]
      },
      "properties": {
        "OBJECTID": 141,
        "Entity": "LWPolyline",
        "Handle": "33173",
        "Layer": "BLD",
        "LyrFrzn": 0,
        "LyrOn": 1,
        "Color": 8,
        "Linetype": "Continuous",
        "Elevation": -63.99,
        "LineWt": 25,
        "RefName": "",
        "DocUpdate": 1783359710000,
        "DocId": 1.1061215596273316e+19,
        "t0": null,
        "t00": null,
        "Shape_Length": 36.321880643575426,
        "Shape_Area": 74.90136120088023
      }
    },
    {
      "type": "Feature",
      "id": 142,
      "geometry": {
        "type": "Polygon",
        "coordinates": [
          [
            [
              80.3408312361662,
              7.054450202696116
            ],
            [
              80.34096229942499,
              7.054191379250888
            ],
            [
              80.34102031472642,
              7.0542206993417125
            ],
            [
              80.34088925148859,
              7.054479522805112
            ],
            [
              80.3408312361662,
              7.054450202696116
            ]
          ]
        ]
      },
      "properties": {
        "OBJECTID": 142,
        "Entity": "LWPolyline",
        "Handle": "33174",
        "Layer": "BLD",
        "LyrFrzn": 0,
        "LyrOn": 1,
        "Color": 8,
        "Linetype": "Continuous",
        "Elevation": -63.99,
        "LineWt": 25,
        "RefName": "",
        "DocUpdate": 1783359710000,
        "DocId": 1.1061215596273316e+19,
        "t0": null,
        "t00": null,
        "Shape_Length": 78.49562157210971,
        "Shape_Area": 230.2660069832491
      }
    },
    {
      "type": "Feature",
      "id": 143,
      "geometry": {
        "type": "Polygon",
        "coordinates": [
          [
            [
              80.34099510588291,
              7.054170751474858
            ],
            [
              80.34101445017383,
              7.054129208110133
            ],
            [
              80.34106415250803,
              7.054152305920501
            ],
            [
              80.34104480822019,
              7.054193849287568
            ],
            [
              80.34099510588291,
              7.054170751474858
            ]
          ]
        ]
      },
      "properties": {
        "OBJECTID": 143,
        "Entity": "LWPolyline",
        "Handle": "33175",
        "Layer": "BLD",
        "LyrFrzn": 0,
        "LyrOn": 1,
        "Color": 8,
        "Linetype": "Continuous",
        "Elevation": -63.99,
        "LineWt": 25,
        "RefName": "",
        "DocUpdate": 1783359710000,
        "DocId": 1.1061215596273316e+19,
        "t0": null,
        "t00": null,
        "Shape_Length": 22.23933371889177,
        "Shape_Area": 30.667283395855016
      }
    },
    {
      "type": "Feature",
      "id": 144,
      "geometry": {
        "type": "Polygon",
        "coordinates": [
          [
            [
              80.34097066447075,
              7.053949458447566
            ],
            [
              80.34113377160386,
              7.0540209596976675
            ],
            [
              80.34110202846298,
              7.054093229847777
            ],
            [
              80.3409389213115,
              7.054021728584913
            ],
            [
              80.34097066447075,
              7.053949458447566
            ]
          ]
        ]
      },
      "properties": {
        "OBJECTID": 144,
        "Entity": "LWPolyline",
        "Handle": "33176",
        "Layer": "BLD",
        "LyrFrzn": 0,
        "LyrOn": 1,
        "Color": 8,
        "Linetype": "Continuous",
        "Elevation": 89.73799999999997,
        "LineWt": 25,
        "RefName": "",
        "DocUpdate": 1783359710000,
        "DocId": 1.1061215596273316e+19,
        "t0": null,
        "t00": null,
        "Shape_Length": 56.79512701982978,
        "Shape_Area": 171.64426609609512
      }
    },
    {
      "type": "Feature",
      "id": 145,
      "geometry": {
        "type": "Polygon",
        "coordinates": [
          [
            [
              80.34114258605763,
              7.054705522230497
            ],
            [
              80.3411668351794,
              7.0547618818980755
            ],
            [
              80.34108766191831,
              7.054795880232945
            ],
            [
              80.34106341280513,
              7.054739520562056
            ],
            [
              80.34114258605763,
              7.054705522230497
            ]
          ]
        ]
      },
      "properties": {
        "OBJECTID": 145,
        "Entity": "LWPolyline",
        "Handle": "33177",
        "Layer": "BLD",
        "LyrFrzn": 0,
        "LyrOn": 1,
        "Color": 8,
        "Linetype": "Continuous",
        "Elevation": -63.99,
        "LineWt": 25,
        "RefName": "",
        "DocUpdate": 1783359710000,
        "DocId": 1.1061215596273316e+19,
        "t0": null,
        "t00": null,
        "Shape_Length": 32.59981104223501,
        "Shape_Area": 64.55042999891069
      }
    },
    {
      "type": "Feature",
      "id": 146,
      "geometry": {
        "type": "Polygon",
        "coordinates": [
          [
            [
              80.34127894043169,
              7.054605003568643
            ],
            [
              80.34132640511386,
              7.054654656280669
            ],
            [
              80.34126297597496,
              7.054715171619114
            ],
            [
              80.34121551129459,
              7.054665518900806
            ],
            [
              80.34127894043169,
              7.054605003568643
            ]
          ]
        ]
      },
      "properties": {
        "OBJECTID": 146,
        "Entity": "LWPolyline",
        "Handle": "33178",
        "Layer": "BLD",
        "LyrFrzn": 0,
        "LyrOn": 1,
        "Color": 8,
        "Linetype": "Continuous",
        "Elevation": -63.99,
        "LineWt": 25,
        "RefName": "",
        "DocUpdate": 1783359710000,
        "DocId": 1.1061215596273316e+19,
        "t0": null,
        "t00": null,
        "Shape_Length": 34.554471689126345,
        "Shape_Area": 73.52689740169107
      }
    },
    {
      "type": "Feature",
      "id": 147,
      "geometry": {
        "type": "Polygon",
        "coordinates": [
          [
            [
              80.34112993107976,
              7.054504950665113
            ],
            [
              80.34119500803155,
              7.0545405446136025
            ],
            [
              80.34114055106107,
              7.054639913367241
            ],
            [
              80.341075474101,
              7.054604319410428
            ],
            [
              80.34112993107976,
              7.054504950665113
            ]
          ]
        ]
      },
      "properties": {
        "OBJECTID": 147,
        "Entity": "LWPolyline",
        "Handle": "33179",
        "Layer": "BLD",
        "LyrFrzn": 0,
        "LyrOn": 1,
        "Color": 8,
        "Linetype": "Continuous",
        "Elevation": -63.99,
        "LineWt": 25,
        "RefName": "",
        "DocUpdate": 1783359710000,
        "DocId": 1.1061215596273316e+19,
        "t0": null,
        "t00": null,
        "Shape_Length": 41.43691096630158,
        "Shape_Area": 102.62603639733364
      }
    },
    {
      "type": "Feature",
      "id": 148,
      "geometry": {
        "type": "Polygon",
        "coordinates": [
          [
            [
              80.3410718551347,
              7.054525537364613
            ],
            [
              80.34095513876598,
              7.0544805456615665
            ],
            [
              80.34109415782605,
              7.0541206126141205
            ],
            [
              80.3412108741245,
              7.054165604275989
            ],
            [
              80.3410718551347,
              7.054525537364613
            ]
          ]
        ]
      },
      "properties": {
        "OBJECTID": 148,
        "Entity": "LWPolyline",
        "Handle": "3317A",
        "Layer": "BLD",
        "LyrFrzn": 0,
        "LyrOn": 1,
        "Color": 8,
        "Linetype": "Continuous",
        "Elevation": -63.99,
        "LineWt": 25,
        "RefName": "",
        "DocUpdate": 1783359710000,
        "DocId": 1.1061215596273316e+19,
        "t0": null,
        "t00": null,
        "Shape_Length": 112.93733740709797,
        "Shape_Area": 589.3219770839397
      }
    },
    {
      "type": "Feature",
      "id": 149,
      "geometry": {
        "type": "Polygon",
        "coordinates": [
          [
            [
              80.34056458613746,
              7.05533478789548
            ],
            [
              80.3406300073836,
              7.0553753790702745
            ],
            [
              80.34056128475413,
              7.05548592212159
            ],
            [
              80.34049586350027,
              7.055445330936454
            ],
            [
              80.34056458613746,
              7.05533478789548
            ]
          ]
        ]
      },
      "properties": {
        "OBJECTID": 149,
        "Entity": "LWPolyline",
        "Handle": "3317B",
        "Layer": "BLD",
        "LyrFrzn": 0,
        "LyrOn": 1,
        "Color": 8,
        "Linetype": "Continuous",
        "Elevation": -63.99,
        "LineWt": 25,
        "RefName": "",
        "DocUpdate": 1783359710000,
        "DocId": 1.1061215596273316e+19,
        "t0": null,
        "t00": null,
        "Shape_Length": 45.78352289920018,
        "Shape_Area": 122.36290550075739
      }
    },
    {
      "type": "Feature",
      "id": 150,
      "geometry": {
        "type": "Polygon",
        "coordinates": [
          [
            [
              80.34065339027782,
              7.055475677173991
            ],
            [
              80.34071403254028,
              7.055383913524907
            ],
            [
              80.34077956688407,
              7.0554271370394925
            ],
            [
              80.34071892462732,
              7.055518900697612
            ],
            [
              80.34065339027782,
              7.055475677173991
            ]
          ]
        ]
      },
      "properties": {
        "OBJECTID": 150,
        "Entity": "LWPolyline",
        "Handle": "3317C",
        "Layer": "BLD",
        "LyrFrzn": 0,
        "LyrOn": 1,
        "Color": 8,
        "Linetype": "Continuous",
        "Elevation": -63.99,
        "LineWt": 25,
        "RefName": "",
        "DocUpdate": 1783359710000,
        "DocId": 1.1061215596273316e+19,
        "t0": null,
        "t00": null,
        "Shape_Length": 41.65882108494991,
        "Shape_Area": 105.43283659694468
      }
    },
    {
      "type": "Feature",
      "id": 151,
      "geometry": {
        "type": "Polygon",
        "coordinates": [
          [
            [
              80.34080116704921,
              7.055269479800277
            ],
            [
              80.34087804349222,
              7.055204008573995
            ],
            [
              80.34092425775512,
              7.055258165959946
            ],
            [
              80.34084738130825,
              7.0553236371934425
            ],
            [
              80.34080116704921,
              7.055269479800277
            ]
          ]
        ]
      },
      "properties": {
        "OBJECTID": 151,
        "Entity": "LWPolyline",
        "Handle": "3317D",
        "Layer": "BLD",
        "LyrFrzn": 0,
        "LyrOn": 1,
        "Color": 8,
        "Linetype": "Continuous",
        "Elevation": -63.99,
        "LineWt": 25,
        "RefName": "",
        "DocUpdate": 1783359710000,
        "DocId": 1.1061215596273316e+19,
        "t0": null,
        "t00": null,
        "Shape_Length": 38.04956827892072,
        "Shape_Area": 87.78050130053407
      }
    },
    {
      "type": "Feature",
      "id": 152,
      "geometry": {
        "type": "Polygon",
        "coordinates": [
          [
            [
              80.34176293015447,
              7.05529493348352
            ],
            [
              80.34169129173432,
              7.055453315335247
            ],
            [
              80.34162610992627,
              7.055423890229896
            ],
            [
              80.34169774836217,
              7.055265508389607
            ],
            [
              80.34176293015447,
              7.05529493348352
            ]
          ]
        ]
      },
      "properties": {
        "OBJECTID": 152,
        "Entity": "LWPolyline",
        "Handle": "3317E",
        "Layer": "BLD",
        "LyrFrzn": 0,
        "LyrOn": 1,
        "Color": 8,
        "Linetype": "Continuous",
        "Elevation": -63.99,
        "LineWt": 25,
        "RefName": "",
        "DocUpdate": 1783359710000,
        "DocId": 1.1061215596273316e+19,
        "t0": null,
        "t00": null,
        "Shape_Length": 54.228571005370824,
        "Shape_Area": 151.791604693299
      }
    },
    {
      "type": "Feature",
      "id": 153,
      "geometry": {
        "type": "Polygon",
        "coordinates": [
          [
            [
              80.34071027586046,
              7.055106209384361
            ],
            [
              80.34078612332057,
              7.05501029818216
            ],
            [
              80.34082744612793,
              7.055042912574978
            ],
            [
              80.34075159866978,
              7.055138823784054
            ],
            [
              80.34071027586046,
              7.055106209384361
            ]
          ]
        ]
      },
      "properties": {
        "OBJECTID": 153,
        "Entity": "LWPolyline",
        "Handle": "3317F",
        "Layer": "BLD",
        "LyrFrzn": 0,
        "LyrOn": 1,
        "Color": 8,
        "Linetype": "Continuous",
        "Elevation": -63.99,
        "LineWt": 25,
        "RefName": "",
        "DocUpdate": 1783359710000,
        "DocId": 1.1061215596273316e+19,
        "t0": null,
        "t00": null,
        "Shape_Length": 38.65903439321578,
        "Shape_Area": 78.59735919260049
      }
    },
    {
      "type": "Feature",
      "id": 154,
      "geometry": {
        "type": "Polygon",
        "coordinates": [
          [
            [
              80.34088602786069,
              7.055036066527259
            ],
            [
              80.34086535125655,
              7.054997856880385
            ],
            [
              80.34093190204878,
              7.054961914110513
            ],
            [
              80.34095257865732,
              7.05500012375484
            ],
            [
              80.34088602786069,
              7.055036066527259
            ]
          ]
        ]
      },
      "properties": {
        "OBJECTID": 154,
        "Entity": "LWPolyline",
        "Handle": "33180",
        "Layer": "BLD",
        "LyrFrzn": 0,
        "LyrOn": 1,
        "Color": 8,
        "Linetype": "Continuous",
        "Elevation": -63.99,
        "LineWt": 25,
        "RefName": "",
        "DocUpdate": 1783359710000,
        "DocId": 1.1061215596273316e+19,
        "t0": null,
        "t00": null,
        "Shape_Length": 26.315102912866664,
        "Shape_Area": 40.12332300059353
      }
    },
    {
      "type": "Feature",
      "id": 155,
      "geometry": {
        "type": "Polygon",
        "coordinates": [
          [
            [
              80.3411468739708,
              7.054996408947207
            ],
            [
              80.34126482885702,
              7.054995461885669
            ],
            [
              80.34126554194967,
              7.055084126410096
            ],
            [
              80.34114758704096,
              7.055085073469732
            ],
            [
              80.3411468739708,
              7.054996408947207
            ]
          ]
        ]
      },
      "properties": {
        "OBJECTID": 155,
        "Entity": "LWPolyline",
        "Handle": "33181",
        "Layer": "BLD",
        "LyrFrzn": 0,
        "LyrOn": 1,
        "Color": 8,
        "Linetype": "Continuous",
        "Elevation": -63.99,
        "LineWt": 25,
        "RefName": "",
        "DocUpdate": 1783359710000,
        "DocId": 1.1061215596273316e+19,
        "t0": null,
        "t00": null,
        "Shape_Length": 45.66103795130688,
        "Shape_Area": 127.70727658766805
      }
    },
    {
      "type": "Feature",
      "id": 156,
      "geometry": {
        "type": "Polygon",
        "coordinates": [
          [
            [
              80.34158451510554,
              7.054782687410393
            ],
            [
              80.34151712939939,
              7.054915516667889
            ],
            [
              80.3414556633841,
              7.054879799406402
            ],
            [
              80.34152304910083,
              7.054746970158721
            ],
            [
              80.34158451510554,
              7.054782687410393
            ]
          ]
        ]
      },
      "properties": {
        "OBJECTID": 156,
        "Entity": "LWPolyline",
        "Handle": "33182",
        "Layer": "BLD",
        "LyrFrzn": 0,
        "LyrOn": 1,
        "Color": 8,
        "Linetype": "Continuous",
        "Elevation": -63.99,
        "LineWt": 25,
        "RefName": "",
        "DocUpdate": 1783359710000,
        "DocId": 1.1061215596273316e+19,
        "t0": null,
        "t00": null,
        "Shape_Length": 48.633214033274825,
        "Shape_Area": 129.07762572674088
      }
    },
    {
      "type": "Feature",
      "id": 157,
      "geometry": {
        "type": "Polygon",
        "coordinates": [
          [
            [
              80.3416759924134,
              7.054467133310775
            ],
            [
              80.34169278076267,
              7.054357559772459
            ],
            [
              80.34176594054348,
              7.054368747087157
            ],
            [
              80.34174915221051,
              7.054478320629607
            ],
            [
              80.3416759924134,
              7.054467133310775
            ]
          ]
        ]
      },
      "properties": {
        "OBJECTID": 157,
        "Entity": "LWPolyline",
        "Handle": "33183",
        "Layer": "BLD",
        "LyrFrzn": 0,
        "LyrOn": 1,
        "Color": 8,
        "Linetype": "Continuous",
        "Elevation": -63.99,
        "LineWt": 25,
        "RefName": "",
        "DocUpdate": 1783359710000,
        "DocId": 1.1061215596273316e+19,
        "t0": null,
        "t00": null,
        "Shape_Length": 40.85830290931514,
        "Shape_Area": 100.17471550620974
      }
    },
    {
      "type": "Feature",
      "id": 158,
      "geometry": {
        "type": "Polygon",
        "coordinates": [
          [
            [
              80.33584553915429,
              7.060058970383894
            ],
            [
              80.3358619250645,
              7.059977535825597
            ],
            [
              80.33595744015796,
              7.059996716745587
            ],
            [
              80.33594105426315,
              7.060078151308669
            ],
            [
              80.33584553915429,
              7.060058970383894
            ]
          ]
        ]
      },
      "properties": {
        "OBJECTID": 158,
        "Entity": "LWPolyline",
        "Handle": "33188",
        "Layer": "BLD",
        "LyrFrzn": 0,
        "LyrOn": 1,
        "Color": 8,
        "Linetype": "Continuous",
        "Elevation": 26.690000000000005,
        "LineWt": 25,
        "RefName": "",
        "DocUpdate": 1783359710000,
        "DocId": 1.1061215596273316e+19,
        "t0": null,
        "t00": null,
        "Shape_Length": 39.88626046883858,
        "Shape_Area": 98.81030950615869
      }
    },
    {
      "type": "Feature",
      "id": 159,
      "geometry": {
        "type": "Polygon",
        "coordinates": [
          [
            [
              80.33584339881804,
              7.060074127340538
            ],
            [
              80.33595556983593,
              7.060101269263113
            ],
            [
              80.33589894674736,
              7.060334811924222
            ],
            [
              80.33578677567907,
              7.0603076699833425
            ],
            [
              80.33584339881804,
              7.060074127340538
            ]
          ]
        ]
      },
      "properties": {
        "OBJECTID": 159,
        "Entity": "LWPolyline",
        "Handle": "33189",
        "Layer": "BLD",
        "LyrFrzn": 0,
        "LyrOn": 1,
        "Color": 8,
        "Linetype": "Continuous",
        "Elevation": 26.687999999999995,
        "LineWt": 25,
        "RefName": "",
        "DocUpdate": 1783359710000,
        "DocId": 1.1061215596273316e+19,
        "t0": null,
        "t00": null,
        "Shape_Length": 78.625068695929,
        "Shape_Area": 338.62883390450133
      }
    },
    {
      "type": "Feature",
      "id": 160,
      "geometry": {
        "type": "Polygon",
        "coordinates": [
          [
            [
              80.3361566808161,
              7.060092274903383
            ],
            [
              80.33607591865524,
              7.060076412043177
            ],
            [
              80.33607976473382,
              7.060056873231482
            ],
            [
              80.3361605259861,
              7.060072736089443
            ],
            [
              80.3361566808161,
              7.060092274903383
            ]
          ]
        ]
      },
      "properties": {
        "OBJECTID": 160,
        "Entity": "LWPolyline",
        "Handle": "3318A",
        "Layer": "BLD",
        "LyrFrzn": 0,
        "LyrOn": 1,
        "Color": 8,
        "Linetype": "Continuous",
        "Elevation": 26.372999999999998,
        "LineWt": 25,
        "RefName": "",
        "DocUpdate": 1783359710000,
        "DocId": 1.1061215596273316e+19,
        "t0": null,
        "t00": null,
        "Shape_Length": 22.58376577809829,
        "Shape_Area": 20.01218216235372
      }
    },
    {
      "type": "Feature",
      "id": 161,
      "geometry": {
        "type": "Polygon",
        "coordinates": [
          [
            [
              80.3361324660994,
              7.0600946374693825
            ],
            [
              80.33604885648494,
              7.060476838238072
            ],
            [
              80.33590339418254,
              7.060447867012671
            ],
            [
              80.33597265628406,
              7.060065729984012
            ],
            [
              80.3361324660994,
              7.0600946374693825
            ]
          ]
        ]
      },
      "properties": {
        "OBJECTID": 161,
        "Entity": "LWPolyline",
        "Handle": "3318B",
        "Layer": "BLD",
        "LyrFrzn": 0,
        "LyrOn": 1,
        "Color": 8,
        "Linetype": "Continuous",
        "Elevation": 26.372999999999998,
        "LineWt": 25,
        "RefName": "",
        "DocUpdate": 1783359710000,
        "DocId": 1.1061215596273316e+19,
        "t0": null,
        "t00": null,
        "Shape_Length": 120.50363510414556,
        "Shape_Area": 739.2552554885252
      }
    },
    {
      "type": "Feature",
      "id": 162,
      "geometry": {
        "type": "Polygon",
        "coordinates": [
          [
            [
              80.33603699335953,
              7.060528976833674
            ],
            [
              80.33595984428757,
              7.060920394923276
            ],
            [
              80.33582126329448,
              7.060891343001194
            ],
            [
              80.3358834557879,
              7.060511834469387
            ],
            [
              80.33603699335953,
              7.060528976833674
            ]
          ]
        ]
      },
      "properties": {
        "OBJECTID": 162,
        "Entity": "LWPolyline",
        "Handle": "3318C",
        "Layer": "BLD",
        "LyrFrzn": 0,
        "LyrOn": 1,
        "Color": 8,
        "Linetype": "Continuous",
        "Elevation": -63.99,
        "LineWt": 25,
        "RefName": "",
        "DocUpdate": 1783359710000,
        "DocId": 1.1061215596273316e+19,
        "t0": null,
        "t00": null,
        "Shape_Length": 119.32029650580967,
        "Shape_Area": 707.080279478404
      }
    },
    {
      "type": "Feature",
      "id": 163,
      "geometry": {
        "type": "Polygon",
        "coordinates": [
          [
            [
              80.33612484839593,
              7.060230107859527
            ],
            [
              80.33614943890221,
              7.0601546865498825
            ],
            [
              80.33620786846701,
              7.060166130634408
            ],
            [
              80.33618104718083,
              7.060248394293921
            ],
            [
              80.33612484839593,
              7.060230107859527
            ]
          ]
        ]
      },
      "properties": {
        "OBJECTID": 163,
        "Entity": "LWPolyline",
        "Handle": "3318D",
        "Layer": "BLD",
        "LyrFrzn": 0,
        "LyrOn": 1,
        "Color": 8,
        "Linetype": "Continuous",
        "Elevation": 26.231,
        "LineWt": 25,
        "RefName": "",
        "DocUpdate": 1783359710000,
        "DocId": 1.1061215596273316e+19,
        "t0": null,
        "t00": null,
        "Shape_Length": 31.437983173340307,
        "Shape_Area": 59.84050170080615
      }
    },
    {
      "type": "Feature",
      "id": 164,
      "geometry": {
        "type": "Polygon",
        "coordinates": [
          [
            [
              80.33586378515879,
              7.060508676779743
            ],
            [
              80.33582504497231,
              7.0607284416740335
            ],
            [
              80.33575975542765,
              7.060701999628878
            ],
            [
              80.33579593882244,
              7.060496740744877
            ],
            [
              80.33586378515879,
              7.060508676779743
            ]
          ]
        ]
      },
      "properties": {
        "OBJECTID": 164,
        "Entity": "LWPolyline",
        "Handle": "3318E",
        "Layer": "BLD",
        "LyrFrzn": 0,
        "LyrOn": 1,
        "Color": 8,
        "Linetype": "Continuous",
        "Elevation": 25.772,
        "LineWt": 25,
        "RefName": "",
        "DocUpdate": 1783359710000,
        "DocId": 1.1061215596273316e+19,
        "t0": null,
        "t00": null,
        "Shape_Length": 63.10060864343049,
        "Shape_Area": 181.50654049353224
      }
    },
    {
      "type": "Feature",
      "id": 165,
      "geometry": {
        "type": "Polygon",
        "coordinates": [
          [
            [
              80.33578316225447,
              7.060935945639886
            ],
            [
              80.33573040821526,
              7.06092490847525
            ],
            [
              80.335764076017,
              7.0607643101339255
            ],
            [
              80.33581683003953,
              7.060775347293204
            ],
            [
              80.33578316225447,
              7.060935945639886
            ]
          ]
        ]
      },
      "properties": {
        "OBJECTID": 165,
        "Entity": "LWPolyline",
        "Handle": "3318F",
        "Layer": "BLD",
        "LyrFrzn": 0,
        "LyrOn": 1,
        "Color": 8,
        "Linetype": "Continuous",
        "Elevation": 25.712999999999987,
        "LineWt": 25,
        "RefName": "",
        "DocUpdate": 1783359710000,
        "DocId": 1.1061215596273316e+19,
        "t0": null,
        "t00": null,
        "Shape_Length": 48.18556647851946,
        "Shape_Area": 107.98330669508928
      }
    },
    {
      "type": "Feature",
      "id": 166,
      "geometry": {
        "type": "Polygon",
        "coordinates": [
          [
            [
              80.33593940862572,
              7.061009236378542
            ],
            [
              80.33585740301251,
              7.060992838021778
            ],
            [
              80.33587362258395,
              7.060911887158428
            ],
            [
              80.335955628184,
              7.06092828551112
            ],
            [
              80.33593940862572,
              7.061009236378542
            ]
          ]
        ]
      },
      "properties": {
        "OBJECTID": 166,
        "Entity": "LWPolyline",
        "Handle": "33190",
        "Layer": "BLD",
        "LyrFrzn": 0,
        "LyrOn": 1,
        "Color": 8,
        "Linetype": "Continuous",
        "Elevation": 25.712999999999987,
        "LineWt": 25,
        "RefName": "",
        "DocUpdate": 1783359710000,
        "DocId": 1.1061215596273316e+19,
        "t0": null,
        "t00": null,
        "Shape_Length": 36.727325659207054,
        "Shape_Area": 84.3030191996807
      }
    },
    {
      "type": "Feature",
      "id": 167,
      "geometry": {
        "type": "Polygon",
        "coordinates": [
          [
            [
              80.33748870577455,
              7.06103892784046
            ],
            [
              80.33738723971106,
              7.061049743089105
            ],
            [
              80.3373782650811,
              7.060965711701643
            ],
            [
              80.33747973112611,
              7.060954896453226
            ],
            [
              80.33748870577455,
              7.06103892784046
            ]
          ]
        ]
      },
      "properties": {
        "OBJECTID": 167,
        "Entity": "LWPolyline",
        "Handle": "33191",
        "Layer": "BLD",
        "LyrFrzn": 0,
        "LyrOn": 1,
        "Color": 8,
        "Linetype": "Continuous",
        "Elevation": 14.844999999999992,
        "LineWt": 25,
        "RefName": "",
        "DocUpdate": 1783359710000,
        "DocId": 1.1061215596273316e+19,
        "t0": null,
        "t00": null,
        "Shape_Length": 41.22532727426439,
        "Shape_Area": 105.29197859412211
      }
    },
    {
      "type": "Feature",
      "id": 168,
      "geometry": {
        "type": "Polygon",
        "coordinates": [
          [
            [
              80.33715438511092,
              7.0608967937436224
            ],
            [
              80.33717146506137,
              7.060846700438653
            ],
            [
              80.33721664713198,
              7.060862075690334
            ],
            [
              80.33719956718551,
              7.06091216899731
            ],
            [
              80.33715438511092,
              7.0608967937436224
            ]
          ]
        ]
      },
      "properties": {
        "OBJECTID": 168,
        "Entity": "LWPolyline",
        "Handle": "33192",
        "Layer": "BLD",
        "LyrFrzn": 0,
        "LyrOn": 1,
        "Color": 8,
        "Linetype": "Continuous",
        "Elevation": 19.148999999999994,
        "LineWt": 25,
        "RefName": "",
        "DocUpdate": 1783359710000,
        "DocId": 1.1061215596273316e+19,
        "t0": null,
        "t00": null,
        "Shape_Length": 22.244259637004607,
        "Shape_Area": 30.841681703812142
      }
    },
    {
      "type": "Feature",
      "id": 169,
      "geometry": {
        "type": "Polygon",
        "coordinates": [
          [
            [
              80.33703769977696,
              7.061101423712732
            ],
            [
              80.33701852036232,
              7.061068025449399
            ],
            [
              80.33708325312446,
              7.061030925669522
            ],
            [
              80.3371024325427,
              7.06106432393054
            ],
            [
              80.33703769977696,
              7.061101423712732
            ]
          ]
        ]
      },
      "properties": {
        "OBJECTID": 169,
        "Entity": "LWPolyline",
        "Handle": "33193",
        "Layer": "BLD",
        "LyrFrzn": 0,
        "LyrOn": 1,
        "Color": 8,
        "Linetype": "Continuous",
        "Elevation": 15.024999999999999,
        "LineWt": 25,
        "RefName": "",
        "DocUpdate": 1783359710000,
        "DocId": 1.1061215596273316e+19,
        "t0": null,
        "t00": null,
        "Shape_Length": 24.99818192229875,
        "Shape_Area": 35.085709492040955
      }
    },
    {
      "type": "Feature",
      "id": 170,
      "geometry": {
        "type": "Polygon",
        "coordinates": [
          [
            [
              80.33695782576179,
              7.061194196896893
            ],
            [
              80.33680991021703,
              7.0610902916739215
            ],
            [
              80.33686102328343,
              7.061017674996923
            ],
            [
              80.33700893881955,
              7.061121580202902
            ],
            [
              80.33695782576179,
              7.061194196896893
            ]
          ]
        ]
      },
      "properties": {
        "OBJECTID": 170,
        "Entity": "LWPolyline",
        "Handle": "33194",
        "Layer": "BLD",
        "LyrFrzn": 0,
        "LyrOn": 1,
        "Color": 8,
        "Linetype": "Continuous",
        "Elevation": 12.467999999999996,
        "LineWt": 25,
        "RefName": "",
        "DocUpdate": 1783359710000,
        "DocId": 1.1061215596273316e+19,
        "t0": null,
        "t00": null,
        "Shape_Length": 59.56984106845384,
        "Shape_Area": 195.99610589800463
      }
    },
    {
      "type": "Feature",
      "id": 171,
      "geometry": {
        "type": "Polygon",
        "coordinates": [
          [
            [
              80.33671534286627,
              7.060912831306409
            ],
            [
              80.3368155589886,
              7.060898489453171
            ],
            [
              80.33682609324053,
              7.060971955377561
            ],
            [
              80.33672587710227,
              7.0609862972315725
            ],
            [
              80.33671534286627,
              7.060912831306409
            ]
          ]
        ]
      },
      "properties": {
        "OBJECTID": 171,
        "Entity": "LWPolyline",
        "Handle": "33195",
        "Layer": "BLD",
        "LyrFrzn": 0,
        "LyrOn": 1,
        "Color": 8,
        "Linetype": "Continuous",
        "Elevation": 12.201,
        "LineWt": 25,
        "RefName": "",
        "DocUpdate": 1783359710000,
        "DocId": 1.1061215596273316e+19,
        "t0": null,
        "t00": null,
        "Shape_Length": 38.772255513692144,
        "Shape_Area": 91.74076730638402
      }
    },
    {
      "type": "Feature",
      "id": 172,
      "geometry": {
        "type": "Polygon",
        "coordinates": [
          [
            [
              80.34233761544851,
              7.052528242482991
            ],
            [
              80.34240529468323,
              7.052537339714552
            ],
            [
              80.34238173052962,
              7.052712305356595
            ],
            [
              80.34231405127059,
              7.052703208119395
            ],
            [
              80.34233761544851,
              7.052528242482991
            ]
          ]
        ]
      },
      "properties": {
        "OBJECTID": 172,
        "Entity": "LWPolyline",
        "Handle": "331A5",
        "Layer": "BLD",
        "LyrFrzn": 0,
        "LyrOn": 1,
        "Color": 8,
        "Linetype": "Continuous",
        "Elevation": 58.788999999999994,
        "LineWt": 25,
        "RefName": "",
        "DocUpdate": 1783359710000,
        "DocId": 1.1061215596273316e+19,
        "t0": null,
        "t00": null,
        "Shape_Length": 54.11939260073012,
        "Shape_Area": 147.20541939770936
      }
    },
    {
      "type": "Feature",
      "id": 173,
      "geometry": {
        "type": "Polygon",
        "coordinates": [
          [
            [
              80.33678426111848,
              7.059001746396271
            ],
            [
              80.33676279308538,
              7.058792062763359
            ],
            [
              80.33700697883971,
              7.058760633410633
            ],
            [
              80.33702894117285,
              7.058972986123158
            ],
            [
              80.33696278342576,
              7.058977740440764
            ],
            [
              80.33697148231005,
              7.059030261058636
            ],
            [
              80.33685336274756,
              7.059040649147546
            ],
            [
              80.33684921652456,
              7.058995669774801
            ],
            [
              80.33678426111848,
              7.059001746396271
            ]
          ]
        ]
      },
      "properties": {
        "OBJECTID": 173,
        "Entity": "LWPolyline",
        "Handle": "331A6",
        "Layer": "BLD",
        "LyrFrzn": 0,
        "LyrOn": 1,
        "Color": 8,
        "Linetype": "Continuous",
        "Elevation": 68.12199999999999,
        "LineWt": 25,
        "RefName": "",
        "DocUpdate": 1783359710000,
        "DocId": 1.1061215596273316e+19,
        "t0": null,
        "t00": null,
        "Shape_Length": 112.60176869546979,
        "Shape_Area": 706.2211059884794
      }
    },
    {
      "type": "Feature",
      "id": 174,
      "geometry": {
        "type": "Polygon",
        "coordinates": [
          [
            [
              80.33704267110814,
              7.0587542076438465
            ],
            [
              80.33702094964156,
              7.058757475626143
            ],
            [
              80.33701153600214,
              7.058695033957212
            ],
            [
              80.3370332574658,
              7.058691765975063
            ],
            [
              80.33704267110814,
              7.0587542076438465
            ]
          ]
        ]
      },
      "properties": {
        "OBJECTID": 174,
        "Entity": "LWPolyline",
        "Handle": "331A7",
        "Layer": "BLD",
        "LyrFrzn": 0,
        "LyrOn": 1,
        "Color": 8,
        "Linetype": "Continuous",
        "Elevation": 68.43700000000001,
        "LineWt": 25,
        "RefName": "",
        "DocUpdate": 1783359710000,
        "DocId": 1.1061215596273316e+19,
        "t0": null,
        "t00": null,
        "Shape_Length": 18.814216081255555,
        "Shape_Area": 16.936480101236697
      }
    },
    {
      "type": "Feature",
      "id": 175,
      "geometry": {
        "type": "Polygon",
        "coordinates": [
          [
            [
              80.33742852638318,
              7.057936006583125
            ],
            [
              80.3374288580948,
              7.058008983141407
            ],
            [
              80.33732383547716,
              7.058009459979862
            ],
            [
              80.33732350378203,
              7.05793648342304
            ],
            [
              80.33742852638318,
              7.057936006583125
            ]
          ]
        ]
      },
      "properties": {
        "OBJECTID": 175,
        "Entity": "LWPolyline",
        "Handle": "331A8",
        "Layer": "BLD",
        "LyrFrzn": 0,
        "LyrOn": 1,
        "Color": 8,
        "Linetype": "Continuous",
        "Elevation": 78.243,
        "LineWt": 25,
        "RefName": "",
        "DocUpdate": 1783359710000,
        "DocId": 1.1061215596273316e+19,
        "t0": null,
        "t00": null,
        "Shape_Length": 39.334499610602855,
        "Shape_Area": 93.58254750162853
      }
    },
    {
      "type": "Feature",
      "id": 176,
      "geometry": {
        "type": "Polygon",
        "coordinates": [
          [
            [
              80.33667389576647,
              7.058125809704585
            ],
            [
              80.33678081561384,
              7.0580818538071
            ],
            [
              80.33681896721961,
              7.058174471802816
            ],
            [
              80.33671204735296,
              7.058218427707221
            ],
            [
              80.33667389576647,
              7.058125809704585
            ]
          ]
        ]
      },
      "properties": {
        "OBJECTID": 176,
        "Entity": "LWPolyline",
        "Handle": "331A9",
        "Layer": "BLD",
        "LyrFrzn": 0,
        "LyrOn": 1,
        "Color": 8,
        "Linetype": "Continuous",
        "Elevation": 80.79999999999998,
        "LineWt": 25,
        "RefName": "",
        "DocUpdate": 1783359710000,
        "DocId": 1.1061215596273316e+19,
        "t0": null,
        "t00": null,
        "Shape_Length": 47.683856901441416,
        "Shape_Area": 141.3893315979225
      }
    },
    {
      "type": "Feature",
      "id": 177,
      "geometry": {
        "type": "Polygon",
        "coordinates": [
          [
            [
              80.33699294455737,
              7.058041888002603
            ],
            [
              80.33709928159561,
              7.058135124750963
            ],
            [
              80.33705081631226,
              7.058190630548121
            ],
            [
              80.33694431016757,
              7.058097246109188
            ],
            [
              80.33699294455737,
              7.058041888002603
            ]
          ]
        ]
      },
      "properties": {
        "OBJECTID": 177,
        "Entity": "LWPolyline",
        "Handle": "331AC",
        "Layer": "BLD",
        "LyrFrzn": 0,
        "LyrOn": 1,
        "Color": 8,
        "Linetype": "Continuous",
        "Elevation": 77.74099999999999,
        "LineWt": 25,
        "RefName": "",
        "DocUpdate": 1783359710000,
        "DocId": 1.1061215596273316e+19,
        "t0": null,
        "t00": null,
        "Shape_Length": 47.56308983187401,
        "Shape_Area": 127.34378500411363
      }
    },
    {
      "type": "Feature",
      "id": 178,
      "geometry": {
        "type": "Polygon",
        "coordinates": [
          [
            [
              80.33690012049803,
              7.057443415230454
            ],
            [
              80.33681210969416,
              7.0573443602888295
            ],
            [
              80.33690126134158,
              7.057265304847267
            ],
            [
              80.3369892721526,
              7.057364359772804
            ],
            [
              80.33690012049803,
              7.057443415230454
            ]
          ]
        ]
      },
      "properties": {
        "OBJECTID": 178,
        "Entity": "LWPolyline",
        "Handle": "331AD",
        "Layer": "BLD",
        "LyrFrzn": 0,
        "LyrOn": 1,
        "Color": 8,
        "Linetype": "Continuous",
        "Elevation": 92.42299999999997,
        "LineWt": 25,
        "RefName": "",
        "DocUpdate": 1783359710000,
        "DocId": 1.1061215596273316e+19,
        "t0": null,
        "t00": null,
        "Shape_Length": 55.61680123903248,
        "Shape_Area": 192.78144269385544
      }
    },
    {
      "type": "Feature",
      "id": 179,
      "geometry": {
        "type": "Polygon",
        "coordinates": [
          [
            [
              80.34135139816622,
              7.053806617579149
            ],
            [
              80.34140940017421,
              7.053880576453872
            ],
            [
              80.34136379239129,
              7.05391627386935
            ],
            [
              80.34130579038715,
              7.05384231498935
            ],
            [
              80.34135139816622,
              7.053806617579149
            ]
          ]
        ]
      },
      "properties": {
        "OBJECTID": 179,
        "Entity": "LWPolyline",
        "Handle": "331B3",
        "Layer": "BLD",
        "LyrFrzn": 0,
        "LyrOn": 1,
        "Color": 8,
        "Linetype": "Continuous",
        "Elevation": 73.547,
        "LineWt": 25,
        "RefName": "",
        "DocUpdate": 1783359710000,
        "DocId": 1.1061215596273316e+19,
        "t0": null,
        "t00": null,
        "Shape_Length": 33.57233327844005,
        "Shape_Area": 66.46771320007437
      }
    },
    {
      "type": "Feature",
      "id": 180,
      "geometry": {
        "type": "Polygon",
        "coordinates": [
          [
            [
              80.34139306526589,
              7.054063293210166
            ],
            [
              80.34141054544712,
              7.054165779179106
            ],
            [
              80.34135592069006,
              7.054175077654465
            ],
            [
              80.34133844052089,
              7.054072591684619
            ],
            [
              80.34139306526589,
              7.054063293210166
            ]
          ]
        ]
      },
      "properties": {
        "OBJECTID": 180,
        "Entity": "LWPolyline",
        "Handle": "331B4",
        "Layer": "BLD",
        "LyrFrzn": 0,
        "LyrOn": 1,
        "Color": 8,
        "Linetype": "Continuous",
        "Elevation": 80.74799999999999,
        "LineWt": 25,
        "RefName": "",
        "DocUpdate": 1783359710000,
        "DocId": 1.1061215596273316e+19,
        "t0": null,
        "t00": null,
        "Shape_Length": 35.22710538349682,
        "Shape_Area": 70.34059990294881
      }
    },
    {
      "type": "Feature",
      "id": 181,
      "geometry": {
        "type": "Polygon",
        "coordinates": [
          [
            [
              80.3417631202522,
              7.0530767851702905
            ],
            [
              80.34163560232791,
              7.053031242953299
            ],
            [
              80.34164099185286,
              7.053016180978978
            ],
            [
              80.3417685097738,
              7.053061723194193
            ],
            [
              80.3417631202522,
              7.0530767851702905
            ]
          ]
        ]
      },
      "properties": {
        "OBJECTID": 181,
        "Entity": "LWPolyline",
        "Handle": "331B5",
        "Layer": "BLD",
        "LyrFrzn": 0,
        "LyrOn": 1,
        "Color": 8,
        "Linetype": "Continuous",
        "Elevation": 82.161,
        "LineWt": 25,
        "RefName": "",
        "DocUpdate": 1783359710000,
        "DocId": 1.1061215596273316e+19,
        "t0": null,
        "t00": null,
        "Shape_Length": 33.45016831076509,
        "Shape_Area": 26.448832889832264
      }
    },
    {
      "type": "Feature",
      "id": 182,
      "geometry": {
        "type": "Polygon",
        "coordinates": [
          [
            [
              80.3409567964482,
              7.05403052147817
            ],
            [
              80.34101649705454,
              7.054062810824081
            ],
            [
              80.34096382052218,
              7.054160015709624
            ],
            [
              80.34090411990829,
              7.054127726356296
            ],
            [
              80.3409567964482,
              7.05403052147817
            ]
          ]
        ]
      },
      "properties": {
        "OBJECTID": 182,
        "Entity": "LWPolyline",
        "Handle": "331B6",
        "Layer": "BLD",
        "LyrFrzn": 0,
        "LyrOn": 1,
        "Color": 8,
        "Linetype": "Continuous",
        "Elevation": 90.368,
        "LineWt": 25,
        "RefName": "",
        "DocUpdate": 1783359710000,
        "DocId": 1.1061215596273316e+19,
        "t0": null,
        "t00": null,
        "Shape_Length": 39.43626059773283,
        "Shape_Area": 91.62631209598196
      }
    },
    {
      "type": "Feature",
      "id": 183,
      "geometry": {
        "type": "Polygon",
        "coordinates": [
          [
            [
              80.33979283269144,
              7.056353389375288
            ],
            [
              80.33984274222384,
              7.056383088923848
            ],
            [
              80.33979021020849,
              7.056489745318288
            ],
            [
              80.33976792433793,
              7.056479903207141
            ],
            [
              80.3397333467374,
              7.056531770125933
            ],
            [
              80.3396908780654,
              7.056502674465101
            ],
            [
              80.33974005927092,
              7.056414434213096
            ],
            [
              80.33979283269144,
              7.056353389375288
            ]
          ]
        ]
      },
      "properties": {
        "OBJECTID": 183,
        "Entity": "LWPolyline",
        "Handle": "331D8",
        "Layer": "BLD",
        "LyrFrzn": 0,
        "LyrOn": 1,
        "Color": 8,
        "Linetype": "Continuous",
        "Elevation": 65.98899999999998,
        "LineWt": 25,
        "RefName": "",
        "DocUpdate": 1783359710000,
        "DocId": 1.1061215596273316e+19,
        "t0": null,
        "t00": null,
        "Shape_Length": 54.90836393948413,
        "Shape_Area": 146.46952031372794
      }
    },
    {
      "type": "Feature",
      "id": 184,
      "geometry": {
        "type": "Polygon",
        "coordinates": [
          [
            [
              80.33909302540648,
              7.057560569156282
            ],
            [
              80.33905265535113,
              7.057631755919976
            ],
            [
              80.3390285856792,
              7.057618132999915
            ],
            [
              80.33906895573666,
              7.057546946238494
            ],
            [
              80.33909302540648,
              7.057560569156282
            ]
          ]
        ]
      },
      "properties": {
        "OBJECTID": 184,
        "Entity": "LWPolyline",
        "Handle": "331EC",
        "Layer": "BLD",
        "LyrFrzn": 0,
        "LyrOn": 1,
        "Color": 8,
        "Linetype": "Continuous",
        "Elevation": 63.19299999999999,
        "LineWt": 25,
        "RefName": "",
        "DocUpdate": 1783359710000,
        "DocId": 1.1061215596273316e+19,
        "t0": null,
        "t00": null,
        "Shape_Length": 24.201179662858543,
        "Shape_Area": 27.636375396786974
      }
    },
    {
      "type": "Feature",
      "id": 185,
      "geometry": {
        "type": "Polygon",
        "coordinates": [
          [
            [
              80.33907769666281,
              7.057726348802036
            ],
            [
              80.33907774959884,
              7.05772575969637
            ],
            [
              80.33907790396496,
              7.057725188715803
            ],
            [
              80.33907815507673,
              7.057724653187478
            ],
            [
              80.33907849531384,
              7.0577241693626975
            ],
            [
              80.33907891435136,
              7.057723751923753
            ],
            [
              80.33907939947304,
              7.057723413538369
            ],
            [
              80.33907993595723,
              7.05772316447529
            ],
            [
              80.33908050752363,
              7.057723012292656
            ],
            [
              80.33908109682733,
              7.057722961608649
            ],
            [
              80.33908168598512,
              7.057723013961339
            ],
            [
              80.33908225711825,
              7.057723167762017
            ],
            [
              80.33908279289496,
              7.057723418343401
            ],
            [
              80.33908327705639,
              7.057723758101275
            ],
            [
              80.33908369491004,
              7.057724176725245
            ],
            [
              80.33908403377562,
              7.057724661511624
            ],
            [
              80.33908428336979,
              7.05772519774894
            ],
            [
              80.3390844361183,
              7.057725769164378
            ],
            [
              80.33908448738579,
              7.057726358417594
            ],
            [
              80.33908443444975,
              7.057726947523262
            ],
            [
              80.33908428008363,
              7.0577275185038335
            ],
            [
              80.33908402897185,
              7.057728054032162
            ],
            [
              80.33908368873475,
              7.057728537856946
            ],
            [
              80.33908326969724,
              7.057728955295894
            ],
            [
              80.33908278457557,
              7.05772929368128
            ],
            [
              80.33908224809137,
              7.057729542744362
            ],
            [
              80.33908167652496,
              7.057729694926996
            ],
            [
              80.33908108722126,
              7.057729745611004
            ],
            [
              80.33908049806347,
              7.057729693258313
            ],
            [
              80.33907992693034,
              7.057729539457634
            ],
            [
              80.33907939115363,
              7.0577292888762475
            ],
            [
              80.33907890699219,
              7.0577289491183715
            ],
            [
              80.33907848913853,
              7.057728530494398
            ],
            [
              80.33907815027295,
              7.057728045708015
            ],
            [
              80.33907790067879,
              7.057727509470696
            ],
            [
              80.33907774793029,
              7.0577269380552545
            ],
            [
              80.33907769666281,
              7.057726348802036
            ]
          ]
        ]
      },
      "properties": {
        "OBJECTID": 185,
        "Entity": "LWPolyline",
        "Handle": "331EE",
        "Layer": "BLD",
        "LyrFrzn": 0,
        "LyrOn": 1,
        "Color": 8,
        "Linetype": "Continuous",
        "Elevation": 60.746,
        "LineWt": 25,
        "RefName": "",
        "DocUpdate": 1783359710000,
        "DocId": 1.1061215596273316e+19,
        "t0": null,
        "t00": null,
        "Shape_Length": 2.356194490192345,
        "Shape_Area": 0.44178646691106466
      }
    },
    {
      "type": "Feature",
      "id": 186,
      "geometry": {
        "type": "Polygon",
        "coordinates": [
          [
            [
              80.33900596688981,
              7.058569636063651
            ],
            [
              80.33908109911211,
              7.05857900852915
            ],
            [
              80.33906351150569,
              7.058719716670277
            ],
            [
              80.33898837926158,
              7.058710344199942
            ],
            [
              80.33900596688981,
              7.058569636063651
            ]
          ]
        ]
      },
      "properties": {
        "OBJECTID": 186,
        "Entity": "LWPolyline",
        "Handle": "331F9",
        "Layer": "BLD",
        "LyrFrzn": 0,
        "LyrOn": 1,
        "Color": 8,
        "Linetype": "Continuous",
        "Elevation": 53.88999999999999,
        "LineWt": 25,
        "RefName": "",
        "DocUpdate": 1783359710000,
        "DocId": 1.1061215596273316e+19,
        "t0": null,
        "t00": null,
        "Shape_Length": 48.07810358340442,
        "Shape_Area": 131.09430260041378
      }
    },
    {
      "type": "Feature",
      "id": 187,
      "geometry": {
        "type": "Polygon",
        "coordinates": [
          [
            [
              80.3389523237172,
              7.058834941726268
            ],
            [
              80.33897865889689,
              7.058850439347774
            ],
            [
              80.33895847346409,
              7.058884672747894
            ],
            [
              80.33893213828331,
              7.058869175125137
            ],
            [
              80.3389523237172,
              7.058834941726268
            ]
          ]
        ]
      },
      "properties": {
        "OBJECTID": 187,
        "Entity": "LWPolyline",
        "Handle": "331FB",
        "Layer": "BLD",
        "LyrFrzn": 0,
        "LyrOn": 1,
        "Color": 8,
        "Linetype": "Continuous",
        "Elevation": 57.471,
        "LineWt": 25,
        "RefName": "",
        "DocUpdate": 1783359710000,
        "DocId": 1.1061215596273316e+19,
        "t0": null,
        "t00": null,
        "Shape_Length": 15.536278019388018,
        "Shape_Area": 14.827546598240641
      }
    },
    {
      "type": "Feature",
      "id": 188,
      "geometry": {
        "type": "Polygon",
        "coordinates": [
          [
            [
              80.33897284338288,
              7.0588969495569325
            ],
            [
              80.3389983307328,
              7.0589101403160335
            ],
            [
              80.3389390966423,
              7.059009447666423
            ],
            [
              80.33882435789556,
              7.059100891939185
            ],
            [
              80.33878686258491,
              7.059053324476404
            ],
            [
              80.33889463622907,
              7.058964145251856
            ],
            [
              80.33894990592096,
              7.058886180231561
            ],
            [
              80.33897284338288,
              7.0588969495569325
            ]
          ]
        ]
      },
      "properties": {
        "OBJECTID": 188,
        "Entity": "LWPolyline",
        "Handle": "331FC",
        "Layer": "BLD",
        "LyrFrzn": 0,
        "LyrOn": 1,
        "Color": 8,
        "Linetype": "Continuous",
        "Elevation": 57.39600000000001,
        "LineWt": 25,
        "RefName": "",
        "DocUpdate": 1783359710000,
        "DocId": 1.1061215596273316e+19,
        "t0": null,
        "t00": null,
        "Shape_Length": 67.67173293320268,
        "Shape_Area": 182.9094249690782
      }
    },
    {
      "type": "Feature",
      "id": 189,
      "geometry": {
        "type": "Polygon",
        "coordinates": [
          [
            [
              80.33875234461665,
              7.058908631318967
            ],
            [
              80.33874573933525,
              7.058872379941632
            ],
            [
              80.33879101546601,
              7.058864146789555
            ],
            [
              80.33879762075094,
              7.058900398166578
            ],
            [
              80.33875234461665,
              7.058908631318967
            ]
          ]
        ]
      },
      "properties": {
        "OBJECTID": 189,
        "Entity": "LWPolyline",
        "Handle": "331FF",
        "Layer": "BLD",
        "LyrFrzn": 0,
        "LyrOn": 1,
        "Color": 8,
        "Linetype": "Continuous",
        "Elevation": 58.732000000000006,
        "LineWt": 25,
        "RefName": "",
        "DocUpdate": 1783359710000,
        "DocId": 1.1061215596273316e+19,
        "t0": null,
        "t00": null,
        "Shape_Length": 18.312508408191356,
        "Shape_Area": 20.704693597528312
      }
    },
    {
      "type": "Feature",
      "id": 190,
      "geometry": {
        "type": "Polygon",
        "coordinates": [
          [
            [
              80.33868011388277,
              7.059051934001127
            ],
            [
              80.33865358689987,
              7.0590261298153365
            ],
            [
              80.33868377095902,
              7.058995161500252
            ],
            [
              80.33871029794216,
              7.059020965684354
            ],
            [
              80.33868011388277,
              7.059051934001127
            ]
          ]
        ]
      },
      "properties": {
        "OBJECTID": 190,
        "Entity": "LWPolyline",
        "Handle": "33200",
        "Layer": "BLD",
        "LyrFrzn": 0,
        "LyrOn": 1,
        "Color": 8,
        "Linetype": "Continuous",
        "Elevation": 56.07200000000001,
        "LineWt": 25,
        "RefName": "",
        "DocUpdate": 1783359710000,
        "DocId": 1.1061215596273316e+19,
        "t0": null,
        "t00": null,
        "Shape_Length": 17.735598056984784,
        "Shape_Area": 19.540659602292244
      }
    },
    {
      "type": "Feature",
      "id": 191,
      "geometry": {
        "type": "Polygon",
        "coordinates": [
          [
            [
              80.33856562542869,
              7.059457365378229
            ],
            [
              80.3387831249356,
              7.059469784441417
            ],
            [
              80.33877806009346,
              7.059558314088144
            ],
            [
              80.33856056054577,
              7.059545895018808
            ],
            [
              80.33856562542869,
              7.059457365378229
            ]
          ]
        ]
      },
      "properties": {
        "OBJECTID": 191,
        "Entity": "LWPolyline",
        "Handle": "33201",
        "Layer": "BLD",
        "LyrFrzn": 0,
        "LyrOn": 1,
        "Color": 8,
        "Linetype": "Continuous",
        "Elevation": 48.464999999999996,
        "LineWt": 25,
        "RefName": "",
        "DocUpdate": 1783359710000,
        "DocId": 1.1061215596273316e+19,
        "t0": null,
        "t00": null,
        "Shape_Length": 67.72814062000593,
        "Shape_Area": 235.8747903124838
      }
    },
    {
      "type": "Feature",
      "id": 192,
      "geometry": {
        "type": "Polygon",
        "coordinates": [
          [
            [
              80.33887655089784,
              7.059190081612762
            ],
            [
              80.33892941609336,
              7.059180795467816
            ],
            [
              80.33893510882665,
              7.059213139767318
            ],
            [
              80.33888224362745,
              7.059222425912567
            ],
            [
              80.33887655089784,
              7.059190081612762
            ]
          ]
        ]
      },
      "properties": {
        "OBJECTID": 192,
        "Entity": "LWPolyline",
        "Handle": "33202",
        "Layer": "BLD",
        "LyrFrzn": 0,
        "LyrOn": 1,
        "Color": 8,
        "Linetype": "Continuous",
        "Elevation": 51.322999999999986,
        "LineWt": 25,
        "RefName": "",
        "DocUpdate": 1783359710000,
        "DocId": 1.1061215596273316e+19,
        "t0": null,
        "t00": null,
        "Shape_Length": 19.117759919954345,
        "Shape_Area": 21.5233258966195
      }
    },
    {
      "type": "Feature",
      "id": 193,
      "geometry": {
        "type": "Polygon",
        "coordinates": [
          [
            [
              80.33627920437843,
              7.060035092647468
            ],
            [
              80.33625171639915,
              7.0599390733515
            ],
            [
              80.3362364226731,
              7.059939720951971
            ],
            [
              80.33623409923442,
              7.059924539551739
            ],
            [
              80.33626280832156,
              7.059919777309865
            ],
            [
              80.33626576432698,
              7.059935827963324
            ],
            [
              80.33627672548619,
              7.059970161608115
            ],
            [
              80.33628223836031,
              7.059983728427598
            ],
            [
              80.33629294590556,
              7.060030833743841
            ],
            [
              80.33627920437843,
              7.060035092647468
            ]
          ]
        ]
      },
      "properties": {
        "OBJECTID": 193,
        "Entity": "LWPolyline",
        "Handle": "33218",
        "Layer": "BLD",
        "LyrFrzn": 0,
        "LyrOn": 1,
        "Color": 8,
        "Linetype": "Continuous",
        "Elevation": 26.396000000000008,
        "LineWt": 25,
        "RefName": "",
        "DocUpdate": 1783359710000,
        "DocId": 1.1061215596273316e+19,
        "t0": null,
        "t00": null,
        "Shape_Length": 31.979977958282788,
        "Shape_Area": 24.736528502305053
      }
    },
    {
      "type": "Feature",
      "id": 194,
      "geometry": {
        "type": "Polygon",
        "coordinates": [
          [
            [
              80.33645912103256,
              7.060449833560078
            ],
            [
              80.33638277803884,
              7.060476036998415
            ],
            [
              80.33635546104459,
              7.0603966080232965
            ],
            [
              80.33643180402599,
              7.060370404588268
            ],
            [
              80.33645912103256,
              7.060449833560078
            ]
          ]
        ]
      },
      "properties": {
        "OBJECTID": 194,
        "Entity": "LWPolyline",
        "Handle": "3321C",
        "Layer": "BLD",
        "LyrFrzn": 0,
        "LyrOn": 1,
        "Color": 8,
        "Linetype": "Continuous",
        "Elevation": 17.636000000000003,
        "LineWt": 25,
        "RefName": "",
        "DocUpdate": 1783359710000,
        "DocId": 1.1061215596273316e+19,
        "t0": null,
        "t00": null,
        "Shape_Length": 36.400877674910866,
        "Shape_Area": 82.7798372891462
      }
    },
    {
      "type": "Feature",
      "id": 195,
      "geometry": {
        "type": "Polygon",
        "coordinates": [
          [
            [
              80.33691943895943,
              7.060511236538054
            ],
            [
              80.3369116082878,
              7.060362134528232
            ],
            [
              80.33706590886432,
              7.060354046537941
            ],
            [
              80.33707373958569,
              7.0605031485498175
            ],
            [
              80.33691943895943,
              7.060511236538054
            ]
          ]
        ]
      },
      "properties": {
        "OBJECTID": 195,
        "Entity": "LWPolyline",
        "Handle": "3321D",
        "Layer": "BLD",
        "LyrFrzn": 0,
        "LyrOn": 1,
        "Color": 8,
        "Linetype": "Continuous",
        "Elevation": 18.726000000000006,
        "LineWt": 25,
        "RefName": "",
        "DocUpdate": 1783359710000,
        "DocId": 1.1061215596273316e+19,
        "t0": null,
        "t00": null,
        "Shape_Length": 67.14310059117052,
        "Shape_Area": 281.68426348686717
      }
    },
    {
      "type": "Feature",
      "id": 196,
      "geometry": {
        "type": "Polygon",
        "coordinates": [
          [
            [
              80.33721838654361,
              7.060333413623971
            ],
            [
              80.33716949995095,
              7.060373046029619
            ],
            [
              80.33713744030479,
              7.060333579039545
            ],
            [
              80.3371863268954,
              7.060293946637059
            ],
            [
              80.33721838654361,
              7.060333413623971
            ]
          ]
        ]
      },
      "properties": {
        "OBJECTID": 196,
        "Entity": "LWPolyline",
        "Handle": "3321E",
        "Layer": "BLD",
        "LyrFrzn": 0,
        "LyrOn": 1,
        "Color": 8,
        "Linetype": "Continuous",
        "Elevation": 17.476000000000006,
        "LineWt": 25,
        "RefName": "",
        "DocUpdate": 1783359710000,
        "DocId": 1.1061215596273316e+19,
        "t0": null,
        "t00": null,
        "Shape_Length": 25.14511259580572,
        "Shape_Area": 39.07226499530677
      }
    },
    {
      "type": "Feature",
      "id": 197,
      "geometry": {
        "type": "Polygon",
        "coordinates": [
          [
            [
              80.33710023674708,
              7.06028212145977
            ],
            [
              80.33710152515499,
              7.060307582332643
            ],
            [
              80.33708020693719,
              7.060308659195459
            ],
            [
              80.33707891853045,
              7.060283198322637
            ],
            [
              80.33710023674708,
              7.06028212145977
            ]
          ]
        ]
      },
      "properties": {
        "OBJECTID": 197,
        "Entity": "LWPolyline",
        "Handle": "3321F",
        "Layer": "BLD",
        "LyrFrzn": 0,
        "LyrOn": 1,
        "Color": 8,
        "Linetype": "Continuous",
        "Elevation": 17.422999999999995,
        "LineWt": 25,
        "RefName": "",
        "DocUpdate": 1783359710000,
        "DocId": 1.1061215596273316e+19,
        "t0": null,
        "t00": null,
        "Shape_Length": 10.351758672631622,
        "Shape_Area": 6.644319900833631
      }
    },
    {
      "type": "Feature",
      "id": 198,
      "geometry": {
        "type": "Polygon",
        "coordinates": [
          [
            [
              80.33718032938735,
              7.060595385266526
            ],
            [
              80.33709737141723,
              7.060593506277555
            ],
            [
              80.33709903782017,
              7.060520084825659
            ],
            [
              80.33718199577726,
              7.0605219638131205
            ],
            [
              80.33718032938735,
              7.060595385266526
            ]
          ]
        ]
      },
      "properties": {
        "OBJECTID": 198,
        "Entity": "LWPolyline",
        "Handle": "33220",
        "Layer": "BLD",
        "LyrFrzn": 0,
        "LyrOn": 1,
        "Color": 8,
        "Linetype": "Continuous",
        "Elevation": 17.047999999999995,
        "LineWt": 25,
        "RefName": "",
        "DocUpdate": 1783359710000,
        "DocId": 1.1061215596273316e+19,
        "t0": null,
        "t00": null,
        "Shape_Length": 34.56740220982225,
        "Shape_Area": 74.4083470009309
      }
    },
    {
      "type": "Feature",
      "id": 199,
      "geometry": {
        "type": "Polygon",
        "coordinates": [
          [
            [
              80.33709669341484,
              7.060786729366073
            ],
            [
              80.33709449339308,
              7.0606269618425035
            ],
            [
              80.33717887360787,
              7.060625802710854
            ],
            [
              80.33718107365863,
              7.060785570236733
            ],
            [
              80.33709669341484,
              7.060786729366073
            ]
          ]
        ]
      },
      "properties": {
        "OBJECTID": 199,
        "Entity": "LWPolyline",
        "Handle": "33221",
        "Layer": "BLD",
        "LyrFrzn": 0,
        "LyrOn": 1,
        "Color": 8,
        "Linetype": "Continuous",
        "Elevation": 18.321000000000005,
        "LineWt": 25,
        "RefName": "",
        "DocUpdate": 1783359710000,
        "DocId": 1.1061215596273316e+19,
        "t0": null,
        "t00": null,
        "Shape_Length": 53.96961460729386,
        "Shape_Area": 164.63744501169148
      }
    },
    {
      "type": "Feature",
      "id": 200,
      "geometry": {
        "type": "Polygon",
        "coordinates": [
          [
            [
              80.33687030097008,
              7.060899022244808
            ],
            [
              80.3369249368666,
              7.060893937717175
            ],
            [
              80.33692885729349,
              7.060935983360115
            ],
            [
              80.33687422139198,
              7.060941067887742
            ],
            [
              80.33687030097008,
              7.060899022244808
            ]
          ]
        ]
      },
      "properties": {
        "OBJECTID": 200,
        "Entity": "LWPolyline",
        "Handle": "33222",
        "Layer": "BLD",
        "LyrFrzn": 0,
        "LyrOn": 1,
        "Color": 8,
        "Linetype": "Continuous",
        "Elevation": 18.222999999999992,
        "LineWt": 25,
        "RefName": "",
        "DocUpdate": 1783359710000,
        "DocId": 1.1061215596273316e+19,
        "t0": null,
        "t00": null,
        "Shape_Length": 21.45754909737696,
        "Shape_Area": 28.292312904201047
      }
    },
    {
      "type": "Feature",
      "id": 201,
      "geometry": {
        "type": "Polygon",
        "coordinates": [
          [
            [
              80.33707804109218,
              7.06055800023652
            ],
            [
              80.33707970964927,
              7.060931430832089
            ],
            [
              80.33692885729349,
              7.060935983360115
            ],
            [
              80.3369202409527,
              7.060561624798248
            ],
            [
              80.33707804109218,
              7.06055800023652
            ]
          ]
        ]
      },
      "properties": {
        "OBJECTID": 201,
        "Entity": "LWPolyline",
        "Handle": "33223",
        "Layer": "BLD",
        "LyrFrzn": 0,
        "LyrOn": 1,
        "Color": 8,
        "Linetype": "Continuous",
        "Elevation": 18.498999999999988,
        "LineWt": 25,
        "RefName": "",
        "DocUpdate": 1783359710000,
        "DocId": 1.1061215596273316e+19,
        "t0": null,
        "t00": null,
        "Shape_Length": 116.78357661108117,
        "Shape_Area": 704.7976349979472
      }
    },
    {
      "type": "Feature",
      "id": 202,
      "geometry": {
        "type": "Polygon",
        "coordinates": [
          [
            [
              80.33817314840867,
              7.060430857650288
            ],
            [
              80.3381777349937,
              7.06039097415396
            ],
            [
              80.33821611652736,
              7.060395379408776
            ],
            [
              80.3382115299455,
              7.060435262905778
            ],
            [
              80.33817314840867,
              7.060430857650288
            ]
          ]
        ]
      },
      "properties": {
        "OBJECTID": 202,
        "Entity": "LWPolyline",
        "Handle": "33224",
        "Layer": "BLD",
        "LyrFrzn": 0,
        "LyrOn": 1,
        "Color": 8,
        "Linetype": "Continuous",
        "Elevation": 31.857999999999997,
        "LineWt": 25,
        "RefName": "",
        "DocUpdate": 1783359710000,
        "DocId": 1.1061215596273316e+19,
        "t0": null,
        "t00": null,
        "Shape_Length": 17.410371596026327,
        "Shape_Area": 18.93772129933438
      }
    },
    {
      "type": "Feature",
      "id": 203,
      "geometry": {
        "type": "Polygon",
        "coordinates": [
          [
            [
              80.33832452261866,
              7.060403040797732
            ],
            [
              80.33828707968571,
              7.060439649414068
            ],
            [
              80.33824795999982,
              7.060399717497405
            ],
            [
              80.33828540293203,
              7.06036310888415
            ],
            [
              80.33832452261866,
              7.060403040797732
            ]
          ]
        ]
      },
      "properties": {
        "OBJECTID": 203,
        "Entity": "LWPolyline",
        "Handle": "33225",
        "Layer": "BLD",
        "LyrFrzn": 0,
        "LyrOn": 1,
        "Color": 8,
        "Linetype": "Continuous",
        "Elevation": 32.24299999999999,
        "LineWt": 25,
        "RefName": "",
        "DocUpdate": 1783359710000,
        "DocId": 1.1061215596273316e+19,
        "t0": null,
        "t00": null,
        "Shape_Length": 23.926711067720788,
        "Shape_Area": 35.74229468237553
      }
    },
    {
      "type": "Feature",
      "id": 204,
      "geometry": {
        "type": "Polygon",
        "coordinates": [
          [
            [
              80.33762506052167,
              7.0608381880285584
            ],
            [
              80.33756818709037,
              7.060853600157624
            ],
            [
              80.33753390486913,
              7.060727343512035
            ],
            [
              80.33759077828536,
              7.060711931385735
            ],
            [
              80.33762506052167,
              7.0608381880285584
            ]
          ]
        ]
      },
      "properties": {
        "OBJECTID": 204,
        "Entity": "LWPolyline",
        "Handle": "33227",
        "Layer": "BLD",
        "LyrFrzn": 0,
        "LyrOn": 1,
        "Color": 8,
        "Linetype": "Continuous",
        "Elevation": 17.190000000000005,
        "LineWt": 25,
        "RefName": "",
        "DocUpdate": 1783359710000,
        "DocId": 1.1061215596273316e+19,
        "t0": null,
        "t00": null,
        "Shape_Length": 41.941861765844564,
        "Shape_Area": 94.12732399752217
      }
    },
    {
      "type": "Feature",
      "id": 205,
      "geometry": {
        "type": "Polygon",
        "coordinates": [
          [
            [
              80.33733821024407,
              7.0609517792438785
            ],
            [
              80.33732280319227,
              7.060868527474283
            ],
            [
              80.3374066207322,
              7.060853046907406
            ],
            [
              80.33742202779902,
              7.060936298675637
            ],
            [
              80.33733821024407,
              7.0609517792438785
            ]
          ]
        ]
      },
      "properties": {
        "OBJECTID": 205,
        "Entity": "LWPolyline",
        "Handle": "33228",
        "Layer": "BLD",
        "LyrFrzn": 0,
        "LyrOn": 1,
        "Color": 8,
        "Linetype": "Continuous",
        "Elevation": 13.883000000000003,
        "LineWt": 25,
        "RefName": "",
        "DocUpdate": 1783359710000,
        "DocId": 1.1061215596273316e+19,
        "t0": null,
        "t00": null,
        "Shape_Length": 37.547645020873,
        "Shape_Area": 88.1133681880545
      }
    },
    {
      "type": "Feature",
      "id": 206,
      "geometry": {
        "type": "Polygon",
        "coordinates": [
          [
            [
              80.3366244744963,
              7.059386489368907
            ],
            [
              80.33662171974261,
              7.059347375170204
            ],
            [
              80.33665940406829,
              7.059344725989259
            ],
            [
              80.33666215882516,
              7.05938384018802
            ],
            [
              80.3366244744963,
              7.059386489368907
            ]
          ]
        ]
      },
      "properties": {
        "OBJECTID": 206,
        "Entity": "LWPolyline",
        "Handle": "3322B",
        "Layer": "BLD",
        "LyrFrzn": 0,
        "LyrOn": 1,
        "Color": 8,
        "Linetype": "Continuous",
        "Elevation": 64.281,
        "LineWt": 25,
        "RefName": "",
        "DocUpdate": 1783359710000,
        "DocId": 1.1061215596273316e+19,
        "t0": null,
        "t00": null,
        "Shape_Length": 17.014480633206055,
        "Shape_Area": 18.086673600555077
      }
    },
    {
      "type": "Feature",
      "id": 207,
      "geometry": {
        "type": "Polygon",
        "coordinates": [
          [
            [
              80.33635512882063,
              7.0597656673324485
            ],
            [
              80.33629303311089,
              7.059804470395999
            ],
            [
              80.33621679698884,
              7.059682714676973
            ],
            [
              80.33627889268679,
              7.0596439116224445
            ],
            [
              80.33635512882063,
              7.0597656673324485
            ]
          ]
        ]
      },
      "properties": {
        "OBJECTID": 207,
        "Entity": "LWPolyline",
        "Handle": "3322C",
        "Layer": "BLD",
        "LyrFrzn": 0,
        "LyrOn": 1,
        "Color": 8,
        "Linetype": "Continuous",
        "Elevation": 38.46,
        "LineWt": 25,
        "RefName": "",
        "DocUpdate": 1783359710000,
        "DocId": 1.1061215596273316e+19,
        "t0": null,
        "t00": null,
        "Shape_Length": 47.93271493689433,
        "Shape_Area": 128.43413159518647
      }
    },
    {
      "type": "Feature",
      "id": 208,
      "geometry": {
        "type": "Polygon",
        "coordinates": [
          [
            [
              80.33697741127895,
              7.056755960750499
            ],
            [
              80.33703916105502,
              7.05681103423585
            ],
            [
              80.33697353514637,
              7.05688447069049
            ],
            [
              80.33691178537126,
              7.056829396291913
            ],
            [
              80.33697741127895,
              7.056755960750499
            ]
          ]
        ]
      },
      "properties": {
        "OBJECTID": 208,
        "Entity": "LWPolyline",
        "Handle": "3322D",
        "Layer": "BLD",
        "LyrFrzn": 0,
        "LyrOn": 1,
        "Color": 8,
        "Linetype": "Continuous",
        "Elevation": -63.99,
        "LineWt": 25,
        "RefName": "",
        "DocUpdate": 1783359710000,
        "DocId": 1.1061215596273316e+19,
        "t0": null,
        "t00": null,
        "Shape_Length": 40.051442457915556,
        "Shape_Area": 99.49966965173829
      }
    },
    {
      "type": "Feature",
      "id": 209,
      "geometry": {
        "type": "Polygon",
        "coordinates": [
          [
            [
              80.34172634713157,
              7.05339306047249
            ],
            [
              80.34170474723561,
              7.05344058058535
            ],
            [
              80.3414974221952,
              7.053346525911346
            ],
            [
              80.3414668805935,
              7.0534137170128055
            ],
            [
              80.34139225452473,
              7.053379861733413
            ],
            [
              80.34142279613279,
              7.053312671542079
            ],
            [
              80.34156302747539,
              7.053004162858129
            ],
            [
              80.34162802416289,
              7.053033648287025
            ],
            [
              80.34163760251515,
              7.053012575243243
            ],
            [
              80.34176198769246,
              7.053069002754483
            ],
            [
              80.3417524084375,
              7.053090076704453
            ],
            [
              80.34184497844706,
              7.053132070900148
            ],
            [
              80.34182499615848,
              7.053176033951166
            ],
            [
              80.341849940887,
              7.0531873504775255
            ],
            [
              80.34175129277375,
              7.053404377006144
            ],
            [
              80.34172634713157,
              7.05339306047249
            ]
          ]
        ]
      },
      "properties": {
        "OBJECTID": 209,
        "Entity": "LWPolyline",
        "Handle": "3322E",
        "Layer": "BLD",
        "LyrFrzn": 0,
        "LyrOn": 1,
        "Color": 8,
        "Linetype": "Continuous",
        "Elevation": -63.99,
        "LineWt": 25,
        "RefName": "",
        "DocUpdate": 1783359710000,
        "DocId": 1.1061215596273316e+19,
        "t0": null,
        "t00": null,
        "Shape_Length": 170.80427210857505,
        "Shape_Area": 1473.3008715619321
      }
    },
    {
      "type": "Feature",
      "id": 210,
      "geometry": {
        "type": "Polygon",
        "coordinates": [
          [
            [
              80.34227639531866,
              7.053262371942675
            ],
            [
              80.34236298939648,
              7.053271154816298
            ],
            [
              80.34235729766556,
              7.0533271565885265
            ],
            [
              80.34227070448306,
              7.053318373714189
            ],
            [
              80.34227639531866,
              7.053262371942675
            ]
          ]
        ]
      },
      "properties": {
        "OBJECTID": 210,
        "Entity": "LWPolyline",
        "Handle": "3322F",
        "Layer": "BLD",
        "LyrFrzn": 0,
        "LyrOn": 1,
        "Color": 8,
        "Linetype": "Continuous",
        "Elevation": -63.99,
        "LineWt": 25,
        "RefName": "",
        "DocUpdate": 1783359710000,
        "DocId": 1.1061215596273316e+19,
        "t0": null,
        "t00": null,
        "Shape_Length": 31.672203083229874,
        "Shape_Area": 59.82249089561207
      }
    },
    {
      "type": "Feature",
      "id": 211,
      "geometry": {
        "type": "Polygon",
        "coordinates": [
          [
            [
              80.34224229737599,
              7.053412940956864
            ],
            [
              80.34225236295562,
              7.053345579850234
            ],
            [
              80.34235522912157,
              7.0533609218215325
            ],
            [
              80.34234516265062,
              7.053428282930407
            ],
            [
              80.34224229737599,
              7.053412940956864
            ]
          ]
        ]
      },
      "properties": {
        "OBJECTID": 211,
        "Entity": "LWPolyline",
        "Handle": "33230",
        "Layer": "BLD",
        "LyrFrzn": 0,
        "LyrOn": 1,
        "Color": 8,
        "Linetype": "Continuous",
        "Elevation": -63.99,
        "LineWt": 25,
        "RefName": "",
        "DocUpdate": 1783359710000,
        "DocId": 1.1061215596273316e+19,
        "t0": null,
        "t00": null,
        "Shape_Length": 38.03309785046881,
        "Shape_Area": 86.49200379284395
      }
    },
    {
      "type": "Feature",
      "id": 212,
      "geometry": {
        "type": "Polygon",
        "coordinates": [
          [
            [
              80.34250273508776,
              7.053357229143449
            ],
            [
              80.34243812022248,
              7.053366364443702
            ],
            [
              80.34242881370291,
              7.053300664824704
            ],
            [
              80.34249342855902,
              7.053291529524887
            ],
            [
              80.34250273508776,
              7.053357229143449
            ]
          ]
        ]
      },
      "properties": {
        "OBJECTID": 212,
        "Entity": "LWPolyline",
        "Handle": "33231",
        "Layer": "BLD",
        "LyrFrzn": 0,
        "LyrOn": 1,
        "Color": 8,
        "Linetype": "Continuous",
        "Elevation": -63.99,
        "LineWt": 25,
        "RefName": "",
        "DocUpdate": 1783359710000,
        "DocId": 1.1061215596273316e+19,
        "t0": null,
        "t00": null,
        "Shape_Length": 29.086526450209806,
        "Shape_Area": 52.87251850325596
      }
    },
    {
      "type": "Feature",
      "id": 213,
      "geometry": {
        "type": "Polygon",
        "coordinates": [
          [
            [
              80.34213005320795,
              7.053401177663322
            ],
            [
              80.34216313248835,
              7.0534174814864254
            ],
            [
              80.34213568035466,
              7.053473071792438
            ],
            [
              80.34210260016623,
              7.053456767965876
            ],
            [
              80.34213005320795,
              7.053401177663322
            ]
          ]
        ]
      },
      "properties": {
        "OBJECTID": 213,
        "Entity": "LWPolyline",
        "Handle": "33232",
        "Layer": "BLD",
        "LyrFrzn": 0,
        "LyrOn": 1,
        "Color": 8,
        "Linetype": "Continuous",
        "Elevation": -63.99,
        "LineWt": 25,
        "RefName": "",
        "DocUpdate": 1783359710000,
        "DocId": 1.1061215596273316e+19,
        "t0": null,
        "t00": null,
        "Shape_Length": 21.8538127594814,
        "Shape_Area": 27.918574454661407
      }
    },
    {
      "type": "Feature",
      "id": 214,
      "geometry": {
        "type": "Polygon",
        "coordinates": [
          [
            [
              80.34157480548957,
              7.053919279604368
            ],
            [
              80.34161142616695,
              7.053903344464039
            ],
            [
              80.34164260214936,
              7.05397485038221
            ],
            [
              80.341605981467,
              7.053990785524513
            ],
            [
              80.34157480548957,
              7.053919279604368
            ]
          ]
        ]
      },
      "properties": {
        "OBJECTID": 214,
        "Entity": "LWPolyline",
        "Handle": "33233",
        "Layer": "BLD",
        "LyrFrzn": 0,
        "LyrOn": 1,
        "Color": 8,
        "Linetype": "Continuous",
        "Elevation": -63.99,
        "LineWt": 25,
        "RefName": "",
        "DocUpdate": 1783359710000,
        "DocId": 1.1061215596273316e+19,
        "t0": null,
        "t00": null,
        "Shape_Length": 26.068410119265796,
        "Shape_Area": 38.03951340896167
      }
    },
    {
      "type": "Feature",
      "id": 215,
      "geometry": {
        "type": "Polygon",
        "coordinates": [
          [
            [
              80.34173477882405,
              7.0542851909649755
            ],
            [
              80.34163114626007,
              7.054291170388497
            ],
            [
              80.34161894677341,
              7.054080145733725
            ],
            [
              80.34172258019555,
              7.0540741663098006
            ],
            [
              80.34173477882405,
              7.0542851909649755
            ]
          ]
        ]
      },
      "properties": {
        "OBJECTID": 215,
        "Entity": "LWPolyline",
        "Handle": "33234",
        "Layer": "BLD",
        "LyrFrzn": 0,
        "LyrOn": 1,
        "Color": 8,
        "Linetype": "Continuous",
        "Elevation": -63.99,
        "LineWt": 25,
        "RefName": "",
        "DocUpdate": 1783359710000,
        "DocId": 1.1061215596273316e+19,
        "t0": null,
        "t00": null,
        "Shape_Length": 69.66673048248691,
        "Shape_Area": 267.91673264835987
      }
    },
    {
      "type": "Feature",
      "id": 216,
      "geometry": {
        "type": "Polygon",
        "coordinates": [
          [
            [
              80.33790453430888,
              7.06088362333184
            ],
            [
              80.33781603051783,
              7.060975935786676
            ],
            [
              80.33774389197228,
              7.060906911435882
            ],
            [
              80.33783239576195,
              7.06081459899457
            ],
            [
              80.33790453430888,
              7.06088362333184
            ]
          ]
        ]
      },
      "properties": {
        "OBJECTID": 216,
        "Entity": "LWPolyline",
        "Handle": "33235",
        "Layer": "BLD",
        "LyrFrzn": 0,
        "LyrOn": 1,
        "Color": 8,
        "Linetype": "Continuous",
        "Elevation": -63.99,
        "LineWt": 25,
        "RefName": "",
        "DocUpdate": 1783359710000,
        "DocId": 1.1061215596273316e+19,
        "t0": null,
        "t00": null,
        "Shape_Length": 50.327187653985575,
        "Shape_Area": 155.90021505954056
      }
    },
    {
      "type": "Feature",
      "id": 217,
      "geometry": {
        "type": "Polygon",
        "coordinates": [
          [
            [
              80.33747404522433,
              7.060175172820202
            ],
            [
              80.33746497103485,
              7.060236839278028
            ],
            [
              80.337361093041,
              7.06022158422121
            ],
            [
              80.33737016724353,
              7.06015991776662
            ],
            [
              80.33747404522433,
              7.060175172820202
            ]
          ]
        ]
      },
      "properties": {
        "OBJECTID": 217,
        "Entity": "LWPolyline",
        "Handle": "33236",
        "Layer": "BLD",
        "LyrFrzn": 0,
        "LyrOn": 1,
        "Color": 8,
        "Linetype": "Continuous",
        "Elevation": -63.99,
        "LineWt": 25,
        "RefName": "",
        "DocUpdate": 1783359710000,
        "DocId": 1.1061215596273316e+19,
        "t0": null,
        "t00": null,
        "Shape_Length": 36.97352605836519,
        "Shape_Area": 79.9052328928338
      }
    },
    {
      "type": "Feature",
      "id": 218,
      "geometry": {
        "type": "Polygon",
        "coordinates": [
          [
            [
              80.33742432408228,
              7.060240737091813
            ],
            [
              80.33747762396241,
              7.060254403415736
            ],
            [
              80.33745866597904,
              7.060328195603941
            ],
            [
              80.33740536609143,
              7.060314529277161
            ],
            [
              80.33742432408228,
              7.060240737091813
            ]
          ]
        ]
      },
      "properties": {
        "OBJECTID": 218,
        "Entity": "LWPolyline",
        "Handle": "33237",
        "Layer": "BLD",
        "LyrFrzn": 0,
        "LyrOn": 1,
        "Color": 8,
        "Linetype": "Continuous",
        "Elevation": -63.99,
        "LineWt": 25,
        "RefName": "",
        "DocUpdate": 1783359710000,
        "DocId": 1.1061215596273316e+19,
        "t0": null,
        "t00": null,
        "Shape_Length": 28.99978993938937,
        "Shape_Area": 51.18700229954962
      }
    },
    {
      "type": "Feature",
      "id": 219,
      "geometry": {
        "type": "Polygon",
        "coordinates": [
          [
            [
              80.33684389597231,
              7.060744347228459
            ],
            [
              80.33688388625572,
              7.060746362386025
            ],
            [
              80.33688812370517,
              7.060662434800971
            ],
            [
              80.33692043552337,
              7.060664062755074
            ],
            [
              80.33691086869578,
              7.060853521191848
            ],
            [
              80.3368385674789,
              7.060849877173753
            ],
            [
              80.33684389597231,
              7.060744347228459
            ]
          ]
        ]
      },
      "properties": {
        "OBJECTID": 219,
        "Entity": "LWPolyline",
        "Handle": "33238",
        "Layer": "BLD",
        "LyrFrzn": 0,
        "LyrOn": 1,
        "Color": 8,
        "Linetype": "Continuous",
        "Elevation": -63.99,
        "LineWt": 25,
        "RefName": "",
        "DocUpdate": 1783359710000,
        "DocId": 1.1061215596273316e+19,
        "t0": null,
        "t00": null,
        "Shape_Length": 57.93487448975952,
        "Shape_Area": 126.59539098610733
      }
    },
    {
      "type": "Feature",
      "id": 220,
      "geometry": {
        "type": "Polygon",
        "coordinates": [
          [
            [
              80.33689577859803,
              7.060620875967361
            ],
            [
              80.33689984692131,
              7.060662066130707
            ],
            [
              80.33683416183744,
              7.060668540600273
            ],
            [
              80.33683009352002,
              7.060627350436902
            ],
            [
              80.33689577859803,
              7.060620875967361
            ]
          ]
        ]
      },
      "properties": {
        "OBJECTID": 220,
        "Entity": "LWPolyline",
        "Handle": "33239",
        "Layer": "BLD",
        "LyrFrzn": 0,
        "LyrOn": 1,
        "Color": 8,
        "Linetype": "Continuous",
        "Elevation": -63.99,
        "LineWt": 25,
        "RefName": "",
        "DocUpdate": 1783359710000,
        "DocId": 1.1061215596273316e+19,
        "t0": null,
        "t00": null,
        "Shape_Length": 23.731219201524244,
        "Shape_Area": 33.356867238139984
      }
    },
    {
      "type": "Feature",
      "id": 221,
      "geometry": {
        "type": "Polygon",
        "coordinates": [
          [
            [
              80.33619249242346,
              7.060416973359091
            ],
            [
              80.33616816067668,
              7.060474105343308
            ],
            [
              80.33609660122852,
              7.06044368984975
            ],
            [
              80.33612093207508,
              7.060386558773106
            ],
            [
              80.33619249242346,
              7.060416973359091
            ]
          ]
        ]
      },
      "properties": {
        "OBJECTID": 221,
        "Entity": "LWPolyline",
        "Handle": "3323A",
        "Layer": "BLD",
        "LyrFrzn": 0,
        "LyrOn": 1,
        "Color": 8,
        "Linetype": "Continuous",
        "Elevation": -63.99,
        "LineWt": 25,
        "RefName": "",
        "DocUpdate": 1783359710000,
        "DocId": 1.1061215596273316e+19,
        "t0": null,
        "t00": null,
        "Shape_Length": 30.905902339846804,
        "Shape_Area": 58.954597903192386
      }
    },
    {
      "type": "Feature",
      "id": 222,
      "geometry": {
        "type": "Polygon",
        "coordinates": [
          [
            [
              80.33615005199565,
              7.060263849400682
            ],
            [
              80.33624120495729,
              7.060302592769572
            ],
            [
              80.33619249242346,
              7.060416973359091
            ],
            [
              80.33610133944397,
              7.060378230883693
            ],
            [
              80.33615005199565,
              7.060263849400682
            ]
          ]
        ]
      },
      "properties": {
        "OBJECTID": 222,
        "Entity": "LWPolyline",
        "Handle": "3323B",
        "Layer": "BLD",
        "LyrFrzn": 0,
        "LyrOn": 1,
        "Color": 8,
        "Linetype": "Continuous",
        "Elevation": -63.99,
        "LineWt": 25,
        "RefName": "",
        "DocUpdate": 1783359710000,
        "DocId": 1.1061215596273316e+19,
        "t0": null,
        "t00": null,
        "Shape_Length": 49.36558542100926,
        "Shape_Area": 150.347800215235
      }
    },
    {
      "type": "Feature",
      "id": 223,
      "geometry": {
        "type": "Polygon",
        "coordinates": [
          [
            [
              80.33687334037755,
              7.06245084847687
            ],
            [
              80.33683259696045,
              7.062444146743663
            ],
            [
              80.3368607614337,
              7.062273273108956
            ],
            [
              80.33690150393126,
              7.062279974837092
            ],
            [
              80.33687334037755,
              7.06245084847687
            ]
          ]
        ]
      },
      "properties": {
        "OBJECTID": 223,
        "Entity": "LWPolyline",
        "Handle": "3323C",
        "Layer": "BLD",
        "LyrFrzn": 0,
        "LyrOn": 1,
        "Color": 8,
        "Linetype": "Continuous",
        "Elevation": -63.99,
        "LineWt": 25,
        "RefName": "",
        "DocUpdate": 1783359710000,
        "DocId": 1.1061215596273316e+19,
        "t0": null,
        "t00": null,
        "Shape_Length": 47.41111367729332,
        "Shape_Area": 87.30940184261983
      }
    },
    {
      "type": "Feature",
      "id": 224,
      "geometry": {
        "type": "Polygon",
        "coordinates": [
          [
            [
              80.33667778466352,
              7.0622326227511705
            ],
            [
              80.33670020503844,
              7.062116419188951
            ],
            [
              80.33680379604301,
              7.062136366747522
            ],
            [
              80.3367813747866,
              7.062252570315674
            ],
            [
              80.33667778466352,
              7.0622326227511705
            ]
          ]
        ]
      },
      "properties": {
        "OBJECTID": 224,
        "Entity": "LWPolyline",
        "Handle": "3323D",
        "Layer": "BLD",
        "LyrFrzn": 0,
        "LyrOn": 1,
        "Color": 8,
        "Linetype": "Continuous",
        "Elevation": -9.074000000000005,
        "LineWt": 25,
        "RefName": "",
        "DocUpdate": 1783359710000,
        "DocId": 1.1061215596273316e+19,
        "t0": null,
        "t00": null,
        "Shape_Length": 49.46956988763819,
        "Shape_Area": 152.4399282612212
      }
    },
    {
      "type": "Feature",
      "id": 225,
      "geometry": {
        "type": "Polygon",
        "coordinates": [
          [
            [
              80.33485562755386,
              7.0628640642310225
            ],
            [
              80.33487600965911,
              7.062875027309783
            ],
            [
              80.3348915574573,
              7.0628461794526896
            ],
            [
              80.33490511054394,
              7.062853469427308
            ],
            [
              80.3349237323117,
              7.062818917434779
            ],
            [
              80.33499987840591,
              7.062859875689476
            ],
            [
              80.33494736488198,
              7.062957309637511
            ],
            [
              80.33483728448958,
              7.06289809831931
            ],
            [
              80.33485562755386,
              7.0628640642310225
            ]
          ]
        ]
      },
      "properties": {
        "OBJECTID": 225,
        "Entity": "LWPolyline",
        "Handle": "3323E",
        "Layer": "BLD",
        "LyrFrzn": 0,
        "LyrOn": 1,
        "Color": 8,
        "Linetype": "Continuous",
        "Elevation": -63.99,
        "LineWt": 25,
        "RefName": "",
        "DocUpdate": 1783359710000,
        "DocId": 1.1061215596273316e+19,
        "t0": null,
        "t00": null,
        "Shape_Length": 52.08371354062488,
        "Shape_Area": 141.19784890841768
      }
    },
    {
      "type": "Feature",
      "id": 226,
      "geometry": {
        "type": "Polygon",
        "coordinates": [
          [
            [
              80.35111490872147,
              7.064644442830229
            ],
            [
              80.3511659196808,
              7.064637386056847
            ],
            [
              80.35118018458196,
              7.064740297026018
            ],
            [
              80.35112917361128,
              7.064747353799921
            ],
            [
              80.35111490872147,
              7.064644442830229
            ]
          ]
        ]
      },
      "properties": {
        "OBJECTID": 226,
        "Entity": "LWPolyline",
        "Handle": "3CA4A",
        "Layer": "BLD",
        "LyrFrzn": 0,
        "LyrOn": 1,
        "Color": 8,
        "Linetype": "Continuous",
        "Elevation": -63.99,
        "LineWt": 25,
        "RefName": "",
        "DocUpdate": 1783359710000,
        "DocId": 1.1061215596273316e+19,
        "t0": null,
        "t00": null,
        "Shape_Length": 34.346640463358085,
        "Shape_Area": 65.32590690015519
      }
    },
    {
      "type": "Feature",
      "id": 227,
      "geometry": {
        "type": "Polygon",
        "coordinates": [
          [
            [
              80.35111490872147,
              7.064644442830229
            ],
            [
              80.3511659196808,
              7.064637386056847
            ],
            [
              80.35118018458196,
              7.064740297026018
            ],
            [
              80.35112917361128,
              7.064747353799921
            ],
            [
              80.35111490872147,
              7.064644442830229
            ]
          ]
        ]
      },
      "properties": {
        "OBJECTID": 227,
        "Entity": "LWPolyline",
        "Handle": "3CA4B",
        "Layer": "BLD",
        "LyrFrzn": 0,
        "LyrOn": 1,
        "Color": 8,
        "Linetype": "Continuous",
        "Elevation": -63.99,
        "LineWt": 25,
        "RefName": "",
        "DocUpdate": 1783359710000,
        "DocId": 1.1061215596273316e+19,
        "t0": null,
        "t00": null,
        "Shape_Length": 34.346640463358085,
        "Shape_Area": 65.32590690015519
      }
    },
    {
      "type": "Feature",
      "id": 228,
      "geometry": {
        "type": "Polygon",
        "coordinates": [
          [
            [
              80.34553323894006,
              7.050387558522975
            ],
            [
              80.34549899866657,
              7.050327610319213
            ],
            [
              80.34562432732803,
              7.050256166439158
            ],
            [
              80.34565856761407,
              7.050316114634918
            ],
            [
              80.34553323894006,
              7.050387558522975
            ]
          ]
        ]
      },
      "properties": {
        "OBJECTID": 228,
        "Entity": "LWPolyline",
        "Handle": "3CA4D",
        "Layer": "BLD",
        "LyrFrzn": 0,
        "LyrOn": 1,
        "Color": 8,
        "Linetype": "Continuous",
        "Elevation": -63.99,
        "LineWt": 25,
        "RefName": "",
        "DocUpdate": 1783359710000,
        "DocId": 1.1061215596273316e+19,
        "t0": null,
        "t00": null,
        "Shape_Length": 47.135098924645135,
        "Shape_Area": 121.60802799143411
      }
    },
    {
      "type": "Feature",
      "id": 229,
      "geometry": {
        "type": "Polygon",
        "coordinates": [
          [
            [
              80.3440819963801,
              7.051476675020318
            ],
            [
              80.34411152265872,
              7.051562549761702
            ],
            [
              80.3440670051838,
              7.051577826388155
            ],
            [
              80.34403747891294,
              7.051491951644683
            ],
            [
              80.3440819963801,
              7.051476675020318
            ]
          ]
        ]
      },
      "properties": {
        "OBJECTID": 229,
        "Entity": "LWPolyline",
        "Handle": "3CA4E",
        "Layer": "BLD",
        "LyrFrzn": 0,
        "LyrOn": 1,
        "Color": 8,
        "Linetype": "Continuous",
        "Elevation": -63.99,
        "LineWt": 25,
        "RefName": "",
        "DocUpdate": 1783359710000,
        "DocId": 1.1061215596273316e+19,
        "t0": null,
        "t00": null,
        "Shape_Length": 30.47402703875359,
        "Shape_Area": 52.18645199711784
      }
    },
    {
      "type": "Feature",
      "id": 230,
      "geometry": {
        "type": "Polygon",
        "coordinates": [
          [
            [
              80.34286073401452,
              7.051492687622873
            ],
            [
              80.34295306843934,
              7.0513708380522475
            ],
            [
              80.34300101365298,
              7.051407098697023
            ],
            [
              80.34290867923175,
              7.051528948277434
            ],
            [
              80.34286073401452,
              7.051492687622873
            ]
          ]
        ]
      },
      "properties": {
        "OBJECTID": 230,
        "Entity": "LWPolyline",
        "Handle": "3CA4F",
        "Layer": "BLD",
        "LyrFrzn": 0,
        "LyrOn": 1,
        "Color": 8,
        "Linetype": "Continuous",
        "Elevation": -63.99,
        "LineWt": 25,
        "RefName": "",
        "DocUpdate": 1783359710000,
        "DocId": 1.1061215596273316e+19,
        "t0": null,
        "t00": null,
        "Shape_Length": 47.07466306799532,
        "Shape_Area": 112.21480799219665
      }
    },
    {
      "type": "Feature",
      "id": 231,
      "geometry": {
        "type": "Polygon",
        "coordinates": [
          [
            [
              80.34276935522352,
              7.051707341230179
            ],
            [
              80.34282435816365,
              7.051726289048281
            ],
            [
              80.34280026794742,
              7.051796083554705
            ],
            [
              80.34274526500056,
              7.051777135733134
            ],
            [
              80.34276935522352,
              7.051707341230179
            ]
          ]
        ]
      },
      "properties": {
        "OBJECTID": 231,
        "Entity": "LWPolyline",
        "Handle": "3CA50",
        "Layer": "BLD",
        "LyrFrzn": 0,
        "LyrOn": 1,
        "Color": 8,
        "Linetype": "Continuous",
        "Elevation": -63.99,
        "LineWt": 25,
        "RefName": "",
        "DocUpdate": 1783359710000,
        "DocId": 1.1061215596273316e+19,
        "t0": null,
        "t00": null,
        "Shape_Length": 29.175569351921435,
        "Shape_Area": 52.447413197502236
      }
    },
    {
      "type": "Feature",
      "id": 232,
      "geometry": {
        "type": "Polygon",
        "coordinates": [
          [
            [
              80.34314016096546,
              7.051668913433876
            ],
            [
              80.34305557344139,
              7.051802871203337
            ],
            [
              80.34299008366888,
              7.051761598271945
            ],
            [
              80.34307467120209,
              7.051627640515157
            ],
            [
              80.34314016096546,
              7.051668913433876
            ]
          ]
        ]
      },
      "properties": {
        "OBJECTID": 232,
        "Entity": "LWPolyline",
        "Handle": "3CA51",
        "Layer": "BLD",
        "LyrFrzn": 0,
        "LyrOn": 1,
        "Color": 8,
        "Linetype": "Continuous",
        "Elevation": -63.99,
        "LineWt": 25,
        "RefName": "",
        "DocUpdate": 1783359710000,
        "DocId": 1.1061215596273316e+19,
        "t0": null,
        "t00": null,
        "Shape_Length": 52.124239829394014,
        "Shape_Area": 149.7469296951733
      }
    },
    {
      "type": "Feature",
      "id": 233,
      "geometry": {
        "type": "Polygon",
        "coordinates": [
          [
            [
              80.34420325884648,
              7.052127143756494
            ],
            [
              80.3441571844338,
              7.052075170429152
            ],
            [
              80.34424655028744,
              7.051996100998558
            ],
            [
              80.3442926247039,
              7.05204807431744
            ],
            [
              80.34420325884648,
              7.052127143756494
            ]
          ]
        ]
      },
      "properties": {
        "OBJECTID": 233,
        "Entity": "LWPolyline",
        "Handle": "3CA52",
        "Layer": "BLD",
        "LyrFrzn": 0,
        "LyrOn": 1,
        "Color": 8,
        "Linetype": "Continuous",
        "Elevation": -63.99,
        "LineWt": 25,
        "RefName": "",
        "DocUpdate": 1783359710000,
        "DocId": 1.1061215596273316e+19,
        "t0": null,
        "t00": null,
        "Shape_Length": 41.71961105439834,
        "Shape_Area": 101.1949698920683
      }
    },
    {
      "type": "Feature",
      "id": 234,
      "geometry": {
        "type": "Polygon",
        "coordinates": [
          [
            [
              80.34286495303353,
              7.052013190914775
            ],
            [
              80.3429471833499,
              7.051914275231008
            ],
            [
              80.34299617634075,
              7.051954924355685
            ],
            [
              80.342913946026,
              7.052053840048223
            ],
            [
              80.34286495303353,
              7.052013190914775
            ]
          ]
        ]
      },
      "properties": {
        "OBJECTID": 234,
        "Entity": "LWPolyline",
        "Handle": "3CA53",
        "Layer": "BLD",
        "LyrFrzn": 0,
        "LyrOn": 1,
        "Color": 8,
        "Linetype": "Continuous",
        "Elevation": -63.99,
        "LineWt": 25,
        "RefName": "",
        "DocUpdate": 1783359710000,
        "DocId": 1.1061215596273316e+19,
        "t0": null,
        "t00": null,
        "Shape_Length": 42.497869823382715,
        "Shape_Area": 99.98680799511476
      }
    }
  ]
}