{
  "type": "FeatureCollection",
  "features": [
    {
      "type": "Feature",
      "id": 1,
      "geometry": {
        "type": "LineString",
        "coordinates": [
          [
            80.34034064925233,
            7.0578974400809225
          ],
          [
            80.34035897951279,
            7.057909099220464
          ]
        ]
      },
      "properties": {
        "OBJECTID": 1,
        "Entity": "Line",
        "Handle": "428F1",
        "Layer": "irrigation",
        "LyrFrzn": 0,
        "LyrOn": 1,
        "Color": 1,
        "Linetype": "Continuous",
        "Elevation": -1.6939169644374342e-15,
        "LineWt": 25,
        "RefName": "",
        "DocUpdate": 1783359710000,
        "DocId": 1.1061215596273316e+19,
        "t0": null,
        "t00": null,
        "Shape_Length": 2.3999885209051843
      }
    },
    {
      "type": "Feature",
      "id": 2,
      "geometry": {
        "type": "LineString",
        "coordinates": [
          [
            80.34030745062589,
            7.057919215082552
          ],
          [
            80.34031508740394,
            7.057924073282943
          ]
        ]
      },
      "properties": {
        "OBJECTID": 2,
        "Entity": "Line",
        "Handle": "428F2",
        "Layer": "irrigation",
        "LyrFrzn": 0,
        "LyrOn": 1,
        "Color": 3,
        "Linetype": "Continuous",
        "Elevation": -1.6939169644374342e-15,
        "LineWt": 25,
        "RefName": "",
        "DocUpdate": 1783359710000,
        "DocId": 1.1061215596273316e+19,
        "t0": null,
        "t00": null,
        "Shape_Length": 0.9999312230344868
      }
    },
    {
      "type": "Feature",
      "id": 3,
      "geometry": {
        "type": "LineString",
        "coordinates": [
          [
            80.3403189066978,
            7.057926502836635
          ],
          [
            80.34034181975078,
            7.057941076536262
          ]
        ]
      },
      "properties": {
        "OBJECTID": 3,
        "Entity": "Line",
        "Handle": "428F3",
        "Layer": "irrigation",
        "LyrFrzn": 0,
        "LyrOn": 1,
        "Color": 1,
        "Linetype": "Continuous",
        "Elevation": 0,
        "LineWt": 25,
        "RefName": "",
        "DocUpdate": 1783359710000,
        "DocId": 1.1061215596273316e+19,
        "t0": null,
        "t00": null,
        "Shape_Length": 2.9999933615208185
      }
    },
    {
      "type": "Feature",
      "id": 4,
      "geometry": {
        "type": "LineString",
        "coordinates": [
          [
            80.34034563813952,
            7.057943506088497
          ],
          [
            80.34035327582512,
            7.057948363385061
          ]
        ]
      },
      "properties": {
        "OBJECTID": 4,
        "Entity": "Line",
        "Handle": "428F4",
        "Layer": "irrigation",
        "LyrFrzn": 0,
        "LyrOn": 1,
        "Color": 3,
        "Linetype": "Continuous",
        "Elevation": 0,
        "LineWt": 25,
        "RefName": "",
        "DocUpdate": 1783359710000,
        "DocId": 1.1061215596273316e+19,
        "t0": null,
        "t00": null,
        "Shape_Length": 0.9999620636295955
      }
    },
    {
      "type": "Feature",
      "id": 5,
      "geometry": {
        "type": "LineString",
        "coordinates": [
          [
            80.34034064925233,
            7.0578974400809225
          ],
          [
            80.3403189066978,
            7.057926502836635
          ]
        ]
      },
      "properties": {
        "OBJECTID": 5,
        "Entity": "Line",
        "Handle": "428F5",
        "Layer": "irrigation",
        "LyrFrzn": 0,
        "LyrOn": 1,
        "Color": 3,
        "Linetype": "Continuous",
        "Elevation": -1.6939169644374342e-15,
        "LineWt": 25,
        "RefName": "",
        "DocUpdate": 1783359710000,
        "DocId": 1.1061215596273316e+19,
        "t0": null,
        "t00": null,
        "Shape_Length": 4.011219165887346
      }
    },
    {
      "type": "Feature",
      "id": 6,
      "geometry": {
        "type": "LineString",
        "coordinates": [
          [
            80.34035897951279,
            7.057909099220464
          ],
          [
            80.34034181975078,
            7.057941076536262
          ]
        ]
      },
      "properties": {
        "OBJECTID": 6,
        "Entity": "Line",
        "Handle": "428F6",
        "Layer": "irrigation",
        "LyrFrzn": 0,
        "LyrOn": 1,
        "Color": 3,
        "Linetype": "Continuous",
        "Elevation": -1.6939169644374342e-15,
        "LineWt": 25,
        "RefName": "",
        "DocUpdate": 1783359710000,
        "DocId": 1.1061215596273316e+19,
        "t0": null,
        "t00": null,
        "Shape_Length": 4.011183421825162
      }
    },
    {
      "type": "Feature",
      "id": 7,
      "geometry": {
        "type": "LineString",
        "coordinates": [
          [
            80.34034064925233,
            7.0578974400809225
          ],
          [
            80.3403303627714,
            7.057933789685935
          ]
        ]
      },
      "properties": {
        "OBJECTID": 7,
        "Entity": "Line",
        "Handle": "428F7",
        "Layer": "irrigation",
        "LyrFrzn": 0,
        "LyrOn": 1,
        "Color": 1,
        "Linetype": "Continuous",
        "Elevation": -1.6939169644374342e-15,
        "LineWt": 25,
        "RefName": "",
        "DocUpdate": 1783359710000,
        "DocId": 1.1061215596273316e+19,
        "t0": null,
        "t00": null,
        "Shape_Length": 4.176100117812148
      }
    },
    {
      "type": "Feature",
      "id": 8,
      "geometry": {
        "type": "LineString",
        "coordinates": [
          [
            80.3403303627714,
            7.057933789685935
          ],
          [
            80.34035897951279,
            7.057909099220464
          ]
        ]
      },
      "properties": {
        "OBJECTID": 8,
        "Entity": "Line",
        "Handle": "428F8",
        "Layer": "irrigation",
        "LyrFrzn": 0,
        "LyrOn": 1,
        "Color": 1,
        "Linetype": "Continuous",
        "Elevation": -1.6939169644374342e-15,
        "LineWt": 25,
        "RefName": "",
        "DocUpdate": 1783359710000,
        "DocId": 1.1061215596273316e+19,
        "t0": null,
        "t00": null,
        "Shape_Length": 4.176129511397982
      }
    },
    {
      "type": "Feature",
      "id": 9,
      "geometry": {
        "type": "LineString",
        "coordinates": [
          [
            80.3403189066978,
            7.057926502836635
          ],
          [
            80.34016318844137,
            7.058170832074123
          ]
        ]
      },
      "properties": {
        "OBJECTID": 9,
        "Entity": "Line",
        "Handle": "428F9",
        "Layer": "irrigation",
        "LyrFrzn": 0,
        "LyrOn": 1,
        "Color": 3,
        "Linetype": "Continuous",
        "Elevation": -1.6939169644374342e-15,
        "LineWt": 25,
        "RefName": "",
        "DocUpdate": 1783359710000,
        "DocId": 1.1061215596273316e+19,
        "t0": null,
        "t00": null,
        "Shape_Length": 32.02195323276236
      }
    },
    {
      "type": "Feature",
      "id": 10,
      "geometry": {
        "type": "LineString",
        "coordinates": [
          [
            80.3403228527505,
            7.057895047758577
          ],
          [
            80.34030745062589,
            7.057919215082552
          ]
        ]
      },
      "properties": {
        "OBJECTID": 10,
        "Entity": "Line",
        "Handle": "428FA",
        "Layer": "irrigation",
        "LyrFrzn": 0,
        "LyrOn": 1,
        "Color": 3,
        "Linetype": "Continuous",
        "Elevation": -3.811224875562919e-15,
        "LineWt": 25,
        "RefName": "",
        "DocUpdate": 1783359710000,
        "DocId": 1.1061215596273316e+19,
        "t0": null,
        "t00": null,
        "Shape_Length": 3.1673605623114094
      }
    },
    {
      "type": "Feature",
      "id": 11,
      "geometry": {
        "type": "LineString",
        "coordinates": [
          [
            80.34031508740394,
            7.057924073282943
          ],
          [
            80.34015936914653,
            7.0581684025190565
          ]
        ]
      },
      "properties": {
        "OBJECTID": 11,
        "Entity": "Line",
        "Handle": "428FB",
        "Layer": "irrigation",
        "LyrFrzn": 0,
        "LyrOn": 1,
        "Color": 3,
        "Linetype": "Continuous",
        "Elevation": 0,
        "LineWt": 25,
        "RefName": "",
        "DocUpdate": 1783359710000,
        "DocId": 1.1061215596273316e+19,
        "t0": null,
        "t00": null,
        "Shape_Length": 32.02195323118974
      }
    },
    {
      "type": "Feature",
      "id": 12,
      "geometry": {
        "type": "LineString",
        "coordinates": [
          [
            80.34015096925648,
            7.058190269551444
          ],
          [
            80.34014715229478,
            7.058213037648687
          ]
        ]
      },
      "properties": {
        "OBJECTID": 12,
        "Entity": "Line",
        "Handle": "428FC",
        "Layer": "irrigation",
        "LyrFrzn": 0,
        "LyrOn": 1,
        "Color": 3,
        "Linetype": "Continuous",
        "Elevation": 6.233760050642476e-15,
        "LineWt": 25,
        "RefName": "",
        "DocUpdate": 1783359710000,
        "DocId": 1.1061215596273316e+19,
        "t0": null,
        "t00": null,
        "Shape_Length": 2.552163258435326
      }
    },
    {
      "type": "Feature",
      "id": 13,
      "geometry": {
        "type": "LineString",
        "coordinates": [
          [
            80.34034181975078,
            7.057941076536262
          ],
          [
            80.34018610059464,
            7.0581854057806295
          ]
        ]
      },
      "properties": {
        "OBJECTID": 13,
        "Entity": "Line",
        "Handle": "428FD",
        "Layer": "irrigation",
        "LyrFrzn": 0,
        "LyrOn": 1,
        "Color": 3,
        "Linetype": "Continuous",
        "Elevation": -1.6939169644374342e-15,
        "LineWt": 25,
        "RefName": "",
        "DocUpdate": 1783359710000,
        "DocId": 1.1061215596273316e+19,
        "t0": null,
        "t00": null,
        "Shape_Length": 32.02200682101904
      }
    },
    {
      "type": "Feature",
      "id": 14,
      "geometry": {
        "type": "LineString",
        "coordinates": [
          [
            80.3403651860866,
            7.05792967532437
          ],
          [
            80.34035327582512,
            7.057948363385061
          ]
        ]
      },
      "properties": {
        "OBJECTID": 14,
        "Entity": "Line",
        "Handle": "428FE",
        "Layer": "irrigation",
        "LyrFrzn": 0,
        "LyrOn": 1,
        "Color": 3,
        "Linetype": "Continuous",
        "Elevation": -3.535733876492438e-15,
        "LineWt": 25,
        "RefName": "",
        "DocUpdate": 1783359710000,
        "DocId": 1.1061215596273316e+19,
        "t0": null,
        "t00": null,
        "Shape_Length": 2.4492583899171
      }
    },
    {
      "type": "Feature",
      "id": 15,
      "geometry": {
        "type": "LineString",
        "coordinates": [
          [
            80.34034563813952,
            7.057943506088497
          ],
          [
            80.34018991988977,
            7.058187835335485
          ]
        ]
      },
      "properties": {
        "OBJECTID": 15,
        "Entity": "Line",
        "Handle": "428FF",
        "Layer": "irrigation",
        "LyrFrzn": 0,
        "LyrOn": 1,
        "Color": 3,
        "Linetype": "Continuous",
        "Elevation": 0,
        "LineWt": 25,
        "RefName": "",
        "DocUpdate": 1783359710000,
        "DocId": 1.1061215596273316e+19,
        "t0": null,
        "t00": null,
        "Shape_Length": 32.02195323118974
      }
    },
    {
      "type": "Feature",
      "id": 16,
      "geometry": {
        "type": "LineString",
        "coordinates": [
          [
            80.34018668916467,
            7.058196244758728
          ],
          [
            80.34018287220333,
            7.05821901376093
          ]
        ]
      },
      "properties": {
        "OBJECTID": 16,
        "Entity": "Line",
        "Handle": "42900",
        "Layer": "irrigation",
        "LyrFrzn": 0,
        "LyrOn": 1,
        "Color": 3,
        "Linetype": "Continuous",
        "Elevation": 6.220544117075652e-15,
        "LineWt": 25,
        "RefName": "",
        "DocUpdate": 1783359710000,
        "DocId": 1.1061215596273316e+19,
        "t0": null,
        "t00": null,
        "Shape_Length": 2.5522619062806187
      }
    },
    {
      "type": "Feature",
      "id": 17,
      "geometry": {
        "type": "LineString",
        "coordinates": [
          [
            80.34034064925233,
            7.0578974400809225
          ],
          [
            80.34034935349811,
            7.057883782134982
          ]
        ]
      },
      "properties": {
        "OBJECTID": 17,
        "Entity": "Line",
        "Handle": "42901",
        "Layer": "irrigation",
        "LyrFrzn": 0,
        "LyrOn": 1,
        "Color": 3,
        "Linetype": "Continuous",
        "Elevation": -1.6939169644374342e-15,
        "LineWt": 25,
        "RefName": "",
        "DocUpdate": 1783359710000,
        "DocId": 1.1061215596273316e+19,
        "t0": null,
        "t00": null,
        "Shape_Length": 1.7899978583427993
      }
    },
    {
      "type": "Feature",
      "id": 18,
      "geometry": {
        "type": "LineString",
        "coordinates": [
          [
            80.34035897951279,
            7.057909099220464
          ],
          [
            80.34036768375833,
            7.05789544127416
          ]
        ]
      },
      "properties": {
        "OBJECTID": 18,
        "Entity": "Line",
        "Handle": "42902",
        "Layer": "irrigation",
        "LyrFrzn": 0,
        "LyrOn": 1,
        "Color": 3,
        "Linetype": "Continuous",
        "Elevation": -1.6939169644374342e-15,
        "LineWt": 25,
        "RefName": "",
        "DocUpdate": 1783359710000,
        "DocId": 1.1061215596273316e+19,
        "t0": null,
        "t00": null,
        "Shape_Length": 1.7899978583427993
      }
    },
    {
      "type": "Feature",
      "id": 19,
      "geometry": {
        "type": "LineString",
        "coordinates": [
          [
            80.34034935349811,
            7.057883782134982
          ],
          [
            80.34034477161325,
            7.0578808666726545
          ]
        ]
      },
      "properties": {
        "OBJECTID": 19,
        "Entity": "Line",
        "Handle": "42903",
        "Layer": "irrigation",
        "LyrFrzn": 0,
        "LyrOn": 1,
        "Color": 3,
        "Linetype": "Continuous",
        "Elevation": -1.6046793981890037e-11,
        "LineWt": 25,
        "RefName": "",
        "DocUpdate": 1783359710000,
        "DocId": 1.1061215596273316e+19,
        "t0": null,
        "t00": null,
        "Shape_Length": 0.5999740067986
      }
    },
    {
      "type": "Feature",
      "id": 20,
      "geometry": {
        "type": "LineString",
        "coordinates": [
          [
            80.34034477161325,
            7.0578808666726545
          ],
          [
            80.34035157929138,
            7.0578701846822005
          ]
        ]
      },
      "properties": {
        "OBJECTID": 20,
        "Entity": "Line",
        "Handle": "42904",
        "Layer": "irrigation",
        "LyrFrzn": 0,
        "LyrOn": 1,
        "Color": 3,
        "Linetype": "Continuous",
        "Elevation": -1.6046793981890037e-11,
        "LineWt": 25,
        "RefName": "",
        "DocUpdate": 1783359710000,
        "DocId": 1.1061215596273316e+19,
        "t0": null,
        "t00": null,
        "Shape_Length": 1.3999728710088268
      }
    },
    {
      "type": "Feature",
      "id": 21,
      "geometry": {
        "type": "LineString",
        "coordinates": [
          [
            80.34036768375833,
            7.05789544127416
          ],
          [
            80.3403722665502,
            7.0578983558330535
          ]
        ]
      },
      "properties": {
        "OBJECTID": 21,
        "Entity": "Line",
        "Handle": "42905",
        "Layer": "irrigation",
        "LyrFrzn": 0,
        "LyrOn": 1,
        "Color": 3,
        "Linetype": "Continuous",
        "Elevation": -1.6046793981890037e-11,
        "LineWt": 25,
        "RefName": "",
        "DocUpdate": 1783359710000,
        "DocId": 1.1061215596273316e+19,
        "t0": null,
        "t00": null,
        "Shape_Length": 0.6000048424073996
      }
    },
    {
      "type": "Feature",
      "id": 22,
      "geometry": {
        "type": "LineString",
        "coordinates": [
          [
            80.3403722665502,
            7.0578983558330535
          ],
          [
            80.34037907513347,
            7.057887673843453
          ]
        ]
      },
      "properties": {
        "OBJECTID": 22,
        "Entity": "Line",
        "Handle": "42906",
        "Layer": "irrigation",
        "LyrFrzn": 0,
        "LyrOn": 1,
        "Color": 3,
        "Linetype": "Continuous",
        "Elevation": -1.6046793981890037e-11,
        "LineWt": 25,
        "RefName": "",
        "DocUpdate": 1783359710000,
        "DocId": 1.1061215596273316e+19,
        "t0": null,
        "t00": null,
        "Shape_Length": 1.4000264607153896
      }
    },
    {
      "type": "Feature",
      "id": 23,
      "geometry": {
        "type": "LineString",
        "coordinates": [
          [
            80.34040725357328,
            7.057863670202161
          ],
          [
            80.34036142837802,
            7.057834521905305
          ]
        ]
      },
      "properties": {
        "OBJECTID": 23,
        "Entity": "Line",
        "Handle": "42907",
        "Layer": "irrigation",
        "LyrFrzn": 0,
        "LyrOn": 1,
        "Color": 1,
        "Linetype": "Continuous",
        "Elevation": -1.8999999497335825e-15,
        "LineWt": 25,
        "RefName": "",
        "DocUpdate": 1783359710000,
        "DocId": 1.1061215596273316e+19,
        "t0": null,
        "t00": null,
        "Shape_Length": 5.999955881279836
      }
    },
    {
      "type": "Feature",
      "id": 24,
      "geometry": {
        "type": "LineString",
        "coordinates": [
          [
            80.34035775186237,
            7.057815026679038
          ],
          [
            80.34034831440012,
            7.057829835062972
          ]
        ]
      },
      "properties": {
        "OBJECTID": 24,
        "Entity": "Line",
        "Handle": "42908",
        "Layer": "irrigation",
        "LyrFrzn": 0,
        "LyrOn": 1,
        "Color": 6,
        "Linetype": "Continuous",
        "Elevation": -1.8999999497335825e-15,
        "LineWt": 25,
        "RefName": "",
        "DocUpdate": 1783359710000,
        "DocId": 1.1061215596273316e+19,
        "t0": null,
        "t00": null,
        "Shape_Length": 1.9407756072292974
      }
    },
    {
      "type": "Feature",
      "id": 25,
      "geometry": {
        "type": "LineString",
        "coordinates": [
          [
            80.34036142837802,
            7.057834521905305
          ],
          [
            80.34040725357328,
            7.057863670202161
          ]
        ]
      },
      "properties": {
        "OBJECTID": 25,
        "Entity": "Line",
        "Handle": "42909",
        "Layer": "irrigation",
        "LyrFrzn": 0,
        "LyrOn": 1,
        "Color": 7,
        "Linetype": "Continuous",
        "Elevation": -1.8999999497335825e-15,
        "LineWt": 25,
        "RefName": "",
        "DocUpdate": 1783359710000,
        "DocId": 1.1061215596273316e+19,
        "t0": null,
        "t00": null,
        "Shape_Length": 5.999955881279836
      }
    },
    {
      "type": "Feature",
      "id": 26,
      "geometry": {
        "type": "LineString",
        "coordinates": [
          [
            80.34035601336805,
            7.057827860487958
          ],
          [
            80.34036288664876,
            7.057832232777335
          ]
        ]
      },
      "properties": {
        "OBJECTID": 26,
        "Entity": "Line",
        "Handle": "4290A",
        "Layer": "irrigation",
        "LyrFrzn": 0,
        "LyrOn": 1,
        "Color": 3,
        "Linetype": "Continuous",
        "Elevation": -1.8999999497335825e-15,
        "LineWt": 25,
        "RefName": "",
        "DocUpdate": 1783359710000,
        "DocId": 1.1061215596273316e+19,
        "t0": null,
        "t00": null,
        "Shape_Length": 0.8999496266083302
      }
    },
    {
      "type": "Feature",
      "id": 27,
      "geometry": {
        "type": "LineString",
        "coordinates": [
          [
            80.34040871274935,
            7.057861381075316
          ],
          [
            80.3404155860311,
            7.057865753364002
          ]
        ]
      },
      "properties": {
        "OBJECTID": 27,
        "Entity": "Line",
        "Handle": "4290B",
        "Layer": "irrigation",
        "LyrFrzn": 0,
        "LyrOn": 1,
        "Color": 3,
        "Linetype": "Continuous",
        "Elevation": -1.8999999497335825e-15,
        "LineWt": 25,
        "RefName": "",
        "DocUpdate": 1783359710000,
        "DocId": 1.1061215596273316e+19,
        "t0": null,
        "t00": null,
        "Shape_Length": 0.8999496266083302
      }
    },
    {
      "type": "Feature",
      "id": 28,
      "geometry": {
        "type": "LineString",
        "coordinates": [
          [
            80.34036087547729,
            7.057820230364638
          ],
          [
            80.34036469477064,
            7.057822659917925
          ]
        ]
      },
      "properties": {
        "OBJECTID": 28,
        "Entity": "Line",
        "Handle": "4290C",
        "Layer": "irrigation",
        "LyrFrzn": 0,
        "LyrOn": 1,
        "Color": 3,
        "Linetype": "Continuous",
        "Elevation": -1.8999999497335825e-15,
        "LineWt": 25,
        "RefName": "",
        "DocUpdate": 1783359710000,
        "DocId": 1.1061215596273316e+19,
        "t0": null,
        "t00": null,
        "Shape_Length": 0.5000768346065171
      }
    },
    {
      "type": "Feature",
      "id": 29,
      "geometry": {
        "type": "LineString",
        "coordinates": [
          [
            80.34035775186237,
            7.057815026679038
          ],
          [
            80.34036615394677,
            7.057820370791218
          ]
        ]
      },
      "properties": {
        "OBJECTID": 29,
        "Entity": "Line",
        "Handle": "4290D",
        "Layer": "irrigation",
        "LyrFrzn": 0,
        "LyrOn": 1,
        "Color": 6,
        "Linetype": "Continuous",
        "Elevation": -1.8999999497335825e-15,
        "LineWt": 25,
        "RefName": "",
        "DocUpdate": 1783359710000,
        "DocId": 1.1061215596273316e+19,
        "t0": null,
        "t00": null,
        "Shape_Length": 1.100081674512733
      }
    },
    {
      "type": "Feature",
      "id": 30,
      "geometry": {
        "type": "LineString",
        "coordinates": [
          [
            80.34041808892607,
            7.057853405466088
          ],
          [
            80.3404166306555,
            7.057855694594248
          ]
        ]
      },
      "properties": {
        "OBJECTID": 30,
        "Entity": "Line",
        "Handle": "4290E",
        "Layer": "irrigation",
        "LyrFrzn": 0,
        "LyrOn": 1,
        "Color": 3,
        "Linetype": "Continuous",
        "Elevation": -1.8999999497335825e-15,
        "LineWt": 25,
        "RefName": "",
        "DocUpdate": 1783359710000,
        "DocId": 1.1061215596273316e+19,
        "t0": null,
        "t00": null,
        "Shape_Length": 0.2999756327692417
      }
    },
    {
      "type": "Feature",
      "id": 31,
      "geometry": {
        "type": "LineString",
        "coordinates": [
          [
            80.34041176764126,
            7.057863324716908
          ],
          [
            80.34040836380294,
            7.05786866571266
          ]
        ]
      },
      "properties": {
        "OBJECTID": 31,
        "Entity": "Line",
        "Handle": "4290F",
        "Layer": "irrigation",
        "LyrFrzn": 0,
        "LyrOn": 1,
        "Color": 3,
        "Linetype": "Continuous",
        "Elevation": -1.8999999497335825e-15,
        "LineWt": 25,
        "RefName": "",
        "DocUpdate": 1783359710000,
        "DocId": 1.1061215596273316e+19,
        "t0": null,
        "t00": null,
        "Shape_Length": 0.6999864355044134
      }
    },
    {
      "type": "Feature",
      "id": 32,
      "geometry": {
        "type": "LineString",
        "coordinates": [
          [
            80.34040836380294,
            7.05786866571266
          ],
          [
            80.34040284925685,
            7.057865157366524
          ]
        ]
      },
      "properties": {
        "OBJECTID": 32,
        "Entity": "Line",
        "Handle": "42910",
        "Layer": "irrigation",
        "LyrFrzn": 0,
        "LyrOn": 1,
        "Color": 3,
        "Linetype": "Continuous",
        "Elevation": -1.8999999497335825e-15,
        "LineWt": 25,
        "RefName": "",
        "DocUpdate": 1783359710000,
        "DocId": 1.1061215596273316e+19,
        "t0": null,
        "t00": null,
        "Shape_Length": 0.7220672823099469
      }
    },
    {
      "type": "Feature",
      "id": 33,
      "geometry": {
        "type": "LineString",
        "coordinates": [
          [
            80.34036615394677,
            7.057820370791218
          ],
          [
            80.34036469477064,
            7.057822659917925
          ]
        ]
      },
      "properties": {
        "OBJECTID": 33,
        "Entity": "Line",
        "Handle": "42911",
        "Layer": "irrigation",
        "LyrFrzn": 0,
        "LyrOn": 1,
        "Color": 3,
        "Linetype": "Continuous",
        "Elevation": -1.8999999497335825e-15,
        "LineWt": 25,
        "RefName": "",
        "DocUpdate": 1783359710000,
        "DocId": 1.1061215596273316e+19,
        "t0": null,
        "t00": null,
        "Shape_Length": 0.30002921557881695
      }
    },
    {
      "type": "Feature",
      "id": 34,
      "geometry": {
        "type": "LineString",
        "coordinates": [
          [
            80.340359831756,
            7.057830290040008
          ],
          [
            80.3403564279174,
            7.057835631035356
          ]
        ]
      },
      "properties": {
        "OBJECTID": 34,
        "Entity": "Line",
        "Handle": "42912",
        "Layer": "irrigation",
        "LyrFrzn": 0,
        "LyrOn": 1,
        "Color": 3,
        "Linetype": "Continuous",
        "Elevation": -1.8999999497335825e-15,
        "LineWt": 25,
        "RefName": "",
        "DocUpdate": 1783359710000,
        "DocId": 1.1061215596273316e+19,
        "t0": null,
        "t00": null,
        "Shape_Length": 0.6999864355044134
      }
    },
    {
      "type": "Feature",
      "id": 35,
      "geometry": {
        "type": "LineString",
        "coordinates": [
          [
            80.34036087547729,
            7.057820230364638
          ],
          [
            80.34035601336805,
            7.057827860487958
          ]
        ]
      },
      "properties": {
        "OBJECTID": 35,
        "Entity": "Line",
        "Handle": "42913",
        "Layer": "irrigation",
        "LyrFrzn": 0,
        "LyrOn": 1,
        "Color": 3,
        "Linetype": "Continuous",
        "Elevation": -1.8999999497335825e-15,
        "LineWt": 25,
        "RefName": "",
        "DocUpdate": 1783359710000,
        "DocId": 1.1061215596273316e+19,
        "t0": null,
        "t00": null,
        "Shape_Length": 0.999962064128617
      }
    },
    {
      "type": "Feature",
      "id": 36,
      "geometry": {
        "type": "LineString",
        "coordinates": [
          [
            80.3403564279174,
            7.057835631035356
          ],
          [
            80.34036194246404,
            7.057839138477431
          ]
        ]
      },
      "properties": {
        "OBJECTID": 36,
        "Entity": "Line",
        "Handle": "42914",
        "Layer": "irrigation",
        "LyrFrzn": 0,
        "LyrOn": 1,
        "Color": 3,
        "Linetype": "Continuous",
        "Elevation": -1.8999999497335825e-15,
        "LineWt": 25,
        "RefName": "",
        "DocUpdate": 1783359710000,
        "DocId": 1.1061215596273316e+19,
        "t0": null,
        "t00": null,
        "Shape_Length": 0.7220136902251817
      }
    },
    {
      "type": "Feature",
      "id": 37,
      "geometry": {
        "type": "LineString",
        "coordinates": [
          [
            80.34034935349811,
            7.057883782134982
          ],
          [
            80.34036768375833,
            7.05789544127416
          ]
        ]
      },
      "properties": {
        "OBJECTID": 37,
        "Entity": "Line",
        "Handle": "42915",
        "Layer": "irrigation",
        "LyrFrzn": 0,
        "LyrOn": 1,
        "Color": 1,
        "Linetype": "Continuous",
        "Elevation": -1.6046793981890037e-11,
        "LineWt": 25,
        "RefName": "",
        "DocUpdate": 1783359710000,
        "DocId": 1.1061215596273316e+19,
        "t0": null,
        "t00": null,
        "Shape_Length": 2.3999885209051843
      }
    },
    {
      "type": "Feature",
      "id": 38,
      "geometry": {
        "type": "LineString",
        "coordinates": [
          [
            80.34035615575003,
            7.05787309561412
          ],
          [
            80.34037449867454,
            7.057884762911733
          ]
        ]
      },
      "properties": {
        "OBJECTID": 38,
        "Entity": "Line",
        "Handle": "42916",
        "Layer": "irrigation",
        "LyrFrzn": 0,
        "LyrOn": 1,
        "Color": 1,
        "Linetype": "Continuous",
        "Elevation": -1.6046793981890037e-11,
        "LineWt": 25,
        "RefName": "",
        "DocUpdate": 1783359710000,
        "DocId": 1.1061215596273316e+19,
        "t0": null,
        "t00": null,
        "Shape_Length": 2.401652824461785
      }
    },
    {
      "type": "Feature",
      "id": 39,
      "geometry": {
        "type": "LineString",
        "coordinates": [
          [
            80.34037736440186,
            7.057880901880711
          ],
          [
            80.34035844523711,
            7.057868867431877
          ]
        ]
      },
      "properties": {
        "OBJECTID": 39,
        "Entity": "Line",
        "Handle": "42917",
        "Layer": "irrigation",
        "LyrFrzn": 0,
        "LyrOn": 1,
        "Color": 1,
        "Linetype": "Continuous",
        "Elevation": -1.8999999497335825e-15,
        "LineWt": 25,
        "RefName": "",
        "DocUpdate": 1783359710000,
        "DocId": 1.1061215596273316e+19,
        "t0": null,
        "t00": null,
        "Shape_Length": 2.4771375030067766
      }
    },
    {
      "type": "Feature",
      "id": 40,
      "geometry": {
        "type": "LineString",
        "coordinates": [
          [
            80.34038162265541,
            7.057876421401619
          ],
          [
            80.34036070699942,
            7.057863117781425
          ]
        ]
      },
      "properties": {
        "OBJECTID": 40,
        "Entity": "Line",
        "Handle": "42918",
        "Layer": "irrigation",
        "LyrFrzn": 0,
        "LyrOn": 1,
        "Color": 1,
        "Linetype": "Continuous",
        "Elevation": -1.8999999497335825e-15,
        "LineWt": 25,
        "RefName": "",
        "DocUpdate": 1783359710000,
        "DocId": 1.1061215596273316e+19,
        "t0": null,
        "t00": null,
        "Shape_Length": 2.7384964236482547
      }
    },
    {
      "type": "Feature",
      "id": 41,
      "geometry": {
        "type": "LineString",
        "coordinates": [
          [
            80.34038536192416,
            7.057873341314816
          ],
          [
            80.34036191876842,
            7.057858429476461
          ]
        ]
      },
      "properties": {
        "OBJECTID": 41,
        "Entity": "Line",
        "Handle": "42919",
        "Layer": "irrigation",
        "LyrFrzn": 0,
        "LyrOn": 1,
        "Color": 1,
        "Linetype": "Continuous",
        "Elevation": -1.8999999497335825e-15,
        "LineWt": 25,
        "RefName": "",
        "DocUpdate": 1783359710000,
        "DocId": 1.1061215596273316e+19,
        "t0": null,
        "t00": null,
        "Shape_Length": 3.0694573243030985
      }
    },
    {
      "type": "Feature",
      "id": 42,
      "geometry": {
        "type": "LineString",
        "coordinates": [
          [
            80.34038885204576,
            7.057871008926887
          ],
          [
            80.34036255753571,
            7.057854283987639
          ]
        ]
      },
      "properties": {
        "OBJECTID": 42,
        "Entity": "Line",
        "Handle": "4291A",
        "Layer": "irrigation",
        "LyrFrzn": 0,
        "LyrOn": 1,
        "Color": 1,
        "Linetype": "Continuous",
        "Elevation": -1.8999999497335825e-15,
        "LineWt": 25,
        "RefName": "",
        "DocUpdate": 1783359710000,
        "DocId": 1.1061215596273316e+19,
        "t0": null,
        "t00": null,
        "Shape_Length": 3.442754842284187
      }
    },
    {
      "type": "Feature",
      "id": 43,
      "geometry": {
        "type": "LineString",
        "coordinates": [
          [
            80.34039220474288,
            7.057869173839346
          ],
          [
            80.34036280287233,
            7.057850472620999
          ]
        ]
      },
      "properties": {
        "OBJECTID": 43,
        "Entity": "Line",
        "Handle": "4291B",
        "Layer": "irrigation",
        "LyrFrzn": 0,
        "LyrOn": 1,
        "Color": 1,
        "Linetype": "Continuous",
        "Elevation": -1.8999999497335825e-15,
        "LineWt": 25,
        "RefName": "",
        "DocUpdate": 1783359710000,
        "DocId": 1.1061215596273316e+19,
        "t0": null,
        "t00": null,
        "Shape_Length": 3.8495917252407468
      }
    },
    {
      "type": "Feature",
      "id": 44,
      "geometry": {
        "type": "LineString",
        "coordinates": [
          [
            80.34039548628616,
            7.057867713129019
          ],
          [
            80.34036274004632,
            7.05784688423915
          ]
        ]
      },
      "properties": {
        "OBJECTID": 44,
        "Entity": "Line",
        "Handle": "4291C",
        "Layer": "irrigation",
        "LyrFrzn": 0,
        "LyrOn": 1,
        "Color": 1,
        "Linetype": "Continuous",
        "Elevation": -1.8999999497335825e-15,
        "LineWt": 25,
        "RefName": "",
        "DocUpdate": 1783359710000,
        "DocId": 1.1061215596273316e+19,
        "t0": null,
        "t00": null,
        "Shape_Length": 4.287498311409118
      }
    },
    {
      "type": "Feature",
      "id": 45,
      "geometry": {
        "type": "LineString",
        "coordinates": [
          [
            80.34039872847583,
            7.057866549050742
          ],
          [
            80.34036242347184,
            7.057843456506052
          ]
        ]
      },
      "properties": {
        "OBJECTID": 45,
        "Entity": "Line",
        "Handle": "4291D",
        "Layer": "irrigation",
        "LyrFrzn": 0,
        "LyrOn": 1,
        "Color": 1,
        "Linetype": "Continuous",
        "Elevation": -1.8999999497335825e-15,
        "LineWt": 25,
        "RefName": "",
        "DocUpdate": 1783359710000,
        "DocId": 1.1061215596273316e+19,
        "t0": null,
        "t00": null,
        "Shape_Length": 4.753452868889797
      }
    },
    {
      "type": "Feature",
      "id": 46,
      "geometry": {
        "type": "LineString",
        "coordinates": [
          [
            80.340401777618,
            7.057865519475457
          ],
          [
            80.3403620676347,
            7.057840261183128
          ]
        ]
      },
      "properties": {
        "OBJECTID": 46,
        "Entity": "Line",
        "Handle": "4291E",
        "Layer": "irrigation",
        "LyrFrzn": 0,
        "LyrOn": 1,
        "Color": 1,
        "Linetype": "Continuous",
        "Elevation": -1.8999999497335825e-15,
        "LineWt": 25,
        "RefName": "",
        "DocUpdate": 1783359710000,
        "DocId": 1.1061215596273316e+19,
        "t0": null,
        "t00": null,
        "Shape_Length": 5.199266922497937
      }
    },
    {
      "type": "Feature",
      "id": 47,
      "geometry": {
        "type": "LineString",
        "coordinates": [
          [
            80.340404607541,
            7.057864563762274
          ],
          [
            80.34036173682553,
            7.057837294743102
          ]
        ]
      },
      "properties": {
        "OBJECTID": 47,
        "Entity": "Line",
        "Handle": "4291F",
        "Layer": "irrigation",
        "LyrFrzn": 0,
        "LyrOn": 1,
        "Color": 1,
        "Linetype": "Continuous",
        "Elevation": -1.8999999497335825e-15,
        "LineWt": 25,
        "RefName": "",
        "DocUpdate": 1783359710000,
        "DocId": 1.1061215596273316e+19,
        "t0": null,
        "t00": null,
        "Shape_Length": 5.613121485023995
      }
    },
    {
      "type": "Feature",
      "id": 48,
      "geometry": {
        "type": "LineString",
        "coordinates": [
          [
            80.34036253612403,
            7.057844467936154
          ],
          [
            80.34036274763514,
            7.0578519239381645
          ],
          [
            80.3403617308662,
            7.057859313314583
          ],
          [
            80.34035951346952,
            7.057866435101921
          ],
          [
            80.34035615575003,
            7.05787309561412
          ]
        ]
      },
      "properties": {
        "OBJECTID": 48,
        "Entity": "Arc",
        "Handle": "42920",
        "Layer": "irrigation",
        "LyrFrzn": 0,
        "LyrOn": 1,
        "Color": 3,
        "Linetype": "Continuous",
        "Elevation": -1.8999999497335825e-15,
        "LineWt": 25,
        "RefName": "",
        "DocUpdate": 1783359710000,
        "DocId": 1.1061215596273316e+19,
        "t0": null,
        "t00": null,
        "Shape_Length": 3.301980107537664
      }
    },
    {
      "type": "Feature",
      "id": 49,
      "geometry": {
        "type": "LineString",
        "coordinates": [
          [
            80.34036142837802,
            7.057834521905305
          ],
          [
            80.34036253612403,
            7.057844467936154
          ]
        ]
      },
      "properties": {
        "OBJECTID": 49,
        "Entity": "Line",
        "Handle": "42921",
        "Layer": "irrigation",
        "LyrFrzn": 0,
        "LyrOn": 1,
        "Color": 3,
        "Linetype": "Continuous",
        "Elevation": -1.8999999497335825e-15,
        "LineWt": 25,
        "RefName": "",
        "DocUpdate": 1783359710000,
        "DocId": 1.1061215596273316e+19,
        "t0": null,
        "t00": null,
        "Shape_Length": 1.1063596031234437
      }
    },
    {
      "type": "Feature",
      "id": 50,
      "geometry": {
        "type": "LineString",
        "coordinates": [
          [
            80.34037449867454,
            7.057884762911733
          ],
          [
            80.34037912111454,
            7.05787890381884
          ],
          [
            80.3403846427115,
            7.057873883073056
          ],
          [
            80.34039091363684,
            7.057869836912344
          ],
          [
            80.34039776372897,
            7.057866875129292
          ]
        ]
      },
      "properties": {
        "OBJECTID": 50,
        "Entity": "Arc",
        "Handle": "42922",
        "Layer": "irrigation",
        "LyrFrzn": 0,
        "LyrOn": 1,
        "Color": 3,
        "Linetype": "Continuous",
        "Elevation": -1.8999999497335825e-15,
        "LineWt": 25,
        "RefName": "",
        "DocUpdate": 1783359710000,
        "DocId": 1.1061215596273316e+19,
        "t0": null,
        "t00": null,
        "Shape_Length": 3.3019643228747606
      }
    },
    {
      "type": "Feature",
      "id": 51,
      "geometry": {
        "type": "LineString",
        "coordinates": [
          [
            80.34040725357328,
            7.057863670202161
          ],
          [
            80.34039776372897,
            7.057866875129292
          ]
        ]
      },
      "properties": {
        "OBJECTID": 51,
        "Entity": "Line",
        "Handle": "42923",
        "Layer": "irrigation",
        "LyrFrzn": 0,
        "LyrOn": 1,
        "Color": 3,
        "Linetype": "Continuous",
        "Elevation": -1.8999999497335825e-15,
        "LineWt": 25,
        "RefName": "",
        "DocUpdate": 1783359710000,
        "DocId": 1.1061215596273316e+19,
        "t0": null,
        "t00": null,
        "Shape_Length": 1.1063721801559663
      }
    },
    {
      "type": "Feature",
      "id": 52,
      "geometry": {
        "type": "LineString",
        "coordinates": [
          [
            80.34018502964803,
            7.058315673679931
          ],
          [
            80.34011358981742,
            7.058303721451791
          ]
        ]
      },
      "properties": {
        "OBJECTID": 52,
        "Entity": "Line",
        "Handle": "42924",
        "Layer": "irrigation",
        "LyrFrzn": 0,
        "LyrOn": 1,
        "Color": 3,
        "Linetype": "Continuous",
        "Elevation": -7.393444519397919e-26,
        "LineWt": 25,
        "RefName": "",
        "DocUpdate": 1783359710000,
        "DocId": 1.1061215596273316e+19,
        "t0": null,
        "t00": null,
        "Shape_Length": 8.000018002197113
      }
    },
    {
      "type": "Feature",
      "id": 53,
      "geometry": {
        "type": "LineString",
        "coordinates": [
          [
            80.34018874722271,
            7.058320880920025
          ],
          [
            80.34010837741158,
            7.0583074353415585
          ]
        ]
      },
      "properties": {
        "OBJECTID": 53,
        "Entity": "Line",
        "Handle": "42925",
        "Layer": "irrigation",
        "LyrFrzn": 0,
        "LyrOn": 1,
        "Color": 3,
        "Linetype": "Continuous",
        "Elevation": -3.323636238970939e-26,
        "LineWt": 25,
        "RefName": "",
        "DocUpdate": 1783359710000,
        "DocId": 1.1061215596273316e+19,
        "t0": null,
        "t00": null,
        "Shape_Length": 9.00000797050239
      }
    },
    {
      "type": "Feature",
      "id": 54,
      "geometry": {
        "type": "LineString",
        "coordinates": [
          [
            80.34016882921043,
            7.058193257155416
          ],
          [
            80.34017008476197,
            7.058187966101372
          ],
          [
            80.34017203481352,
            7.058182889787602
          ],
          [
            80.34017464451782,
            7.058178118927502
          ]
        ]
      },
      "properties": {
        "OBJECTID": 54,
        "Entity": "Arc",
        "Handle": "42926",
        "Layer": "irrigation",
        "LyrFrzn": 0,
        "LyrOn": 1,
        "Color": 1,
        "Linetype": "CENTER",
        "Elevation": -1.6701106073676954e-21,
        "LineWt": 25,
        "RefName": "",
        "DocUpdate": 1783359710000,
        "DocId": 1.1061215596273316e+19,
        "t0": null,
        "t00": null,
        "Shape_Length": 1.8046716587387417
      }
    },
    {
      "type": "Feature",
      "id": 55,
      "geometry": {
        "type": "LineString",
        "coordinates": [
          [
            80.34015543379319,
            7.058191015773463
          ],
          [
            80.3401571081898,
            7.0581839611952
          ],
          [
            80.34015970856201,
            7.0581771929795725
          ],
          [
            80.34016318844137,
            7.058170832074123
          ]
        ]
      },
      "properties": {
        "OBJECTID": 55,
        "Entity": "Arc",
        "Handle": "42927",
        "Layer": "irrigation",
        "LyrFrzn": 0,
        "LyrOn": 1,
        "Color": 3,
        "Linetype": "Continuous",
        "Elevation": -1.6701106073676954e-21,
        "LineWt": 25,
        "RefName": "",
        "DocUpdate": 1783359710000,
        "DocId": 1.1061215596273316e+19,
        "t0": null,
        "t00": null,
        "Shape_Length": 2.4062021245500316
      }
    },
    {
      "type": "Feature",
      "id": 56,
      "geometry": {
        "type": "LineString",
        "coordinates": [
          [
            80.34015096925648,
            7.058190269551444
          ],
          [
            80.34015278280005,
            7.058182626684072
          ],
          [
            80.34015559954172,
            7.058175293995055
          ],
          [
            80.34015936914653,
            7.0581684025190565
          ]
        ]
      },
      "properties": {
        "OBJECTID": 56,
        "Entity": "Arc",
        "Handle": "42928",
        "Layer": "irrigation",
        "LyrFrzn": 0,
        "LyrOn": 1,
        "Color": 3,
        "Linetype": "Continuous",
        "Elevation": -1.6701106073676954e-21,
        "LineWt": 25,
        "RefName": "",
        "DocUpdate": 1783359710000,
        "DocId": 1.1061215596273316e+19,
        "t0": null,
        "t00": null,
        "Shape_Length": 2.6068210949322443
      }
    },
    {
      "type": "Feature",
      "id": 57,
      "geometry": {
        "type": "LineString",
        "coordinates": [
          [
            80.3401822237224,
            7.058195498535717
          ],
          [
            80.34018306072997,
            7.05819197096587
          ],
          [
            80.34018436076455,
            7.058188586554436
          ],
          [
            80.34018610059464,
            7.0581854057806295
          ]
        ]
      },
      "properties": {
        "OBJECTID": 57,
        "Entity": "Arc",
        "Handle": "42929",
        "Layer": "irrigation",
        "LyrFrzn": 0,
        "LyrOn": 1,
        "Color": 3,
        "Linetype": "Continuous",
        "Elevation": -1.6701106073676954e-21,
        "LineWt": 25,
        "RefName": "",
        "DocUpdate": 1783359710000,
        "DocId": 1.1061215596273316e+19,
        "t0": null,
        "t00": null,
        "Shape_Length": 1.2031771330122647
      }
    },
    {
      "type": "Feature",
      "id": 58,
      "geometry": {
        "type": "LineString",
        "coordinates": [
          [
            80.34018668916467,
            7.058196244758728
          ],
          [
            80.34018738672435,
            7.058193305518068
          ],
          [
            80.34018847008592,
            7.058190485579616
          ],
          [
            80.34018991988977,
            7.058187835335485
          ]
        ]
      },
      "properties": {
        "OBJECTID": 58,
        "Entity": "Arc",
        "Handle": "4292A",
        "Layer": "irrigation",
        "LyrFrzn": 0,
        "LyrOn": 1,
        "Color": 3,
        "Linetype": "Continuous",
        "Elevation": -1.6701106073676954e-21,
        "LineWt": 25,
        "RefName": "",
        "DocUpdate": 1783359710000,
        "DocId": 1.1061215596273316e+19,
        "t0": null,
        "t00": null,
        "Shape_Length": 1.0025222248018408
      }
    },
    {
      "type": "Feature",
      "id": 59,
      "geometry": {
        "type": "LineString",
        "coordinates": [
          [
            80.34017464451782,
            7.058178118927502
          ],
          [
            80.34039212098276,
            7.057836888128647
          ]
        ]
      },
      "properties": {
        "OBJECTID": 59,
        "Entity": "Line",
        "Handle": "4292B",
        "Layer": "irrigation",
        "LyrFrzn": 0,
        "LyrOn": 1,
        "Color": 1,
        "Linetype": "CENTER",
        "Elevation": -1.88079096131566e-37,
        "LineWt": 25,
        "RefName": "",
        "DocUpdate": 1783359710000,
        "DocId": 1.1061215596273316e+19,
        "t0": null,
        "t00": null,
        "Shape_Length": 44.721935860636144
      }
    },
    {
      "type": "Feature",
      "id": 60,
      "geometry": {
        "type": "LineString",
        "coordinates": [
          [
            80.34011358981742,
            7.058303721451791
          ],
          [
            80.34012854447128,
            7.058214511060721
          ]
        ]
      },
      "properties": {
        "OBJECTID": 60,
        "Entity": "Line",
        "Handle": "4292C",
        "Layer": "irrigation",
        "LyrFrzn": 0,
        "LyrOn": 1,
        "Color": 3,
        "Linetype": "Continuous",
        "Elevation": -6.279227691214013e-25,
        "LineWt": 25,
        "RefName": "",
        "DocUpdate": 1783359710000,
        "DocId": 1.1061215596273316e+19,
        "t0": null,
        "t00": null,
        "Shape_Length": 9.999915665159845
      }
    },
    {
      "type": "Feature",
      "id": 61,
      "geometry": {
        "type": "LineString",
        "coordinates": [
          [
            80.34010837741158,
            7.0583074353415585
          ],
          [
            80.34012482780476,
            7.058209302917014
          ]
        ]
      },
      "properties": {
        "OBJECTID": 61,
        "Entity": "Line",
        "Handle": "4292D",
        "Layer": "irrigation",
        "LyrFrzn": 0,
        "LyrOn": 1,
        "Color": 3,
        "Linetype": "Continuous",
        "Elevation": -6.36984232251333e-25,
        "LineWt": 25,
        "RefName": "",
        "DocUpdate": 1783359710000,
        "DocId": 1.1061215596273316e+19,
        "t0": null,
        "t00": null,
        "Shape_Length": 11.00002065987507
      }
    },
    {
      "type": "Feature",
      "id": 62,
      "geometry": {
        "type": "LineString",
        "coordinates": [
          [
            80.34018502964803,
            7.058315673679931
          ],
          [
            80.34019998429031,
            7.058226462380867
          ]
        ]
      },
      "properties": {
        "OBJECTID": 62,
        "Entity": "Line",
        "Handle": "4292E",
        "Layer": "irrigation",
        "LyrFrzn": 0,
        "LyrOn": 1,
        "Color": 3,
        "Linetype": "Continuous",
        "Elevation": -6.279227691214013e-25,
        "LineWt": 25,
        "RefName": "",
        "DocUpdate": 1783359710000,
        "DocId": 1.1061215596273316e+19,
        "t0": null,
        "t00": null,
        "Shape_Length": 10.000014313000145
      }
    },
    {
      "type": "Feature",
      "id": 63,
      "geometry": {
        "type": "LineString",
        "coordinates": [
          [
            80.34018874722271,
            7.058320880920025
          ],
          [
            80.34020519669325,
            7.058222749394428
          ]
        ]
      },
      "properties": {
        "OBJECTID": 63,
        "Entity": "Line",
        "Handle": "4292F",
        "Layer": "irrigation",
        "LyrFrzn": 0,
        "LyrOn": 1,
        "Color": 3,
        "Linetype": "Continuous",
        "Elevation": -6.323959330405615e-25,
        "LineWt": 25,
        "RefName": "",
        "DocUpdate": 1783359710000,
        "DocId": 1.1061215596273316e+19,
        "t0": null,
        "t00": null,
        "Shape_Length": 10.999905633321449
      }
    },
    {
      "type": "Feature",
      "id": 64,
      "geometry": {
        "type": "LineString",
        "coordinates": [
          [
            80.34019998429031,
            7.058226462380867
          ],
          [
            80.34012854447128,
            7.058214511060721
          ]
        ]
      },
      "properties": {
        "OBJECTID": 64,
        "Entity": "Line",
        "Handle": "42930",
        "Layer": "irrigation",
        "LyrFrzn": 0,
        "LyrOn": 1,
        "Color": 3,
        "Linetype": "Continuous",
        "Elevation": -8.929900588585749e-13,
        "LineWt": 25,
        "RefName": "",
        "DocUpdate": 1783359710000,
        "DocId": 1.1061215596273316e+19,
        "t0": null,
        "t00": null,
        "Shape_Length": 8.000001625675075
      }
    },
    {
      "type": "Feature",
      "id": 65,
      "geometry": {
        "type": "LineString",
        "coordinates": [
          [
            80.34020519669325,
            7.058222749394428
          ],
          [
            80.34012482780476,
            7.058209302917014
          ]
        ]
      },
      "properties": {
        "OBJECTID": 65,
        "Entity": "Line",
        "Handle": "42931",
        "Layer": "irrigation",
        "LyrFrzn": 0,
        "LyrOn": 1,
        "Color": 3,
        "Linetype": "Continuous",
        "Elevation": 5.656222472388148e-26,
        "LineWt": 25,
        "RefName": "",
        "DocUpdate": 1783359710000,
        "DocId": 1.1061215596273316e+19,
        "t0": null,
        "t00": null,
        "Shape_Length": 8.999925698116732
      }
    },
    {
      "type": "Feature",
      "id": 66,
      "geometry": {
        "type": "LineString",
        "coordinates": [
          [
            80.34035615575003,
            7.05787309561412
          ],
          [
            80.34035157929138,
            7.0578701846822005
          ]
        ]
      },
      "properties": {
        "OBJECTID": 66,
        "Entity": "Line",
        "Handle": "42932",
        "Layer": "irrigation",
        "LyrFrzn": 0,
        "LyrOn": 1,
        "Color": 3,
        "Linetype": "Continuous",
        "Elevation": 4.605040539619479e-12,
        "LineWt": 25,
        "RefName": "",
        "DocUpdate": 1783359710000,
        "DocId": 1.1061215596273316e+19,
        "t0": null,
        "t00": null,
        "Shape_Length": 0.5991994829872686
      }
    },
    {
      "type": "Feature",
      "id": 67,
      "geometry": {
        "type": "LineString",
        "coordinates": [
          [
            80.34037449867454,
            7.057884762911733
          ],
          [
            80.34037907513347,
            7.057887673843453
          ]
        ]
      },
      "properties": {
        "OBJECTID": 67,
        "Entity": "Line",
        "Handle": "42933",
        "Layer": "irrigation",
        "LyrFrzn": 0,
        "LyrOn": 1,
        "Color": 3,
        "Linetype": "Continuous",
        "Elevation": -1.6046793981793363e-11,
        "LineWt": 25,
        "RefName": "",
        "DocUpdate": 1783359710000,
        "DocId": 1.1061215596273316e+19,
        "t0": null,
        "t00": null,
        "Shape_Length": 0.5991994829872686
      }
    },
    {
      "type": "Feature",
      "id": 68,
      "geometry": {
        "type": "LineString",
        "coordinates": [
          [
            80.34040703239488,
            7.057862569974213
          ],
          [
            80.34040718527557,
            7.0578626669755655
          ]
        ]
      },
      "properties": {
        "OBJECTID": 68,
        "Entity": "Line",
        "Handle": "42934",
        "Layer": "irrigation",
        "LyrFrzn": 0,
        "LyrOn": 1,
        "Color": 4,
        "Linetype": "Continuous",
        "Elevation": -1.437545071166336e-11,
        "LineWt": 25,
        "RefName": "",
        "DocUpdate": 1783359710000,
        "DocId": 1.1061215596273316e+19,
        "t0": null,
        "t00": null,
        "Shape_Length": 0.02000249922533692
      }
    },
    {
      "type": "Feature",
      "id": 69,
      "geometry": {
        "type": "LineString",
        "coordinates": [
          [
            80.3404065977268,
            7.057863252284386
          ],
          [
            80.34040703239488,
            7.057862569974213
          ]
        ]
      },
      "properties": {
        "OBJECTID": 69,
        "Entity": "Line",
        "Handle": "42935",
        "Layer": "irrigation",
        "LyrFrzn": 0,
        "LyrOn": 1,
        "Color": 4,
        "Linetype": "Continuous",
        "Elevation": -7.158330198711145e-12,
        "LineWt": 25,
        "RefName": "",
        "DocUpdate": 1783359710000,
        "DocId": 1.1061215596273316e+19,
        "t0": null,
        "t00": null,
        "Shape_Length": 0.0894128615775531
      }
    },
    {
      "type": "Feature",
      "id": 70,
      "geometry": {
        "type": "LineString",
        "coordinates": [
          [
            80.34040674970076,
            7.057863350189007
          ],
          [
            80.34040718527557,
            7.0578626669755655
          ]
        ]
      },
      "properties": {
        "OBJECTID": 70,
        "Entity": "Line",
        "Handle": "42936",
        "Layer": "irrigation",
        "LyrFrzn": 0,
        "LyrOn": 1,
        "Color": 4,
        "Linetype": "Continuous",
        "Elevation": -7.1583301987112905e-12,
        "LineWt": 25,
        "RefName": "",
        "DocUpdate": 1783359710000,
        "DocId": 1.1061215596273316e+19,
        "t0": null,
        "t00": null,
        "Shape_Length": 0.08955087969933342
      }
    },
    {
      "type": "Feature",
      "id": 71,
      "geometry": {
        "type": "LineString",
        "coordinates": [
          [
            80.34040484095922,
            7.057862135413804
          ],
          [
            80.3404052756286,
            7.057861452199084
          ]
        ]
      },
      "properties": {
        "OBJECTID": 71,
        "Entity": "Line",
        "Handle": "42937",
        "Layer": "irrigation",
        "LyrFrzn": 0,
        "LyrOn": 1,
        "Color": 4,
        "Linetype": "Continuous",
        "Elevation": -7.158330198711258e-12,
        "LineWt": 25,
        "RefName": "",
        "DocUpdate": 1783359710000,
        "DocId": 1.1061215596273316e+19,
        "t0": null,
        "t00": null,
        "Shape_Length": 0.08949731879288284
      }
    },
    {
      "type": "Feature",
      "id": 72,
      "geometry": {
        "type": "LineString",
        "coordinates": [
          [
            80.34040468807856,
            7.057862038412433
          ],
          [
            80.34040512274794,
            7.057861355197715
          ]
        ]
      },
      "properties": {
        "OBJECTID": 72,
        "Entity": "Line",
        "Handle": "42938",
        "Layer": "irrigation",
        "LyrFrzn": 0,
        "LyrOn": 1,
        "Color": 4,
        "Linetype": "Continuous",
        "Elevation": -7.158330198711258e-12,
        "LineWt": 25,
        "RefName": "",
        "DocUpdate": 1783359710000,
        "DocId": 1.1061215596273316e+19,
        "t0": null,
        "t00": null,
        "Shape_Length": 0.08949731879288284
      }
    },
    {
      "type": "Feature",
      "id": 73,
      "geometry": {
        "type": "LineString",
        "coordinates": [
          [
            80.34040512274794,
            7.057861355197715
          ],
          [
            80.3404052756286,
            7.057861452199084
          ]
        ]
      },
      "properties": {
        "OBJECTID": 73,
        "Entity": "Line",
        "Handle": "42939",
        "Layer": "irrigation",
        "LyrFrzn": 0,
        "LyrOn": 1,
        "Color": 4,
        "Linetype": "Continuous",
        "Elevation": -1.4375875309405775e-11,
        "LineWt": 25,
        "RefName": "",
        "DocUpdate": 1783359710000,
        "DocId": 1.1061215596273316e+19,
        "t0": null,
        "t00": null,
        "Shape_Length": 0.020002500221727493
      }
    },
    {
      "type": "Feature",
      "id": 74,
      "geometry": {
        "type": "LineString",
        "coordinates": [
          [
            80.34040579533,
            7.057862742801406
          ],
          [
            80.34040623090479,
            7.057862059587966
          ]
        ]
      },
      "properties": {
        "OBJECTID": 74,
        "Entity": "Line",
        "Handle": "4293A",
        "Layer": "irrigation",
        "LyrFrzn": 0,
        "LyrOn": 1,
        "Color": 4,
        "Linetype": "Continuous",
        "Elevation": -7.158330198711258e-12,
        "LineWt": 25,
        "RefName": "",
        "DocUpdate": 1783359710000,
        "DocId": 1.1061215596273316e+19,
        "t0": null,
        "t00": null,
        "Shape_Length": 0.08955087920013695
      }
    },
    {
      "type": "Feature",
      "id": 75,
      "geometry": {
        "type": "LineString",
        "coordinates": [
          [
            80.34040564244933,
            7.057862645800037
          ],
          [
            80.34040607802413,
            7.057861962586596
          ]
        ]
      },
      "properties": {
        "OBJECTID": 75,
        "Entity": "Line",
        "Handle": "4293B",
        "Layer": "irrigation",
        "LyrFrzn": 0,
        "LyrOn": 1,
        "Color": 4,
        "Linetype": "Continuous",
        "Elevation": -7.158330198711258e-12,
        "LineWt": 25,
        "RefName": "",
        "DocUpdate": 1783359710000,
        "DocId": 1.1061215596273316e+19,
        "t0": null,
        "t00": null,
        "Shape_Length": 0.08955087920013695
      }
    },
    {
      "type": "Feature",
      "id": 76,
      "geometry": {
        "type": "LineString",
        "coordinates": [
          [
            80.34040607802413,
            7.057861962586596
          ],
          [
            80.34040623090479,
            7.057862059587966
          ]
        ]
      },
      "properties": {
        "OBJECTID": 76,
        "Entity": "Line",
        "Handle": "4293C",
        "Layer": "irrigation",
        "LyrFrzn": 0,
        "LyrOn": 1,
        "Color": 4,
        "Linetype": "Continuous",
        "Elevation": -1.4375875309405775e-11,
        "LineWt": 25,
        "RefName": "",
        "DocUpdate": 1783359710000,
        "DocId": 1.1061215596273316e+19,
        "t0": null,
        "t00": null,
        "Shape_Length": 0.020002500221727493
      }
    },
    {
      "type": "Feature",
      "id": 77,
      "geometry": {
        "type": "LineString",
        "coordinates": [
          [
            80.34040388568303,
            7.05786152802492
          ],
          [
            80.34040432125782,
            7.057860844811481
          ]
        ]
      },
      "properties": {
        "OBJECTID": 77,
        "Entity": "Line",
        "Handle": "4293D",
        "Layer": "irrigation",
        "LyrFrzn": 0,
        "LyrOn": 1,
        "Color": 4,
        "Linetype": "Continuous",
        "Elevation": -7.158330198711258e-12,
        "LineWt": 25,
        "RefName": "",
        "DocUpdate": 1783359710000,
        "DocId": 1.1061215596273316e+19,
        "t0": null,
        "t00": null,
        "Shape_Length": 0.08955087920013695
      }
    },
    {
      "type": "Feature",
      "id": 78,
      "geometry": {
        "type": "LineString",
        "coordinates": [
          [
            80.34040373280237,
            7.057861431023549
          ],
          [
            80.34040416837716,
            7.0578607478101105
          ]
        ]
      },
      "properties": {
        "OBJECTID": 78,
        "Entity": "Line",
        "Handle": "4293E",
        "Layer": "irrigation",
        "LyrFrzn": 0,
        "LyrOn": 1,
        "Color": 4,
        "Linetype": "Continuous",
        "Elevation": -7.158330198711258e-12,
        "LineWt": 25,
        "RefName": "",
        "DocUpdate": 1783359710000,
        "DocId": 1.1061215596273316e+19,
        "t0": null,
        "t00": null,
        "Shape_Length": 0.08955087920013695
      }
    },
    {
      "type": "Feature",
      "id": 79,
      "geometry": {
        "type": "LineString",
        "coordinates": [
          [
            80.34040416837716,
            7.0578607478101105
          ],
          [
            80.34040432125782,
            7.057860844811481
          ]
        ]
      },
      "properties": {
        "OBJECTID": 79,
        "Entity": "Line",
        "Handle": "4293F",
        "Layer": "irrigation",
        "LyrFrzn": 0,
        "LyrOn": 1,
        "Color": 4,
        "Linetype": "Continuous",
        "Elevation": -1.4375875309405775e-11,
        "LineWt": 25,
        "RefName": "",
        "DocUpdate": 1783359710000,
        "DocId": 1.1061215596273316e+19,
        "t0": null,
        "t00": null,
        "Shape_Length": 0.020002500221727493
      }
    },
    {
      "type": "Feature",
      "id": 80,
      "geometry": {
        "type": "LineString",
        "coordinates": [
          [
            80.34040293131227,
            7.057860920637314
          ],
          [
            80.34040336598036,
            7.0578602383271285
          ]
        ]
      },
      "properties": {
        "OBJECTID": 80,
        "Entity": "Line",
        "Handle": "42940",
        "Layer": "irrigation",
        "LyrFrzn": 0,
        "LyrOn": 1,
        "Color": 4,
        "Linetype": "Continuous",
        "Elevation": -7.158330198711258e-12,
        "LineWt": 25,
        "RefName": "",
        "DocUpdate": 1783359710000,
        "DocId": 1.1061215596273316e+19,
        "t0": null,
        "t00": null,
        "Shape_Length": 0.08941286315036605
      }
    },
    {
      "type": "Feature",
      "id": 81,
      "geometry": {
        "type": "LineString",
        "coordinates": [
          [
            80.34040277843161,
            7.057860823635942
          ],
          [
            80.34040321400641,
            7.0578601404225045
          ]
        ]
      },
      "properties": {
        "OBJECTID": 81,
        "Entity": "Line",
        "Handle": "42941",
        "Layer": "irrigation",
        "LyrFrzn": 0,
        "LyrOn": 1,
        "Color": 4,
        "Linetype": "Continuous",
        "Elevation": -7.158330198711258e-12,
        "LineWt": 25,
        "RefName": "",
        "DocUpdate": 1783359710000,
        "DocId": 1.1061215596273316e+19,
        "t0": null,
        "t00": null,
        "Shape_Length": 0.08955087969933342
      }
    },
    {
      "type": "Feature",
      "id": 82,
      "geometry": {
        "type": "LineString",
        "coordinates": [
          [
            80.34040321400641,
            7.0578601404225045
          ],
          [
            80.34040336598036,
            7.0578602383271285
          ]
        ]
      },
      "properties": {
        "OBJECTID": 82,
        "Entity": "Line",
        "Handle": "42942",
        "Layer": "irrigation",
        "LyrFrzn": 0,
        "LyrOn": 1,
        "Color": 4,
        "Linetype": "Continuous",
        "Elevation": -1.4375875309405775e-11,
        "LineWt": 25,
        "RefName": "",
        "DocUpdate": 1783359710000,
        "DocId": 1.1061215596273316e+19,
        "t0": null,
        "t00": null,
        "Shape_Length": 0.01997198080352086
      }
    },
    {
      "type": "Feature",
      "id": 83,
      "geometry": {
        "type": "LineString",
        "coordinates": [
          [
            80.34039366667469,
            7.057854068350284
          ],
          [
            80.34039381955533,
            7.0578541653516575
          ]
        ]
      },
      "properties": {
        "OBJECTID": 83,
        "Entity": "Line",
        "Handle": "42943",
        "Layer": "irrigation",
        "LyrFrzn": 0,
        "LyrOn": 1,
        "Color": 4,
        "Linetype": "Continuous",
        "Elevation": -1.4375875309405775e-11,
        "LineWt": 25,
        "RefName": "",
        "DocUpdate": 1783359710000,
        "DocId": 1.1061215596273316e+19,
        "t0": null,
        "t00": null,
        "Shape_Length": 0.020002500221727493
      }
    },
    {
      "type": "Feature",
      "id": 84,
      "geometry": {
        "type": "LineString",
        "coordinates": [
          [
            80.34039338398053,
            7.057854848565086
          ],
          [
            80.34039381955533,
            7.0578541653516575
          ]
        ]
      },
      "properties": {
        "OBJECTID": 84,
        "Entity": "Line",
        "Handle": "42944",
        "Layer": "irrigation",
        "LyrFrzn": 0,
        "LyrOn": 1,
        "Color": 4,
        "Linetype": "Continuous",
        "Elevation": -7.158330198711258e-12,
        "LineWt": 25,
        "RefName": "",
        "DocUpdate": 1783359710000,
        "DocId": 1.1061215596273316e+19,
        "t0": null,
        "t00": null,
        "Shape_Length": 0.08955087969933342
      }
    },
    {
      "type": "Feature",
      "id": 85,
      "geometry": {
        "type": "LineString",
        "coordinates": [
          [
            80.34039433925798,
            7.057855455049457
          ],
          [
            80.34039477392606,
            7.0578547727392795
          ]
        ]
      },
      "properties": {
        "OBJECTID": 85,
        "Entity": "Line",
        "Handle": "42945",
        "Layer": "irrigation",
        "LyrFrzn": 0,
        "LyrOn": 1,
        "Color": 4,
        "Linetype": "Continuous",
        "Elevation": -7.158330198711258e-12,
        "LineWt": 25,
        "RefName": "",
        "DocUpdate": 1783359710000,
        "DocId": 1.1061215596273316e+19,
        "t0": null,
        "t00": null,
        "Shape_Length": 0.08941286265144062
      }
    },
    {
      "type": "Feature",
      "id": 86,
      "geometry": {
        "type": "LineString",
        "coordinates": [
          [
            80.34039418637732,
            7.057855358048084
          ],
          [
            80.3403946210454,
            7.057854675737907
          ]
        ]
      },
      "properties": {
        "OBJECTID": 86,
        "Entity": "Line",
        "Handle": "42946",
        "Layer": "irrigation",
        "LyrFrzn": 0,
        "LyrOn": 1,
        "Color": 4,
        "Linetype": "Continuous",
        "Elevation": -7.158330198711258e-12,
        "LineWt": 25,
        "RefName": "",
        "DocUpdate": 1783359710000,
        "DocId": 1.1061215596273316e+19,
        "t0": null,
        "t00": null,
        "Shape_Length": 0.08941286265144062
      }
    },
    {
      "type": "Feature",
      "id": 87,
      "geometry": {
        "type": "LineString",
        "coordinates": [
          [
            80.3403946210454,
            7.057854675737907
          ],
          [
            80.34039477392606,
            7.0578547727392795
          ]
        ]
      },
      "properties": {
        "OBJECTID": 87,
        "Entity": "Line",
        "Handle": "42947",
        "Layer": "irrigation",
        "LyrFrzn": 0,
        "LyrOn": 1,
        "Color": 4,
        "Linetype": "Continuous",
        "Elevation": -1.4375875309405775e-11,
        "LineWt": 25,
        "RefName": "",
        "DocUpdate": 1783359710000,
        "DocId": 1.1061215596273316e+19,
        "t0": null,
        "t00": null,
        "Shape_Length": 0.020002500221727493
      }
    },
    {
      "type": "Feature",
      "id": 88,
      "geometry": {
        "type": "LineString",
        "coordinates": [
          [
            80.34039242960979,
            7.05785424117746
          ],
          [
            80.34039286427917,
            7.057853557962753
          ]
        ]
      },
      "properties": {
        "OBJECTID": 88,
        "Entity": "Line",
        "Handle": "42948",
        "Layer": "irrigation",
        "LyrFrzn": 0,
        "LyrOn": 1,
        "Color": 4,
        "Linetype": "Continuous",
        "Elevation": -7.158330198711258e-12,
        "LineWt": 25,
        "RefName": "",
        "DocUpdate": 1783359710000,
        "DocId": 1.1061215596273316e+19,
        "t0": null,
        "t00": null,
        "Shape_Length": 0.08949731829442821
      }
    },
    {
      "type": "Feature",
      "id": 89,
      "geometry": {
        "type": "LineString",
        "coordinates": [
          [
            80.34039227672915,
            7.057854144176087
          ],
          [
            80.34039271230395,
            7.05785346096266
          ]
        ]
      },
      "properties": {
        "OBJECTID": 89,
        "Entity": "Line",
        "Handle": "42949",
        "Layer": "irrigation",
        "LyrFrzn": 0,
        "LyrOn": 1,
        "Color": 4,
        "Linetype": "Continuous",
        "Elevation": -7.158330198711258e-12,
        "LineWt": 25,
        "RefName": "",
        "DocUpdate": 1783359710000,
        "DocId": 1.1061215596273316e+19,
        "t0": null,
        "t00": null,
        "Shape_Length": 0.08955087920013695
      }
    },
    {
      "type": "Feature",
      "id": 90,
      "geometry": {
        "type": "LineString",
        "coordinates": [
          [
            80.34039271230395,
            7.05785346096266
          ],
          [
            80.34039286427917,
            7.057853557962753
          ]
        ]
      },
      "properties": {
        "OBJECTID": 90,
        "Entity": "Line",
        "Handle": "4294A",
        "Layer": "irrigation",
        "LyrFrzn": 0,
        "LyrOn": 1,
        "Color": 4,
        "Linetype": "Continuous",
        "Elevation": -1.4375875309405775e-11,
        "LineWt": 25,
        "RefName": "",
        "DocUpdate": 1783359710000,
        "DocId": 1.1061215596273316e+19,
        "t0": null,
        "t00": null,
        "Shape_Length": 0.019918082759027407
      }
    },
    {
      "type": "Feature",
      "id": 91,
      "geometry": {
        "type": "LineString",
        "coordinates": [
          [
            80.34039323110116,
            7.05785475065918
          ],
          [
            80.34039366667469,
            7.057854068350284
          ]
        ]
      },
      "properties": {
        "OBJECTID": 91,
        "Entity": "Line",
        "Handle": "4294B",
        "Layer": "irrigation",
        "LyrFrzn": 0,
        "LyrOn": 1,
        "Color": 4,
        "Linetype": "Continuous",
        "Elevation": -7.158330198711258e-12,
        "LineWt": 25,
        "RefName": "",
        "DocUpdate": 1783359710000,
        "DocId": 1.1061215596273316e+19,
        "t0": null,
        "t00": null,
        "Shape_Length": 0.08946647461790186
      }
    },
    {
      "type": "Feature",
      "id": 92,
      "geometry": {
        "type": "LineString",
        "coordinates": [
          [
            80.34039147523907,
            7.0578536337898345
          ],
          [
            80.34039190990845,
            7.0578529505751275
          ]
        ]
      },
      "properties": {
        "OBJECTID": 92,
        "Entity": "Line",
        "Handle": "4294C",
        "Layer": "irrigation",
        "LyrFrzn": 0,
        "LyrOn": 1,
        "Color": 4,
        "Linetype": "Continuous",
        "Elevation": -7.158330198711258e-12,
        "LineWt": 25,
        "RefName": "",
        "DocUpdate": 1783359710000,
        "DocId": 1.1061215596273316e+19,
        "t0": null,
        "t00": null,
        "Shape_Length": 0.08949731879288284
      }
    },
    {
      "type": "Feature",
      "id": 93,
      "geometry": {
        "type": "LineString",
        "coordinates": [
          [
            80.34039132235841,
            7.0578535367884605
          ],
          [
            80.3403917570278,
            7.057852853573754
          ]
        ]
      },
      "properties": {
        "OBJECTID": 93,
        "Entity": "Line",
        "Handle": "4294D",
        "Layer": "irrigation",
        "LyrFrzn": 0,
        "LyrOn": 1,
        "Color": 4,
        "Linetype": "Continuous",
        "Elevation": -7.158330198711258e-12,
        "LineWt": 25,
        "RefName": "",
        "DocUpdate": 1783359710000,
        "DocId": 1.1061215596273316e+19,
        "t0": null,
        "t00": null,
        "Shape_Length": 0.08949731879288284
      }
    },
    {
      "type": "Feature",
      "id": 94,
      "geometry": {
        "type": "LineString",
        "coordinates": [
          [
            80.3403917570278,
            7.057852853573754
          ],
          [
            80.34039190990845,
            7.0578529505751275
          ]
        ]
      },
      "properties": {
        "OBJECTID": 94,
        "Entity": "Line",
        "Handle": "4294E",
        "Layer": "irrigation",
        "LyrFrzn": 0,
        "LyrOn": 1,
        "Color": 4,
        "Linetype": "Continuous",
        "Elevation": -1.4375875309405775e-11,
        "LineWt": 25,
        "RefName": "",
        "DocUpdate": 1783359710000,
        "DocId": 1.1061215596273316e+19,
        "t0": null,
        "t00": null,
        "Shape_Length": 0.020002500221727493
      }
    },
    {
      "type": "Feature",
      "id": 95,
      "geometry": {
        "type": "LineString",
        "coordinates": [
          [
            80.34039051996292,
            7.057853026400925
          ],
          [
            80.34039095553644,
            7.057852344092032
          ]
        ]
      },
      "properties": {
        "OBJECTID": 95,
        "Entity": "Line",
        "Handle": "4294F",
        "Layer": "irrigation",
        "LyrFrzn": 0,
        "LyrOn": 1,
        "Color": 4,
        "Linetype": "Continuous",
        "Elevation": -7.158330198711258e-12,
        "LineWt": 25,
        "RefName": "",
        "DocUpdate": 1783359710000,
        "DocId": 1.1061215596273316e+19,
        "t0": null,
        "t00": null,
        "Shape_Length": 0.08946647411823443
      }
    },
    {
      "type": "Feature",
      "id": 96,
      "geometry": {
        "type": "LineString",
        "coordinates": [
          [
            80.34039036708226,
            7.057852929399551
          ],
          [
            80.34039080265705,
            7.057852246186125
          ]
        ]
      },
      "properties": {
        "OBJECTID": 96,
        "Entity": "Line",
        "Handle": "42950",
        "Layer": "irrigation",
        "LyrFrzn": 0,
        "LyrOn": 1,
        "Color": 4,
        "Linetype": "Continuous",
        "Elevation": -7.158330198711258e-12,
        "LineWt": 25,
        "RefName": "",
        "DocUpdate": 1783359710000,
        "DocId": 1.1061215596273316e+19,
        "t0": null,
        "t00": null,
        "Shape_Length": 0.08955087920013695
      }
    },
    {
      "type": "Feature",
      "id": 97,
      "geometry": {
        "type": "LineString",
        "coordinates": [
          [
            80.34039080265705,
            7.057852246186125
          ],
          [
            80.34039095553644,
            7.057852344092032
          ]
        ]
      },
      "properties": {
        "OBJECTID": 97,
        "Entity": "Line",
        "Handle": "42951",
        "Layer": "irrigation",
        "LyrFrzn": 0,
        "LyrOn": 1,
        "Color": 4,
        "Linetype": "Continuous",
        "Elevation": -1.4375875309405775e-11,
        "LineWt": 25,
        "RefName": "",
        "DocUpdate": 1783359710000,
        "DocId": 1.1061215596273316e+19,
        "t0": null,
        "t00": null,
        "Shape_Length": 0.020056171407847247
      }
    },
    {
      "type": "Feature",
      "id": 98,
      "geometry": {
        "type": "LineString",
        "coordinates": [
          [
            80.34040102166533,
            7.057859705860817
          ],
          [
            80.34040145723885,
            7.057859023551913
          ]
        ]
      },
      "properties": {
        "OBJECTID": 98,
        "Entity": "Line",
        "Handle": "42952",
        "Layer": "irrigation",
        "LyrFrzn": 0,
        "LyrOn": 1,
        "Color": 4,
        "Linetype": "Continuous",
        "Elevation": -7.158330198711258e-12,
        "LineWt": 25,
        "RefName": "",
        "DocUpdate": 1783359710000,
        "DocId": 1.1061215596273316e+19,
        "t0": null,
        "t00": null,
        "Shape_Length": 0.08946647461790186
      }
    },
    {
      "type": "Feature",
      "id": 99,
      "geometry": {
        "type": "LineString",
        "coordinates": [
          [
            80.34040086878466,
            7.057859608859445
          ],
          [
            80.3404013043582,
            7.057858926550542
          ]
        ]
      },
      "properties": {
        "OBJECTID": 99,
        "Entity": "Line",
        "Handle": "42953",
        "Layer": "irrigation",
        "LyrFrzn": 0,
        "LyrOn": 1,
        "Color": 4,
        "Linetype": "Continuous",
        "Elevation": -7.158330198711258e-12,
        "LineWt": 25,
        "RefName": "",
        "DocUpdate": 1783359710000,
        "DocId": 1.1061215596273316e+19,
        "t0": null,
        "t00": null,
        "Shape_Length": 0.08946647461790186
      }
    },
    {
      "type": "Feature",
      "id": 100,
      "geometry": {
        "type": "LineString",
        "coordinates": [
          [
            80.3404013043582,
            7.057858926550542
          ],
          [
            80.34040145723885,
            7.057859023551913
          ]
        ]
      },
      "properties": {
        "OBJECTID": 100,
        "Entity": "Line",
        "Handle": "42954",
        "Layer": "irrigation",
        "LyrFrzn": 0,
        "LyrOn": 1,
        "Color": 4,
        "Linetype": "Continuous",
        "Elevation": -1.4375875309405775e-11,
        "LineWt": 25,
        "RefName": "",
        "DocUpdate": 1783359710000,
        "DocId": 1.1061215596273316e+19,
        "t0": null,
        "t00": null,
        "Shape_Length": 0.020002500221727493
      }
    },
    {
      "type": "Feature",
      "id": 101,
      "geometry": {
        "type": "LineString",
        "coordinates": [
          [
            80.34040197694151,
            7.057860313249706
          ],
          [
            80.3404024116096,
            7.057859630939522
          ]
        ]
      },
      "properties": {
        "OBJECTID": 101,
        "Entity": "Line",
        "Handle": "42955",
        "Layer": "irrigation",
        "LyrFrzn": 0,
        "LyrOn": 1,
        "Color": 4,
        "Linetype": "Continuous",
        "Elevation": -7.158330198711258e-12,
        "LineWt": 25,
        "RefName": "",
        "DocUpdate": 1783359710000,
        "DocId": 1.1061215596273316e+19,
        "t0": null,
        "t00": null,
        "Shape_Length": 0.08941286265144062
      }
    },
    {
      "type": "Feature",
      "id": 102,
      "geometry": {
        "type": "LineString",
        "coordinates": [
          [
            80.34040182406085,
            7.057860216248335
          ],
          [
            80.34040225872894,
            7.05785953393815
          ]
        ]
      },
      "properties": {
        "OBJECTID": 102,
        "Entity": "Line",
        "Handle": "42956",
        "Layer": "irrigation",
        "LyrFrzn": 0,
        "LyrOn": 1,
        "Color": 4,
        "Linetype": "Continuous",
        "Elevation": -7.158330198711258e-12,
        "LineWt": 25,
        "RefName": "",
        "DocUpdate": 1783359710000,
        "DocId": 1.1061215596273316e+19,
        "t0": null,
        "t00": null,
        "Shape_Length": 0.08941286265144062
      }
    },
    {
      "type": "Feature",
      "id": 103,
      "geometry": {
        "type": "LineString",
        "coordinates": [
          [
            80.34040225872894,
            7.05785953393815
          ],
          [
            80.3404024116096,
            7.057859630939522
          ]
        ]
      },
      "properties": {
        "OBJECTID": 103,
        "Entity": "Line",
        "Handle": "42957",
        "Layer": "irrigation",
        "LyrFrzn": 0,
        "LyrOn": 1,
        "Color": 4,
        "Linetype": "Continuous",
        "Elevation": -1.4375875309405775e-11,
        "LineWt": 25,
        "RefName": "",
        "DocUpdate": 1783359710000,
        "DocId": 1.1061215596273316e+19,
        "t0": null,
        "t00": null,
        "Shape_Length": 0.020002500221727493
      }
    },
    {
      "type": "Feature",
      "id": 104,
      "geometry": {
        "type": "LineString",
        "coordinates": [
          [
            80.3404000672933,
            7.057859099377739
          ],
          [
            80.34040050196266,
            7.057858416163023
          ]
        ]
      },
      "properties": {
        "OBJECTID": 104,
        "Entity": "Line",
        "Handle": "42958",
        "Layer": "irrigation",
        "LyrFrzn": 0,
        "LyrOn": 1,
        "Color": 4,
        "Linetype": "Continuous",
        "Elevation": -7.158330198711258e-12,
        "LineWt": 25,
        "RefName": "",
        "DocUpdate": 1783359710000,
        "DocId": 1.1061215596273316e+19,
        "t0": null,
        "t00": null,
        "Shape_Length": 0.08949731829442821
      }
    },
    {
      "type": "Feature",
      "id": 105,
      "geometry": {
        "type": "LineString",
        "coordinates": [
          [
            80.34039991441391,
            7.057859001471834
          ],
          [
            80.340400349082,
            7.057858319161652
          ]
        ]
      },
      "properties": {
        "OBJECTID": 105,
        "Entity": "Line",
        "Handle": "42959",
        "Layer": "irrigation",
        "LyrFrzn": 0,
        "LyrOn": 1,
        "Color": 4,
        "Linetype": "Continuous",
        "Elevation": -7.158330198711258e-12,
        "LineWt": 25,
        "RefName": "",
        "DocUpdate": 1783359710000,
        "DocId": 1.1061215596273316e+19,
        "t0": null,
        "t00": null,
        "Shape_Length": 0.08941286265144062
      }
    },
    {
      "type": "Feature",
      "id": 106,
      "geometry": {
        "type": "LineString",
        "coordinates": [
          [
            80.340400349082,
            7.057858319161652
          ],
          [
            80.34040050196266,
            7.057858416163023
          ]
        ]
      },
      "properties": {
        "OBJECTID": 106,
        "Entity": "Line",
        "Handle": "4295A",
        "Layer": "irrigation",
        "LyrFrzn": 0,
        "LyrOn": 1,
        "Color": 4,
        "Linetype": "Continuous",
        "Elevation": -1.4375875309405775e-11,
        "LineWt": 25,
        "RefName": "",
        "DocUpdate": 1783359710000,
        "DocId": 1.1061215596273316e+19,
        "t0": null,
        "t00": null,
        "Shape_Length": 0.020002500221727493
      }
    },
    {
      "type": "Feature",
      "id": 107,
      "geometry": {
        "type": "LineString",
        "coordinates": [
          [
            80.34039748506434,
            7.0578564969975295
          ],
          [
            80.34039763794372,
            7.057856594903418
          ]
        ]
      },
      "properties": {
        "OBJECTID": 107,
        "Entity": "Line",
        "Handle": "4295B",
        "Layer": "irrigation",
        "LyrFrzn": 0,
        "LyrOn": 1,
        "Color": 4,
        "Linetype": "Continuous",
        "Elevation": -1.4375875309405775e-11,
        "LineWt": 25,
        "RefName": "",
        "DocUpdate": 1783359710000,
        "DocId": 1.1061215596273316e+19,
        "t0": null,
        "t00": null,
        "Shape_Length": 0.02005617040483593
      }
    },
    {
      "type": "Feature",
      "id": 108,
      "geometry": {
        "type": "LineString",
        "coordinates": [
          [
            80.34039911201711,
            7.057858491988828
          ],
          [
            80.34039954759191,
            7.0578578087754105
          ]
        ]
      },
      "properties": {
        "OBJECTID": 108,
        "Entity": "Line",
        "Handle": "4295C",
        "Layer": "irrigation",
        "LyrFrzn": 0,
        "LyrOn": 1,
        "Color": 4,
        "Linetype": "Continuous",
        "Elevation": -7.158330198711258e-12,
        "LineWt": 25,
        "RefName": "",
        "DocUpdate": 1783359710000,
        "DocId": 1.1061215596273316e+19,
        "t0": null,
        "t00": null,
        "Shape_Length": 0.08955087812686453
      }
    },
    {
      "type": "Feature",
      "id": 109,
      "geometry": {
        "type": "LineString",
        "coordinates": [
          [
            80.34039896004188,
            7.057858394988753
          ],
          [
            80.34039939471126,
            7.057857711774039
          ]
        ]
      },
      "properties": {
        "OBJECTID": 109,
        "Entity": "Line",
        "Handle": "4295D",
        "Layer": "irrigation",
        "LyrFrzn": 0,
        "LyrOn": 1,
        "Color": 4,
        "Linetype": "Continuous",
        "Elevation": -7.158330198711258e-12,
        "LineWt": 25,
        "RefName": "",
        "DocUpdate": 1783359710000,
        "DocId": 1.1061215596273316e+19,
        "t0": null,
        "t00": null,
        "Shape_Length": 0.08949731879288284
      }
    },
    {
      "type": "Feature",
      "id": 110,
      "geometry": {
        "type": "LineString",
        "coordinates": [
          [
            80.34039939471126,
            7.057857711774039
          ],
          [
            80.34039954759191,
            7.0578578087754105
          ]
        ]
      },
      "properties": {
        "OBJECTID": 110,
        "Entity": "Line",
        "Handle": "4295E",
        "Layer": "irrigation",
        "LyrFrzn": 0,
        "LyrOn": 1,
        "Color": 4,
        "Linetype": "Continuous",
        "Elevation": -1.4375875309405775e-11,
        "LineWt": 25,
        "RefName": "",
        "DocUpdate": 1783359710000,
        "DocId": 1.1061215596273316e+19,
        "t0": null,
        "t00": null,
        "Shape_Length": 0.020002500221727493
      }
    },
    {
      "type": "Feature",
      "id": 111,
      "geometry": {
        "type": "LineString",
        "coordinates": [
          [
            80.34039720327561,
            7.057857277213596
          ],
          [
            80.34039763794372,
            7.057856594903418
          ]
        ]
      },
      "properties": {
        "OBJECTID": 111,
        "Entity": "Line",
        "Handle": "4295F",
        "Layer": "irrigation",
        "LyrFrzn": 0,
        "LyrOn": 1,
        "Color": 4,
        "Linetype": "Continuous",
        "Elevation": -7.158330198711258e-12,
        "LineWt": 25,
        "RefName": "",
        "DocUpdate": 1783359710000,
        "DocId": 1.1061215596273316e+19,
        "t0": null,
        "t00": null,
        "Shape_Length": 0.08941286315036605
      }
    },
    {
      "type": "Feature",
      "id": 112,
      "geometry": {
        "type": "LineString",
        "coordinates": [
          [
            80.34039815764638,
            7.057857884601213
          ],
          [
            80.34039859322117,
            7.0578572013877805
          ]
        ]
      },
      "properties": {
        "OBJECTID": 112,
        "Entity": "Line",
        "Handle": "42960",
        "Layer": "irrigation",
        "LyrFrzn": 0,
        "LyrOn": 1,
        "Color": 4,
        "Linetype": "Continuous",
        "Elevation": -7.158330198711258e-12,
        "LineWt": 25,
        "RefName": "",
        "DocUpdate": 1783359710000,
        "DocId": 1.1061215596273316e+19,
        "t0": null,
        "t00": null,
        "Shape_Length": 0.08955087920013695
      }
    },
    {
      "type": "Feature",
      "id": 113,
      "geometry": {
        "type": "LineString",
        "coordinates": [
          [
            80.34039800476572,
            7.057857787599858
          ],
          [
            80.34039844034051,
            7.057857104386425
          ]
        ]
      },
      "properties": {
        "OBJECTID": 113,
        "Entity": "Line",
        "Handle": "42961",
        "Layer": "irrigation",
        "LyrFrzn": 0,
        "LyrOn": 1,
        "Color": 4,
        "Linetype": "Continuous",
        "Elevation": -7.158330198711258e-12,
        "LineWt": 25,
        "RefName": "",
        "DocUpdate": 1783359710000,
        "DocId": 1.1061215596273316e+19,
        "t0": null,
        "t00": null,
        "Shape_Length": 0.08955087920013695
      }
    },
    {
      "type": "Feature",
      "id": 114,
      "geometry": {
        "type": "LineString",
        "coordinates": [
          [
            80.34039844034051,
            7.057857104386425
          ],
          [
            80.34039859322117,
            7.0578572013877805
          ]
        ]
      },
      "properties": {
        "OBJECTID": 114,
        "Entity": "Line",
        "Handle": "42962",
        "Layer": "irrigation",
        "LyrFrzn": 0,
        "LyrOn": 1,
        "Color": 4,
        "Linetype": "Continuous",
        "Elevation": -1.4375875309405775e-11,
        "LineWt": 25,
        "RefName": "",
        "DocUpdate": 1783359710000,
        "DocId": 1.1061215596273316e+19,
        "t0": null,
        "t00": null,
        "Shape_Length": 0.02000249922533692
      }
    },
    {
      "type": "Feature",
      "id": 115,
      "geometry": {
        "type": "LineString",
        "coordinates": [
          [
            80.34039624799945,
            7.057856669824699
          ],
          [
            80.34039668357298,
            7.057855987515799
          ]
        ]
      },
      "properties": {
        "OBJECTID": 115,
        "Entity": "Line",
        "Handle": "42963",
        "Layer": "irrigation",
        "LyrFrzn": 0,
        "LyrOn": 1,
        "Color": 4,
        "Linetype": "Continuous",
        "Elevation": -7.158330198711258e-12,
        "LineWt": 25,
        "RefName": "",
        "DocUpdate": 1783359710000,
        "DocId": 1.1061215596273316e+19,
        "t0": null,
        "t00": null,
        "Shape_Length": 0.08946647411823443
      }
    },
    {
      "type": "Feature",
      "id": 116,
      "geometry": {
        "type": "LineString",
        "coordinates": [
          [
            80.34039609511879,
            7.057856572823326
          ],
          [
            80.3403965306936,
            7.057855889609895
          ]
        ]
      },
      "properties": {
        "OBJECTID": 116,
        "Entity": "Line",
        "Handle": "42964",
        "Layer": "irrigation",
        "LyrFrzn": 0,
        "LyrOn": 1,
        "Color": 4,
        "Linetype": "Continuous",
        "Elevation": -7.158330198711258e-12,
        "LineWt": 25,
        "RefName": "",
        "DocUpdate": 1783359710000,
        "DocId": 1.1061215596273316e+19,
        "t0": null,
        "t00": null,
        "Shape_Length": 0.08955087920013695
      }
    },
    {
      "type": "Feature",
      "id": 117,
      "geometry": {
        "type": "LineString",
        "coordinates": [
          [
            80.3403965306936,
            7.057855889609895
          ],
          [
            80.34039668357298,
            7.057855987515799
          ]
        ]
      },
      "properties": {
        "OBJECTID": 117,
        "Entity": "Line",
        "Handle": "42965",
        "Layer": "irrigation",
        "LyrFrzn": 0,
        "LyrOn": 1,
        "Color": 4,
        "Linetype": "Continuous",
        "Elevation": -1.4375875309405775e-11,
        "LineWt": 25,
        "RefName": "",
        "DocUpdate": 1783359710000,
        "DocId": 1.1061215596273316e+19,
        "t0": null,
        "t00": null,
        "Shape_Length": 0.020056171407847247
      }
    },
    {
      "type": "Feature",
      "id": 118,
      "geometry": {
        "type": "LineString",
        "coordinates": [
          [
            80.34039705039497,
            7.057857180212241
          ],
          [
            80.34039748506434,
            7.0578564969975295
          ]
        ]
      },
      "properties": {
        "OBJECTID": 118,
        "Entity": "Line",
        "Handle": "42966",
        "Layer": "irrigation",
        "LyrFrzn": 0,
        "LyrOn": 1,
        "Color": 4,
        "Linetype": "Continuous",
        "Elevation": -7.158330198711258e-12,
        "LineWt": 25,
        "RefName": "",
        "DocUpdate": 1783359710000,
        "DocId": 1.1061215596273316e+19,
        "t0": null,
        "t00": null,
        "Shape_Length": 0.08949731879288284
      }
    },
    {
      "type": "Feature",
      "id": 119,
      "geometry": {
        "type": "LineString",
        "coordinates": [
          [
            80.34039529362872,
            7.057856062437079
          ],
          [
            80.34039572920223,
            7.0578553801281805
          ]
        ]
      },
      "properties": {
        "OBJECTID": 119,
        "Entity": "Line",
        "Handle": "42967",
        "Layer": "irrigation",
        "LyrFrzn": 0,
        "LyrOn": 1,
        "Color": 4,
        "Linetype": "Continuous",
        "Elevation": -7.158330198711258e-12,
        "LineWt": 25,
        "RefName": "",
        "DocUpdate": 1783359710000,
        "DocId": 1.1061215596273316e+19,
        "t0": null,
        "t00": null,
        "Shape_Length": 0.08946647461790186
      }
    },
    {
      "type": "Feature",
      "id": 120,
      "geometry": {
        "type": "LineString",
        "coordinates": [
          [
            80.34039514074806,
            7.057855965435706
          ],
          [
            80.34039557632158,
            7.057855283126808
          ]
        ]
      },
      "properties": {
        "OBJECTID": 120,
        "Entity": "Line",
        "Handle": "42968",
        "Layer": "irrigation",
        "LyrFrzn": 0,
        "LyrOn": 1,
        "Color": 4,
        "Linetype": "Continuous",
        "Elevation": -7.158330198711258e-12,
        "LineWt": 25,
        "RefName": "",
        "DocUpdate": 1783359710000,
        "DocId": 1.1061215596273316e+19,
        "t0": null,
        "t00": null,
        "Shape_Length": 0.08946647461790186
      }
    },
    {
      "type": "Feature",
      "id": 121,
      "geometry": {
        "type": "LineString",
        "coordinates": [
          [
            80.34039557632158,
            7.057855283126808
          ],
          [
            80.34039572920223,
            7.0578553801281805
          ]
        ]
      },
      "properties": {
        "OBJECTID": 121,
        "Entity": "Line",
        "Handle": "42969",
        "Layer": "irrigation",
        "LyrFrzn": 0,
        "LyrOn": 1,
        "Color": 4,
        "Linetype": "Continuous",
        "Elevation": -1.4375875309405775e-11,
        "LineWt": 25,
        "RefName": "",
        "DocUpdate": 1783359710000,
        "DocId": 1.1061215596273316e+19,
        "t0": null,
        "t00": null,
        "Shape_Length": 0.020002500221727493
      }
    },
    {
      "type": "Feature",
      "id": 122,
      "geometry": {
        "type": "LineString",
        "coordinates": [
          [
            80.34038125532568,
            7.057846174113679
          ],
          [
            80.34038140820633,
            7.057846271115055
          ]
        ]
      },
      "properties": {
        "OBJECTID": 122,
        "Entity": "Line",
        "Handle": "4296A",
        "Layer": "irrigation",
        "LyrFrzn": 0,
        "LyrOn": 1,
        "Color": 4,
        "Linetype": "Continuous",
        "Elevation": -1.4375875309405775e-11,
        "LineWt": 25,
        "RefName": "",
        "DocUpdate": 1783359710000,
        "DocId": 1.1061215596273316e+19,
        "t0": null,
        "t00": null,
        "Shape_Length": 0.020002500221727493
      }
    },
    {
      "type": "Feature",
      "id": 123,
      "geometry": {
        "type": "LineString",
        "coordinates": [
          [
            80.3403809726328,
            7.057846953423939
          ],
          [
            80.34038140820633,
            7.057846271115055
          ]
        ]
      },
      "properties": {
        "OBJECTID": 123,
        "Entity": "Line",
        "Handle": "4296B",
        "Layer": "irrigation",
        "LyrFrzn": 0,
        "LyrOn": 1,
        "Color": 4,
        "Linetype": "Continuous",
        "Elevation": -7.158330198711258e-12,
        "LineWt": 25,
        "RefName": "",
        "DocUpdate": 1783359710000,
        "DocId": 1.1061215596273316e+19,
        "t0": null,
        "t00": null,
        "Shape_Length": 0.08946647411823443
      }
    },
    {
      "type": "Feature",
      "id": 124,
      "geometry": {
        "type": "LineString",
        "coordinates": [
          [
            80.34038192790892,
            7.057847560812864
          ],
          [
            80.34038236257702,
            7.0578468785027
          ]
        ]
      },
      "properties": {
        "OBJECTID": 124,
        "Entity": "Line",
        "Handle": "4296C",
        "Layer": "irrigation",
        "LyrFrzn": 0,
        "LyrOn": 1,
        "Color": 4,
        "Linetype": "Continuous",
        "Elevation": -7.158330198711258e-12,
        "LineWt": 25,
        "RefName": "",
        "DocUpdate": 1783359710000,
        "DocId": 1.1061215596273316e+19,
        "t0": null,
        "t00": null,
        "Shape_Length": 0.08941286315036605
      }
    },
    {
      "type": "Feature",
      "id": 125,
      "geometry": {
        "type": "LineString",
        "coordinates": [
          [
            80.34038177502828,
            7.057847463811488
          ],
          [
            80.3403822106018,
            7.057846781502604
          ]
        ]
      },
      "properties": {
        "OBJECTID": 125,
        "Entity": "Line",
        "Handle": "4296D",
        "Layer": "irrigation",
        "LyrFrzn": 0,
        "LyrOn": 1,
        "Color": 4,
        "Linetype": "Continuous",
        "Elevation": -7.158330198711258e-12,
        "LineWt": 25,
        "RefName": "",
        "DocUpdate": 1783359710000,
        "DocId": 1.1061215596273316e+19,
        "t0": null,
        "t00": null,
        "Shape_Length": 0.08946647461790186
      }
    },
    {
      "type": "Feature",
      "id": 126,
      "geometry": {
        "type": "LineString",
        "coordinates": [
          [
            80.3403822106018,
            7.057846781502604
          ],
          [
            80.34038236257702,
            7.0578468785027
          ]
        ]
      },
      "properties": {
        "OBJECTID": 126,
        "Entity": "Line",
        "Handle": "4296E",
        "Layer": "irrigation",
        "LyrFrzn": 0,
        "LyrOn": 1,
        "Color": 4,
        "Linetype": "Continuous",
        "Elevation": -1.4375875309405775e-11,
        "LineWt": 25,
        "RefName": "",
        "DocUpdate": 1783359710000,
        "DocId": 1.1061215596273316e+19,
        "t0": null,
        "t00": null,
        "Shape_Length": 0.019918082759027407
      }
    },
    {
      "type": "Feature",
      "id": 127,
      "geometry": {
        "type": "LineString",
        "coordinates": [
          [
            80.34038001826082,
            7.057846346940824
          ],
          [
            80.34038045383562,
            7.0578456637274085
          ]
        ]
      },
      "properties": {
        "OBJECTID": 127,
        "Entity": "Line",
        "Handle": "4296F",
        "Layer": "irrigation",
        "LyrFrzn": 0,
        "LyrOn": 1,
        "Color": 4,
        "Linetype": "Continuous",
        "Elevation": -7.158330198711258e-12,
        "LineWt": 25,
        "RefName": "",
        "DocUpdate": 1783359710000,
        "DocId": 1.1061215596273316e+19,
        "t0": null,
        "t00": null,
        "Shape_Length": 0.08955087969933342
      }
    },
    {
      "type": "Feature",
      "id": 128,
      "geometry": {
        "type": "LineString",
        "coordinates": [
          [
            80.34037986538144,
            7.057846249034914
          ],
          [
            80.34038030095498,
            7.057845566726033
          ]
        ]
      },
      "properties": {
        "OBJECTID": 128,
        "Entity": "Line",
        "Handle": "42970",
        "Layer": "irrigation",
        "LyrFrzn": 0,
        "LyrOn": 1,
        "Color": 4,
        "Linetype": "Continuous",
        "Elevation": -7.158330198711258e-12,
        "LineWt": 25,
        "RefName": "",
        "DocUpdate": 1783359710000,
        "DocId": 1.1061215596273316e+19,
        "t0": null,
        "t00": null,
        "Shape_Length": 0.08946647461790186
      }
    },
    {
      "type": "Feature",
      "id": 129,
      "geometry": {
        "type": "LineString",
        "coordinates": [
          [
            80.34038030095498,
            7.057845566726033
          ],
          [
            80.34038045383562,
            7.0578456637274085
          ]
        ]
      },
      "properties": {
        "OBJECTID": 129,
        "Entity": "Line",
        "Handle": "42971",
        "Layer": "irrigation",
        "LyrFrzn": 0,
        "LyrOn": 1,
        "Color": 4,
        "Linetype": "Continuous",
        "Elevation": -1.4375875309405775e-11,
        "LineWt": 25,
        "RefName": "",
        "DocUpdate": 1783359710000,
        "DocId": 1.1061215596273316e+19,
        "t0": null,
        "t00": null,
        "Shape_Length": 0.020002500221727493
      }
    },
    {
      "type": "Feature",
      "id": 130,
      "geometry": {
        "type": "LineString",
        "coordinates": [
          [
            80.34038082065757,
            7.057846856423843
          ],
          [
            80.34038125532568,
            7.057846174113679
          ]
        ]
      },
      "properties": {
        "OBJECTID": 130,
        "Entity": "Line",
        "Handle": "42972",
        "Layer": "irrigation",
        "LyrFrzn": 0,
        "LyrOn": 1,
        "Color": 4,
        "Linetype": "Continuous",
        "Elevation": -7.158330198711258e-12,
        "LineWt": 25,
        "RefName": "",
        "DocUpdate": 1783359710000,
        "DocId": 1.1061215596273316e+19,
        "t0": null,
        "t00": null,
        "Shape_Length": 0.08941286265144062
      }
    },
    {
      "type": "Feature",
      "id": 131,
      "geometry": {
        "type": "LineString",
        "coordinates": [
          [
            80.34037906389011,
            7.057845739553175
          ],
          [
            80.3403794985595,
            7.057845056338481
          ]
        ]
      },
      "properties": {
        "OBJECTID": 131,
        "Entity": "Line",
        "Handle": "42973",
        "Layer": "irrigation",
        "LyrFrzn": 0,
        "LyrOn": 1,
        "Color": 4,
        "Linetype": "Continuous",
        "Elevation": -7.158330198711258e-12,
        "LineWt": 25,
        "RefName": "",
        "DocUpdate": 1783359710000,
        "DocId": 1.1061215596273316e+19,
        "t0": null,
        "t00": null,
        "Shape_Length": 0.08949731829442821
      }
    },
    {
      "type": "Feature",
      "id": 132,
      "geometry": {
        "type": "LineString",
        "coordinates": [
          [
            80.34037891100947,
            7.057845642551797
          ],
          [
            80.34037934567885,
            7.057844959337104
          ]
        ]
      },
      "properties": {
        "OBJECTID": 132,
        "Entity": "Line",
        "Handle": "42974",
        "Layer": "irrigation",
        "LyrFrzn": 0,
        "LyrOn": 1,
        "Color": 4,
        "Linetype": "Continuous",
        "Elevation": -7.158330198711258e-12,
        "LineWt": 25,
        "RefName": "",
        "DocUpdate": 1783359710000,
        "DocId": 1.1061215596273316e+19,
        "t0": null,
        "t00": null,
        "Shape_Length": 0.08949731829442821
      }
    },
    {
      "type": "Feature",
      "id": 133,
      "geometry": {
        "type": "LineString",
        "coordinates": [
          [
            80.34037934567885,
            7.057844959337104
          ],
          [
            80.3403794985595,
            7.057845056338481
          ]
        ]
      },
      "properties": {
        "OBJECTID": 133,
        "Entity": "Line",
        "Handle": "42975",
        "Layer": "irrigation",
        "LyrFrzn": 0,
        "LyrOn": 1,
        "Color": 4,
        "Linetype": "Continuous",
        "Elevation": -1.4375875309405775e-11,
        "LineWt": 25,
        "RefName": "",
        "DocUpdate": 1783359710000,
        "DocId": 1.1061215596273316e+19,
        "t0": null,
        "t00": null,
        "Shape_Length": 0.020002500221727493
      }
    },
    {
      "type": "Feature",
      "id": 134,
      "geometry": {
        "type": "LineString",
        "coordinates": [
          [
            80.34037810861399,
            7.0578451321642275
          ],
          [
            80.34037854418882,
            7.0578444489508305
          ]
        ]
      },
      "properties": {
        "OBJECTID": 134,
        "Entity": "Line",
        "Handle": "42976",
        "Layer": "irrigation",
        "LyrFrzn": 0,
        "LyrOn": 1,
        "Color": 4,
        "Linetype": "Continuous",
        "Elevation": -7.158330198711258e-12,
        "LineWt": 25,
        "RefName": "",
        "DocUpdate": 1783359710000,
        "DocId": 1.1061215596273316e+19,
        "t0": null,
        "t00": null,
        "Shape_Length": 0.08955087812686453
      }
    },
    {
      "type": "Feature",
      "id": 135,
      "geometry": {
        "type": "LineString",
        "coordinates": [
          [
            80.34037795663876,
            7.057845035164145
          ],
          [
            80.34037839130816,
            7.057844351949453
          ]
        ]
      },
      "properties": {
        "OBJECTID": 135,
        "Entity": "Line",
        "Handle": "42977",
        "Layer": "irrigation",
        "LyrFrzn": 0,
        "LyrOn": 1,
        "Color": 4,
        "Linetype": "Continuous",
        "Elevation": -7.158330198711258e-12,
        "LineWt": 25,
        "RefName": "",
        "DocUpdate": 1783359710000,
        "DocId": 1.1061215596273316e+19,
        "t0": null,
        "t00": null,
        "Shape_Length": 0.08949731879288284
      }
    },
    {
      "type": "Feature",
      "id": 136,
      "geometry": {
        "type": "LineString",
        "coordinates": [
          [
            80.34037839130816,
            7.057844351949453
          ],
          [
            80.34037854418882,
            7.0578444489508305
          ]
        ]
      },
      "properties": {
        "OBJECTID": 136,
        "Entity": "Line",
        "Handle": "42978",
        "Layer": "irrigation",
        "LyrFrzn": 0,
        "LyrOn": 1,
        "Color": 4,
        "Linetype": "Continuous",
        "Elevation": -1.4375875309405775e-11,
        "LineWt": 25,
        "RefName": "",
        "DocUpdate": 1783359710000,
        "DocId": 1.1061215596273316e+19,
        "t0": null,
        "t00": null,
        "Shape_Length": 0.020002500221727493
      }
    },
    {
      "type": "Feature",
      "id": 137,
      "geometry": {
        "type": "LineString",
        "coordinates": [
          [
            80.34038861031605,
            7.057851811624366
          ],
          [
            80.34038904588957,
            7.057851129315492
          ]
        ]
      },
      "properties": {
        "OBJECTID": 137,
        "Entity": "Line",
        "Handle": "42979",
        "Layer": "irrigation",
        "LyrFrzn": 0,
        "LyrOn": 1,
        "Color": 4,
        "Linetype": "Continuous",
        "Elevation": -7.158330198711258e-12,
        "LineWt": 25,
        "RefName": "",
        "DocUpdate": 1783359710000,
        "DocId": 1.1061215596273316e+19,
        "t0": null,
        "t00": null,
        "Shape_Length": 0.08946647254636395
      }
    },
    {
      "type": "Feature",
      "id": 138,
      "geometry": {
        "type": "LineString",
        "coordinates": [
          [
            80.34038845834081,
            7.057851714624288
          ],
          [
            80.3403888930089,
            7.057851032314117
          ]
        ]
      },
      "properties": {
        "OBJECTID": 138,
        "Entity": "Line",
        "Handle": "4297A",
        "Layer": "irrigation",
        "LyrFrzn": 0,
        "LyrOn": 1,
        "Color": 4,
        "Linetype": "Continuous",
        "Elevation": -7.158330198711258e-12,
        "LineWt": 25,
        "RefName": "",
        "DocUpdate": 1783359710000,
        "DocId": 1.1061215596273316e+19,
        "t0": null,
        "t00": null,
        "Shape_Length": 0.08941286265144062
      }
    },
    {
      "type": "Feature",
      "id": 139,
      "geometry": {
        "type": "LineString",
        "coordinates": [
          [
            80.3403888930089,
            7.057851032314117
          ],
          [
            80.34038904588957,
            7.057851129315492
          ]
        ]
      },
      "properties": {
        "OBJECTID": 139,
        "Entity": "Line",
        "Handle": "4297B",
        "Layer": "irrigation",
        "LyrFrzn": 0,
        "LyrOn": 1,
        "Color": 4,
        "Linetype": "Continuous",
        "Elevation": -1.4375875309405775e-11,
        "LineWt": 25,
        "RefName": "",
        "DocUpdate": 1783359710000,
        "DocId": 1.1061215596273316e+19,
        "t0": null,
        "t00": null,
        "Shape_Length": 0.020002500221727493
      }
    },
    {
      "type": "Feature",
      "id": 140,
      "geometry": {
        "type": "LineString",
        "coordinates": [
          [
            80.34038956559219,
            7.057852419013296
          ],
          [
            80.34039000026029,
            7.057851736703123
          ]
        ]
      },
      "properties": {
        "OBJECTID": 140,
        "Entity": "Line",
        "Handle": "4297C",
        "Layer": "irrigation",
        "LyrFrzn": 0,
        "LyrOn": 1,
        "Color": 4,
        "Linetype": "Continuous",
        "Elevation": -7.158330198711258e-12,
        "LineWt": 25,
        "RefName": "",
        "DocUpdate": 1783359710000,
        "DocId": 1.1061215596273316e+19,
        "t0": null,
        "t00": null,
        "Shape_Length": 0.08941286315036605
      }
    },
    {
      "type": "Feature",
      "id": 141,
      "geometry": {
        "type": "LineString",
        "coordinates": [
          [
            80.34038941271153,
            7.057852322011921
          ],
          [
            80.34038984737964,
            7.057851639701749
          ]
        ]
      },
      "properties": {
        "OBJECTID": 141,
        "Entity": "Line",
        "Handle": "4297D",
        "Layer": "irrigation",
        "LyrFrzn": 0,
        "LyrOn": 1,
        "Color": 4,
        "Linetype": "Continuous",
        "Elevation": -7.158330198711258e-12,
        "LineWt": 25,
        "RefName": "",
        "DocUpdate": 1783359710000,
        "DocId": 1.1061215596273316e+19,
        "t0": null,
        "t00": null,
        "Shape_Length": 0.08941286315036605
      }
    },
    {
      "type": "Feature",
      "id": 142,
      "geometry": {
        "type": "LineString",
        "coordinates": [
          [
            80.34038984737964,
            7.057851639701749
          ],
          [
            80.34039000026029,
            7.057851736703123
          ]
        ]
      },
      "properties": {
        "OBJECTID": 142,
        "Entity": "Line",
        "Handle": "4297E",
        "Layer": "irrigation",
        "LyrFrzn": 0,
        "LyrOn": 1,
        "Color": 4,
        "Linetype": "Continuous",
        "Elevation": -1.4375875309405775e-11,
        "LineWt": 25,
        "RefName": "",
        "DocUpdate": 1783359710000,
        "DocId": 1.1061215596273316e+19,
        "t0": null,
        "t00": null,
        "Shape_Length": 0.020002500221727493
      }
    },
    {
      "type": "Feature",
      "id": 143,
      "geometry": {
        "type": "LineString",
        "coordinates": [
          [
            80.34038765594532,
            7.057851204236733
          ],
          [
            80.34038809151886,
            7.057850521927841
          ]
        ]
      },
      "properties": {
        "OBJECTID": 143,
        "Entity": "Line",
        "Handle": "4297F",
        "Layer": "irrigation",
        "LyrFrzn": 0,
        "LyrOn": 1,
        "Color": 4,
        "Linetype": "Continuous",
        "Elevation": -7.158330198711258e-12,
        "LineWt": 25,
        "RefName": "",
        "DocUpdate": 1783359710000,
        "DocId": 1.1061215596273316e+19,
        "t0": null,
        "t00": null,
        "Shape_Length": 0.08946647461790186
      }
    },
    {
      "type": "Feature",
      "id": 144,
      "geometry": {
        "type": "LineString",
        "coordinates": [
          [
            80.34038750306466,
            7.057851107235375
          ],
          [
            80.34038793863819,
            7.0578504249264835
          ]
        ]
      },
      "properties": {
        "OBJECTID": 144,
        "Entity": "Line",
        "Handle": "42980",
        "Layer": "irrigation",
        "LyrFrzn": 0,
        "LyrOn": 1,
        "Color": 4,
        "Linetype": "Continuous",
        "Elevation": -7.158330198711258e-12,
        "LineWt": 25,
        "RefName": "",
        "DocUpdate": 1783359710000,
        "DocId": 1.1061215596273316e+19,
        "t0": null,
        "t00": null,
        "Shape_Length": 0.08946647461790186
      }
    },
    {
      "type": "Feature",
      "id": 145,
      "geometry": {
        "type": "LineString",
        "coordinates": [
          [
            80.34038793863819,
            7.0578504249264835
          ],
          [
            80.34038809151886,
            7.057850521927841
          ]
        ]
      },
      "properties": {
        "OBJECTID": 145,
        "Entity": "Line",
        "Handle": "42981",
        "Layer": "irrigation",
        "LyrFrzn": 0,
        "LyrOn": 1,
        "Color": 4,
        "Linetype": "Continuous",
        "Elevation": -1.4375875309405775e-11,
        "LineWt": 25,
        "RefName": "",
        "DocUpdate": 1783359710000,
        "DocId": 1.1061215596273316e+19,
        "t0": null,
        "t00": null,
        "Shape_Length": 0.02000249922533692
      }
    },
    {
      "type": "Feature",
      "id": 146,
      "geometry": {
        "type": "LineString",
        "coordinates": [
          [
            80.34038670157332,
            7.057850597753629
          ],
          [
            80.3403871362427,
            7.057849914538927
          ]
        ]
      },
      "properties": {
        "OBJECTID": 146,
        "Entity": "Line",
        "Handle": "42982",
        "Layer": "irrigation",
        "LyrFrzn": 0,
        "LyrOn": 1,
        "Color": 4,
        "Linetype": "Continuous",
        "Elevation": -7.158330198711258e-12,
        "LineWt": 25,
        "RefName": "",
        "DocUpdate": 1783359710000,
        "DocId": 1.1061215596273316e+19,
        "t0": null,
        "t00": null,
        "Shape_Length": 0.08949731829442821
      }
    },
    {
      "type": "Feature",
      "id": 147,
      "geometry": {
        "type": "LineString",
        "coordinates": [
          [
            80.34038654869396,
            7.057850499847721
          ],
          [
            80.34038698336204,
            7.057849817537569
          ]
        ]
      },
      "properties": {
        "OBJECTID": 147,
        "Entity": "Line",
        "Handle": "42983",
        "Layer": "irrigation",
        "LyrFrzn": 0,
        "LyrOn": 1,
        "Color": 4,
        "Linetype": "Continuous",
        "Elevation": -7.158330198711258e-12,
        "LineWt": 25,
        "RefName": "",
        "DocUpdate": 1783359710000,
        "DocId": 1.1061215596273316e+19,
        "t0": null,
        "t00": null,
        "Shape_Length": 0.08941286107862766
      }
    },
    {
      "type": "Feature",
      "id": 148,
      "geometry": {
        "type": "LineString",
        "coordinates": [
          [
            80.34038698336204,
            7.057849817537569
          ],
          [
            80.3403871362427,
            7.057849914538927
          ]
        ]
      },
      "properties": {
        "OBJECTID": 148,
        "Entity": "Line",
        "Handle": "42984",
        "Layer": "irrigation",
        "LyrFrzn": 0,
        "LyrOn": 1,
        "Color": 4,
        "Linetype": "Continuous",
        "Elevation": -1.4375875309405775e-11,
        "LineWt": 25,
        "RefName": "",
        "DocUpdate": 1783359710000,
        "DocId": 1.1061215596273316e+19,
        "t0": null,
        "t00": null,
        "Shape_Length": 0.02000249922533692
      }
    },
    {
      "type": "Feature",
      "id": 149,
      "geometry": {
        "type": "LineString",
        "coordinates": [
          [
            80.34038479192647,
            7.057849382977073
          ],
          [
            80.34038522659586,
            7.057848699762373
          ]
        ]
      },
      "properties": {
        "OBJECTID": 149,
        "Entity": "Line",
        "Handle": "42985",
        "Layer": "irrigation",
        "LyrFrzn": 0,
        "LyrOn": 1,
        "Color": 4,
        "Linetype": "Continuous",
        "Elevation": -7.158330198711258e-12,
        "LineWt": 25,
        "RefName": "",
        "DocUpdate": 1783359710000,
        "DocId": 1.1061215596273316e+19,
        "t0": null,
        "t00": null,
        "Shape_Length": 0.08949731829442821
      }
    },
    {
      "type": "Feature",
      "id": 150,
      "geometry": {
        "type": "LineString",
        "coordinates": [
          [
            80.34038463904582,
            7.057849285975697
          ],
          [
            80.34038507462061,
            7.057848602762277
          ]
        ]
      },
      "properties": {
        "OBJECTID": 150,
        "Entity": "Line",
        "Handle": "42986",
        "Layer": "irrigation",
        "LyrFrzn": 0,
        "LyrOn": 1,
        "Color": 4,
        "Linetype": "Continuous",
        "Elevation": -7.158330198711258e-12,
        "LineWt": 25,
        "RefName": "",
        "DocUpdate": 1783359710000,
        "DocId": 1.1061215596273316e+19,
        "t0": null,
        "t00": null,
        "Shape_Length": 0.08955087920013695
      }
    },
    {
      "type": "Feature",
      "id": 151,
      "geometry": {
        "type": "LineString",
        "coordinates": [
          [
            80.34038507462061,
            7.057848602762277
          ],
          [
            80.34038522659586,
            7.057848699762373
          ]
        ]
      },
      "properties": {
        "OBJECTID": 151,
        "Entity": "Line",
        "Handle": "42987",
        "Layer": "irrigation",
        "LyrFrzn": 0,
        "LyrOn": 1,
        "Color": 4,
        "Linetype": "Continuous",
        "Elevation": -1.4375875309405775e-11,
        "LineWt": 25,
        "RefName": "",
        "DocUpdate": 1783359710000,
        "DocId": 1.1061215596273316e+19,
        "t0": null,
        "t00": null,
        "Shape_Length": 0.019918082759027407
      }
    },
    {
      "type": "Feature",
      "id": 152,
      "geometry": {
        "type": "LineString",
        "coordinates": [
          [
            80.34038574629717,
            7.057849990364712
          ],
          [
            80.34038618187199,
            7.057849307151291
          ]
        ]
      },
      "properties": {
        "OBJECTID": 152,
        "Entity": "Line",
        "Handle": "42988",
        "Layer": "irrigation",
        "LyrFrzn": 0,
        "LyrOn": 1,
        "Color": 4,
        "Linetype": "Continuous",
        "Elevation": -7.158330198711258e-12,
        "LineWt": 25,
        "RefName": "",
        "DocUpdate": 1783359710000,
        "DocId": 1.1061215596273316e+19,
        "t0": null,
        "t00": null,
        "Shape_Length": 0.08955087969933342
      }
    },
    {
      "type": "Feature",
      "id": 153,
      "geometry": {
        "type": "LineString",
        "coordinates": [
          [
            80.34038559341653,
            7.057849893363336
          ],
          [
            80.34038602899135,
            7.057849210149932
          ]
        ]
      },
      "properties": {
        "OBJECTID": 153,
        "Entity": "Line",
        "Handle": "42989",
        "Layer": "irrigation",
        "LyrFrzn": 0,
        "LyrOn": 1,
        "Color": 4,
        "Linetype": "Continuous",
        "Elevation": -7.158330198711258e-12,
        "LineWt": 25,
        "RefName": "",
        "DocUpdate": 1783359710000,
        "DocId": 1.1061215596273316e+19,
        "t0": null,
        "t00": null,
        "Shape_Length": 0.08955087812686453
      }
    },
    {
      "type": "Feature",
      "id": 154,
      "geometry": {
        "type": "LineString",
        "coordinates": [
          [
            80.34038602899135,
            7.057849210149932
          ],
          [
            80.34038618187199,
            7.057849307151291
          ]
        ]
      },
      "properties": {
        "OBJECTID": 154,
        "Entity": "Line",
        "Handle": "4298A",
        "Layer": "irrigation",
        "LyrFrzn": 0,
        "LyrOn": 1,
        "Color": 4,
        "Linetype": "Continuous",
        "Elevation": -1.4375875309405775e-11,
        "LineWt": 25,
        "RefName": "",
        "DocUpdate": 1783359710000,
        "DocId": 1.1061215596273316e+19,
        "t0": null,
        "t00": null,
        "Shape_Length": 0.02000249922533692
      }
    },
    {
      "type": "Feature",
      "id": 155,
      "geometry": {
        "type": "LineString",
        "coordinates": [
          [
            80.34038383755576,
            7.057848775589431
          ],
          [
            80.34038427222387,
            7.057848093279266
          ]
        ]
      },
      "properties": {
        "OBJECTID": 155,
        "Entity": "Line",
        "Handle": "4298B",
        "Layer": "irrigation",
        "LyrFrzn": 0,
        "LyrOn": 1,
        "Color": 4,
        "Linetype": "Continuous",
        "Elevation": -7.158330198711258e-12,
        "LineWt": 25,
        "RefName": "",
        "DocUpdate": 1783359710000,
        "DocId": 1.1061215596273316e+19,
        "t0": null,
        "t00": null,
        "Shape_Length": 0.08941286315036605
      }
    },
    {
      "type": "Feature",
      "id": 156,
      "geometry": {
        "type": "LineString",
        "coordinates": [
          [
            80.3403836846751,
            7.057848678588056
          ],
          [
            80.34038411934449,
            7.057847995373357
          ]
        ]
      },
      "properties": {
        "OBJECTID": 156,
        "Entity": "Line",
        "Handle": "4298C",
        "Layer": "irrigation",
        "LyrFrzn": 0,
        "LyrOn": 1,
        "Color": 4,
        "Linetype": "Continuous",
        "Elevation": -7.158330198711258e-12,
        "LineWt": 25,
        "RefName": "",
        "DocUpdate": 1783359710000,
        "DocId": 1.1061215596273316e+19,
        "t0": null,
        "t00": null,
        "Shape_Length": 0.08949731879288284
      }
    },
    {
      "type": "Feature",
      "id": 157,
      "geometry": {
        "type": "LineString",
        "coordinates": [
          [
            80.34038411934449,
            7.057847995373357
          ],
          [
            80.34038427222387,
            7.057848093279266
          ]
        ]
      },
      "properties": {
        "OBJECTID": 157,
        "Entity": "Line",
        "Handle": "4298D",
        "Layer": "irrigation",
        "LyrFrzn": 0,
        "LyrOn": 1,
        "Color": 4,
        "Linetype": "Continuous",
        "Elevation": -1.4375875309405775e-11,
        "LineWt": 25,
        "RefName": "",
        "DocUpdate": 1783359710000,
        "DocId": 1.1061215596273316e+19,
        "t0": null,
        "t00": null,
        "Shape_Length": 0.020056171407847247
      }
    },
    {
      "type": "Feature",
      "id": 158,
      "geometry": {
        "type": "LineString",
        "coordinates": [
          [
            80.34038288227963,
            7.057848168200509
          ],
          [
            80.34038331785317,
            7.057847485891624
          ]
        ]
      },
      "properties": {
        "OBJECTID": 158,
        "Entity": "Line",
        "Handle": "4298E",
        "Layer": "irrigation",
        "LyrFrzn": 0,
        "LyrOn": 1,
        "Color": 4,
        "Linetype": "Continuous",
        "Elevation": -7.158330198711258e-12,
        "LineWt": 25,
        "RefName": "",
        "DocUpdate": 1783359710000,
        "DocId": 1.1061215596273316e+19,
        "t0": null,
        "t00": null,
        "Shape_Length": 0.08946647411823443
      }
    },
    {
      "type": "Feature",
      "id": 159,
      "geometry": {
        "type": "LineString",
        "coordinates": [
          [
            80.34038272939897,
            7.057848071199134
          ],
          [
            80.3403831649725,
            7.057847388890248
          ]
        ]
      },
      "properties": {
        "OBJECTID": 159,
        "Entity": "Line",
        "Handle": "4298F",
        "Layer": "irrigation",
        "LyrFrzn": 0,
        "LyrOn": 1,
        "Color": 4,
        "Linetype": "Continuous",
        "Elevation": -7.158330198711258e-12,
        "LineWt": 25,
        "RefName": "",
        "DocUpdate": 1783359710000,
        "DocId": 1.1061215596273316e+19,
        "t0": null,
        "t00": null,
        "Shape_Length": 0.08946647411823443
      }
    },
    {
      "type": "Feature",
      "id": 160,
      "geometry": {
        "type": "LineString",
        "coordinates": [
          [
            80.3403831649725,
            7.057847388890248
          ],
          [
            80.34038331785317,
            7.057847485891624
          ]
        ]
      },
      "properties": {
        "OBJECTID": 160,
        "Entity": "Line",
        "Handle": "42990",
        "Layer": "irrigation",
        "LyrFrzn": 0,
        "LyrOn": 1,
        "Color": 4,
        "Linetype": "Continuous",
        "Elevation": -1.4375875309405775e-11,
        "LineWt": 25,
        "RefName": "",
        "DocUpdate": 1783359710000,
        "DocId": 1.1061215596273316e+19,
        "t0": null,
        "t00": null,
        "Shape_Length": 0.020002500221727493
      }
    },
    {
      "type": "Feature",
      "id": 161,
      "geometry": {
        "type": "LineString",
        "coordinates": [
          [
            80.34036502558905,
            7.05783585032481
          ],
          [
            80.34036517846968,
            7.057835947326176
          ]
        ]
      },
      "properties": {
        "OBJECTID": 161,
        "Entity": "Line",
        "Handle": "42991",
        "Layer": "irrigation",
        "LyrFrzn": 0,
        "LyrOn": 1,
        "Color": 4,
        "Linetype": "Continuous",
        "Elevation": -1.4375875309405775e-11,
        "LineWt": 25,
        "RefName": "",
        "DocUpdate": 1783359710000,
        "DocId": 1.1061215596273316e+19,
        "t0": null,
        "t00": null,
        "Shape_Length": 0.02000249922533692
      }
    },
    {
      "type": "Feature",
      "id": 162,
      "geometry": {
        "type": "LineString",
        "coordinates": [
          [
            80.34036856218964,
            7.057839059188311
          ],
          [
            80.34036899685776,
            7.05783837687816
          ]
        ]
      },
      "properties": {
        "OBJECTID": 162,
        "Entity": "Line",
        "Handle": "42992",
        "Layer": "irrigation",
        "LyrFrzn": 0,
        "LyrOn": 1,
        "Color": 4,
        "Linetype": "Continuous",
        "Elevation": -7.158330198711258e-12,
        "LineWt": 25,
        "RefName": "",
        "DocUpdate": 1783359710000,
        "DocId": 1.1061215596273316e+19,
        "t0": null,
        "t00": null,
        "Shape_Length": 0.08941286315036605
      }
    },
    {
      "type": "Feature",
      "id": 163,
      "geometry": {
        "type": "LineString",
        "coordinates": [
          [
            80.34036840930898,
            7.057838962186931
          ],
          [
            80.34036884397712,
            7.05783827987678
          ]
        ]
      },
      "properties": {
        "OBJECTID": 163,
        "Entity": "Line",
        "Handle": "42993",
        "Layer": "irrigation",
        "LyrFrzn": 0,
        "LyrOn": 1,
        "Color": 4,
        "Linetype": "Continuous",
        "Elevation": -7.158330198711258e-12,
        "LineWt": 25,
        "RefName": "",
        "DocUpdate": 1783359710000,
        "DocId": 1.1061215596273316e+19,
        "t0": null,
        "t00": null,
        "Shape_Length": 0.08941286315036605
      }
    },
    {
      "type": "Feature",
      "id": 164,
      "geometry": {
        "type": "LineString",
        "coordinates": [
          [
            80.34036884397712,
            7.05783827987678
          ],
          [
            80.34036899685776,
            7.05783837687816
          ]
        ]
      },
      "properties": {
        "OBJECTID": 164,
        "Entity": "Line",
        "Handle": "42994",
        "Layer": "irrigation",
        "LyrFrzn": 0,
        "LyrOn": 1,
        "Color": 4,
        "Linetype": "Continuous",
        "Elevation": -1.4375875309405775e-11,
        "LineWt": 25,
        "RefName": "",
        "DocUpdate": 1783359710000,
        "DocId": 1.1061215596273316e+19,
        "t0": null,
        "t00": null,
        "Shape_Length": 0.020002500221727493
      }
    },
    {
      "type": "Feature",
      "id": 165,
      "geometry": {
        "type": "LineString",
        "coordinates": [
          [
            80.34036936367966,
            7.0578395695745995
          ],
          [
            80.3403697992532,
            7.057838887265728
          ]
        ]
      },
      "properties": {
        "OBJECTID": 165,
        "Entity": "Line",
        "Handle": "42995",
        "Layer": "irrigation",
        "LyrFrzn": 0,
        "LyrOn": 1,
        "Color": 4,
        "Linetype": "Continuous",
        "Elevation": -7.158330198711258e-12,
        "LineWt": 25,
        "RefName": "",
        "DocUpdate": 1783359710000,
        "DocId": 1.1061215596273316e+19,
        "t0": null,
        "t00": null,
        "Shape_Length": 0.08946647411823443
      }
    },
    {
      "type": "Feature",
      "id": 166,
      "geometry": {
        "type": "LineString",
        "coordinates": [
          [
            80.34036760691228,
            7.057838452703894
          ],
          [
            80.34036804248709,
            7.057837769490491
          ]
        ]
      },
      "properties": {
        "OBJECTID": 166,
        "Entity": "Line",
        "Handle": "42996",
        "Layer": "irrigation",
        "LyrFrzn": 0,
        "LyrOn": 1,
        "Color": 4,
        "Linetype": "Continuous",
        "Elevation": -7.158330198711258e-12,
        "LineWt": 25,
        "RefName": "",
        "DocUpdate": 1783359710000,
        "DocId": 1.1061215596273316e+19,
        "t0": null,
        "t00": null,
        "Shape_Length": 0.08955087920013695
      }
    },
    {
      "type": "Feature",
      "id": 167,
      "geometry": {
        "type": "LineString",
        "coordinates": [
          [
            80.34036745493833,
            7.0578383547992605
          ],
          [
            80.34036788960644,
            7.057837672489111
          ]
        ]
      },
      "properties": {
        "OBJECTID": 167,
        "Entity": "Line",
        "Handle": "42997",
        "Layer": "irrigation",
        "LyrFrzn": 0,
        "LyrOn": 1,
        "Color": 4,
        "Linetype": "Continuous",
        "Elevation": -7.158330198711258e-12,
        "LineWt": 25,
        "RefName": "",
        "DocUpdate": 1783359710000,
        "DocId": 1.1061215596273316e+19,
        "t0": null,
        "t00": null,
        "Shape_Length": 0.08941286265144062
      }
    },
    {
      "type": "Feature",
      "id": 168,
      "geometry": {
        "type": "LineString",
        "coordinates": [
          [
            80.34036788960644,
            7.057837672489111
          ],
          [
            80.34036804248709,
            7.057837769490491
          ]
        ]
      },
      "properties": {
        "OBJECTID": 168,
        "Entity": "Line",
        "Handle": "42998",
        "Layer": "irrigation",
        "LyrFrzn": 0,
        "LyrOn": 1,
        "Color": 4,
        "Linetype": "Continuous",
        "Elevation": -1.4375875309405775e-11,
        "LineWt": 25,
        "RefName": "",
        "DocUpdate": 1783359710000,
        "DocId": 1.1061215596273316e+19,
        "t0": null,
        "t00": null,
        "Shape_Length": 0.020002500221727493
      }
    },
    {
      "type": "Feature",
      "id": 169,
      "geometry": {
        "type": "LineString",
        "coordinates": [
          [
            80.3403666525416,
            7.057837845316205
          ],
          [
            80.34036708811642,
            7.057837162102803
          ]
        ]
      },
      "properties": {
        "OBJECTID": 169,
        "Entity": "Line",
        "Handle": "42999",
        "Layer": "irrigation",
        "LyrFrzn": 0,
        "LyrOn": 1,
        "Color": 4,
        "Linetype": "Continuous",
        "Elevation": -7.158330198711258e-12,
        "LineWt": 25,
        "RefName": "",
        "DocUpdate": 1783359710000,
        "DocId": 1.1061215596273316e+19,
        "t0": null,
        "t00": null,
        "Shape_Length": 0.08955087969933342
      }
    },
    {
      "type": "Feature",
      "id": 170,
      "geometry": {
        "type": "LineString",
        "coordinates": [
          [
            80.34036649966096,
            7.05783774831484
          ],
          [
            80.34036693523578,
            7.057837065101438
          ]
        ]
      },
      "properties": {
        "OBJECTID": 170,
        "Entity": "Line",
        "Handle": "4299A",
        "Layer": "irrigation",
        "LyrFrzn": 0,
        "LyrOn": 1,
        "Color": 4,
        "Linetype": "Continuous",
        "Elevation": -7.158330198711258e-12,
        "LineWt": 25,
        "RefName": "",
        "DocUpdate": 1783359710000,
        "DocId": 1.1061215596273316e+19,
        "t0": null,
        "t00": null,
        "Shape_Length": 0.08955087969933342
      }
    },
    {
      "type": "Feature",
      "id": 171,
      "geometry": {
        "type": "LineString",
        "coordinates": [
          [
            80.34036693523578,
            7.057837065101438
          ],
          [
            80.34036708811642,
            7.057837162102803
          ]
        ]
      },
      "properties": {
        "OBJECTID": 171,
        "Entity": "Line",
        "Handle": "4299B",
        "Layer": "irrigation",
        "LyrFrzn": 0,
        "LyrOn": 1,
        "Color": 4,
        "Linetype": "Continuous",
        "Elevation": -1.4375875309405775e-11,
        "LineWt": 25,
        "RefName": "",
        "DocUpdate": 1783359710000,
        "DocId": 1.1061215596273316e+19,
        "t0": null,
        "t00": null,
        "Shape_Length": 0.02000249922533692
      }
    },
    {
      "type": "Feature",
      "id": 172,
      "geometry": {
        "type": "LineString",
        "coordinates": [
          [
            80.34036474289486,
            7.057836630539576
          ],
          [
            80.34036517846968,
            7.057835947326176
          ]
        ]
      },
      "properties": {
        "OBJECTID": 172,
        "Entity": "Line",
        "Handle": "4299C",
        "Layer": "irrigation",
        "LyrFrzn": 0,
        "LyrOn": 1,
        "Color": 4,
        "Linetype": "Continuous",
        "Elevation": -7.158330198711258e-12,
        "LineWt": 25,
        "RefName": "",
        "DocUpdate": 1783359710000,
        "DocId": 1.1061215596273316e+19,
        "t0": null,
        "t00": null,
        "Shape_Length": 0.08955087969933342
      }
    },
    {
      "type": "Feature",
      "id": 173,
      "geometry": {
        "type": "LineString",
        "coordinates": [
          [
            80.34036569817094,
            7.057837237928531
          ],
          [
            80.34036613284034,
            7.057836554713851
          ]
        ]
      },
      "properties": {
        "OBJECTID": 173,
        "Entity": "Line",
        "Handle": "4299D",
        "Layer": "irrigation",
        "LyrFrzn": 0,
        "LyrOn": 1,
        "Color": 4,
        "Linetype": "Continuous",
        "Elevation": -7.158330198711258e-12,
        "LineWt": 25,
        "RefName": "",
        "DocUpdate": 1783359710000,
        "DocId": 1.1061215596273316e+19,
        "t0": null,
        "t00": null,
        "Shape_Length": 0.08949731829442821
      }
    },
    {
      "type": "Feature",
      "id": 174,
      "geometry": {
        "type": "LineString",
        "coordinates": [
          [
            80.34036554529031,
            7.057837140927166
          ],
          [
            80.34036597995969,
            7.057836457712486
          ]
        ]
      },
      "properties": {
        "OBJECTID": 174,
        "Entity": "Line",
        "Handle": "4299E",
        "Layer": "irrigation",
        "LyrFrzn": 0,
        "LyrOn": 1,
        "Color": 4,
        "Linetype": "Continuous",
        "Elevation": -7.158330198711258e-12,
        "LineWt": 25,
        "RefName": "",
        "DocUpdate": 1783359710000,
        "DocId": 1.1061215596273316e+19,
        "t0": null,
        "t00": null,
        "Shape_Length": 0.08949731829442821
      }
    },
    {
      "type": "Feature",
      "id": 175,
      "geometry": {
        "type": "LineString",
        "coordinates": [
          [
            80.34036597995969,
            7.057836457712486
          ],
          [
            80.34036613284034,
            7.057836554713851
          ]
        ]
      },
      "properties": {
        "OBJECTID": 175,
        "Entity": "Line",
        "Handle": "4299F",
        "Layer": "irrigation",
        "LyrFrzn": 0,
        "LyrOn": 1,
        "Color": 4,
        "Linetype": "Continuous",
        "Elevation": -1.4375875309405775e-11,
        "LineWt": 25,
        "RefName": "",
        "DocUpdate": 1783359710000,
        "DocId": 1.1061215596273316e+19,
        "t0": null,
        "t00": null,
        "Shape_Length": 0.02000249922533692
      }
    },
    {
      "type": "Feature",
      "id": 176,
      "geometry": {
        "type": "LineString",
        "coordinates": [
          [
            80.34037743693747,
            7.0578437445618
          ],
          [
            80.34037758981684,
            7.05784384246771
          ]
        ]
      },
      "properties": {
        "OBJECTID": 176,
        "Entity": "Line",
        "Handle": "429A0",
        "Layer": "irrigation",
        "LyrFrzn": 0,
        "LyrOn": 1,
        "Color": 4,
        "Linetype": "Continuous",
        "Elevation": -1.4375875309405775e-11,
        "LineWt": 25,
        "RefName": "",
        "DocUpdate": 1783359710000,
        "DocId": 1.1061215596273316e+19,
        "t0": null,
        "t00": null,
        "Shape_Length": 0.020056171407847247
      }
    },
    {
      "type": "Feature",
      "id": 177,
      "geometry": {
        "type": "LineString",
        "coordinates": [
          [
            80.3403771542433,
            7.057844524776574
          ],
          [
            80.34037758981684,
            7.05784384246771
          ]
        ]
      },
      "properties": {
        "OBJECTID": 177,
        "Entity": "Line",
        "Handle": "429A1",
        "Layer": "irrigation",
        "LyrFrzn": 0,
        "LyrOn": 1,
        "Color": 4,
        "Linetype": "Continuous",
        "Elevation": -7.158330198711258e-12,
        "LineWt": 25,
        "RefName": "",
        "DocUpdate": 1783359710000,
        "DocId": 1.1061215596273316e+19,
        "t0": null,
        "t00": null,
        "Shape_Length": 0.08946647254636395
      }
    },
    {
      "type": "Feature",
      "id": 178,
      "geometry": {
        "type": "LineString",
        "coordinates": [
          [
            80.34037619987262,
            7.057843917388919
          ],
          [
            80.34037663454073,
            7.057843235078761
          ]
        ]
      },
      "properties": {
        "OBJECTID": 178,
        "Entity": "Line",
        "Handle": "429A2",
        "Layer": "irrigation",
        "LyrFrzn": 0,
        "LyrOn": 1,
        "Color": 4,
        "Linetype": "Continuous",
        "Elevation": -7.158330198711258e-12,
        "LineWt": 25,
        "RefName": "",
        "DocUpdate": 1783359710000,
        "DocId": 1.1061215596273316e+19,
        "t0": null,
        "t00": null,
        "Shape_Length": 0.08941286315036605
      }
    },
    {
      "type": "Feature",
      "id": 179,
      "geometry": {
        "type": "LineString",
        "coordinates": [
          [
            80.34037604699196,
            7.057843820387557
          ],
          [
            80.34037648166007,
            7.057843138077399
          ]
        ]
      },
      "properties": {
        "OBJECTID": 179,
        "Entity": "Line",
        "Handle": "429A3",
        "Layer": "irrigation",
        "LyrFrzn": 0,
        "LyrOn": 1,
        "Color": 4,
        "Linetype": "Continuous",
        "Elevation": -7.158330198711258e-12,
        "LineWt": 25,
        "RefName": "",
        "DocUpdate": 1783359710000,
        "DocId": 1.1061215596273316e+19,
        "t0": null,
        "t00": null,
        "Shape_Length": 0.08941286315036605
      }
    },
    {
      "type": "Feature",
      "id": 180,
      "geometry": {
        "type": "LineString",
        "coordinates": [
          [
            80.34037648166007,
            7.057843138077399
          ],
          [
            80.34037663454073,
            7.057843235078761
          ]
        ]
      },
      "properties": {
        "OBJECTID": 180,
        "Entity": "Line",
        "Handle": "429A4",
        "Layer": "irrigation",
        "LyrFrzn": 0,
        "LyrOn": 1,
        "Color": 4,
        "Linetype": "Continuous",
        "Elevation": -1.4375875309405775e-11,
        "LineWt": 25,
        "RefName": "",
        "DocUpdate": 1783359710000,
        "DocId": 1.1061215596273316e+19,
        "t0": null,
        "t00": null,
        "Shape_Length": 0.02000249922533692
      }
    },
    {
      "type": "Feature",
      "id": 181,
      "geometry": {
        "type": "LineString",
        "coordinates": [
          [
            80.34037700136265,
            7.057844427775212
          ],
          [
            80.34037743693747,
            7.0578437445618
          ]
        ]
      },
      "properties": {
        "OBJECTID": 181,
        "Entity": "Line",
        "Handle": "429A5",
        "Layer": "irrigation",
        "LyrFrzn": 0,
        "LyrOn": 1,
        "Color": 4,
        "Linetype": "Continuous",
        "Elevation": -7.158330198711258e-12,
        "LineWt": 25,
        "RefName": "",
        "DocUpdate": 1783359710000,
        "DocId": 1.1061215596273316e+19,
        "t0": null,
        "t00": null,
        "Shape_Length": 0.08955087920013695
      }
    },
    {
      "type": "Feature",
      "id": 182,
      "geometry": {
        "type": "LineString",
        "coordinates": [
          [
            80.3403752445965,
            7.057843309999983
          ],
          [
            80.34037568017004,
            7.057842627691104
          ]
        ]
      },
      "properties": {
        "OBJECTID": 182,
        "Entity": "Line",
        "Handle": "429A6",
        "Layer": "irrigation",
        "LyrFrzn": 0,
        "LyrOn": 1,
        "Color": 4,
        "Linetype": "Continuous",
        "Elevation": -7.158330198711258e-12,
        "LineWt": 25,
        "RefName": "",
        "DocUpdate": 1783359710000,
        "DocId": 1.1061215596273316e+19,
        "t0": null,
        "t00": null,
        "Shape_Length": 0.08946647411823443
      }
    },
    {
      "type": "Feature",
      "id": 183,
      "geometry": {
        "type": "LineString",
        "coordinates": [
          [
            80.34037509171586,
            7.057843212998604
          ],
          [
            80.34037552728938,
            7.057842530689743
          ]
        ]
      },
      "properties": {
        "OBJECTID": 183,
        "Entity": "Line",
        "Handle": "429A7",
        "Layer": "irrigation",
        "LyrFrzn": 0,
        "LyrOn": 1,
        "Color": 4,
        "Linetype": "Continuous",
        "Elevation": -7.158330198711258e-12,
        "LineWt": 25,
        "RefName": "",
        "DocUpdate": 1783359710000,
        "DocId": 1.1061215596273316e+19,
        "t0": null,
        "t00": null,
        "Shape_Length": 0.08946647254636395
      }
    },
    {
      "type": "Feature",
      "id": 184,
      "geometry": {
        "type": "LineString",
        "coordinates": [
          [
            80.34037552728938,
            7.057842530689743
          ],
          [
            80.34037568017004,
            7.057842627691104
          ]
        ]
      },
      "properties": {
        "OBJECTID": 184,
        "Entity": "Line",
        "Handle": "429A8",
        "Layer": "irrigation",
        "LyrFrzn": 0,
        "LyrOn": 1,
        "Color": 4,
        "Linetype": "Continuous",
        "Elevation": -1.4375875309405775e-11,
        "LineWt": 25,
        "RefName": "",
        "DocUpdate": 1783359710000,
        "DocId": 1.1061215596273316e+19,
        "t0": null,
        "t00": null,
        "Shape_Length": 0.02000249922533692
      }
    },
    {
      "type": "Feature",
      "id": 185,
      "geometry": {
        "type": "LineString",
        "coordinates": [
          [
            80.3403736176426,
            7.057841315913129
          ],
          [
            80.34037377052326,
            7.057841412914509
          ]
        ]
      },
      "properties": {
        "OBJECTID": 185,
        "Entity": "Line",
        "Handle": "429A9",
        "Layer": "irrigation",
        "LyrFrzn": 0,
        "LyrOn": 1,
        "Color": 4,
        "Linetype": "Continuous",
        "Elevation": -1.4375875309405775e-11,
        "LineWt": 25,
        "RefName": "",
        "DocUpdate": 1783359710000,
        "DocId": 1.1061215596273316e+19,
        "t0": null,
        "t00": null,
        "Shape_Length": 0.020002500221727493
      }
    },
    {
      "type": "Feature",
      "id": 186,
      "geometry": {
        "type": "LineString",
        "coordinates": [
          [
            80.34037333585387,
            7.057842096129196
          ],
          [
            80.34037377052326,
            7.057841412914509
          ]
        ]
      },
      "properties": {
        "OBJECTID": 186,
        "Entity": "Line",
        "Handle": "429AA",
        "Layer": "irrigation",
        "LyrFrzn": 0,
        "LyrOn": 1,
        "Color": 4,
        "Linetype": "Continuous",
        "Elevation": -7.158330198711258e-12,
        "LineWt": 25,
        "RefName": "",
        "DocUpdate": 1783359710000,
        "DocId": 1.1061215596273316e+19,
        "t0": null,
        "t00": null,
        "Shape_Length": 0.08949731829442821
      }
    },
    {
      "type": "Feature",
      "id": 187,
      "geometry": {
        "type": "LineString",
        "coordinates": [
          [
            80.34037429022453,
            7.057842703516857
          ],
          [
            80.34037472489393,
            7.057842020302168
          ]
        ]
      },
      "properties": {
        "OBJECTID": 187,
        "Entity": "Line",
        "Handle": "429AB",
        "Layer": "irrigation",
        "LyrFrzn": 0,
        "LyrOn": 1,
        "Color": 4,
        "Linetype": "Continuous",
        "Elevation": -7.158330198711258e-12,
        "LineWt": 25,
        "RefName": "",
        "DocUpdate": 1783359710000,
        "DocId": 1.1061215596273316e+19,
        "t0": null,
        "t00": null,
        "Shape_Length": 0.08949731879288284
      }
    },
    {
      "type": "Feature",
      "id": 188,
      "geometry": {
        "type": "LineString",
        "coordinates": [
          [
            80.34037413734517,
            7.0578426056109445
          ],
          [
            80.34037457291872,
            7.057841923302069
          ]
        ]
      },
      "properties": {
        "OBJECTID": 188,
        "Entity": "Line",
        "Handle": "429AC",
        "Layer": "irrigation",
        "LyrFrzn": 0,
        "LyrOn": 1,
        "Color": 4,
        "Linetype": "Continuous",
        "Elevation": -7.158330198711258e-12,
        "LineWt": 25,
        "RefName": "",
        "DocUpdate": 1783359710000,
        "DocId": 1.1061215596273316e+19,
        "t0": null,
        "t00": null,
        "Shape_Length": 0.08946647461790186
      }
    },
    {
      "type": "Feature",
      "id": 189,
      "geometry": {
        "type": "LineString",
        "coordinates": [
          [
            80.34037457291872,
            7.057841923302069
          ],
          [
            80.34037472489393,
            7.057842020302168
          ]
        ]
      },
      "properties": {
        "OBJECTID": 189,
        "Entity": "Line",
        "Handle": "429AD",
        "Layer": "irrigation",
        "LyrFrzn": 0,
        "LyrOn": 1,
        "Color": 4,
        "Linetype": "Continuous",
        "Elevation": -1.4375875309405775e-11,
        "LineWt": 25,
        "RefName": "",
        "DocUpdate": 1783359710000,
        "DocId": 1.1061215596273316e+19,
        "t0": null,
        "t00": null,
        "Shape_Length": 0.019918082759027407
      }
    },
    {
      "type": "Feature",
      "id": 190,
      "geometry": {
        "type": "LineString",
        "coordinates": [
          [
            80.34037238057775,
            7.057841488740256
          ],
          [
            80.34037281615258,
            7.0578408055268484
          ]
        ]
      },
      "properties": {
        "OBJECTID": 190,
        "Entity": "Line",
        "Handle": "429AE",
        "Layer": "irrigation",
        "LyrFrzn": 0,
        "LyrOn": 1,
        "Color": 4,
        "Linetype": "Continuous",
        "Elevation": -7.158330198711258e-12,
        "LineWt": 25,
        "RefName": "",
        "DocUpdate": 1783359710000,
        "DocId": 1.1061215596273316e+19,
        "t0": null,
        "t00": null,
        "Shape_Length": 0.08955087969933342
      }
    },
    {
      "type": "Feature",
      "id": 191,
      "geometry": {
        "type": "LineString",
        "coordinates": [
          [
            80.3403722276971,
            7.057841391738876
          ],
          [
            80.34037266327192,
            7.057840708525468
          ]
        ]
      },
      "properties": {
        "OBJECTID": 191,
        "Entity": "Line",
        "Handle": "429AF",
        "Layer": "irrigation",
        "LyrFrzn": 0,
        "LyrOn": 1,
        "Color": 4,
        "Linetype": "Continuous",
        "Elevation": -7.158330198711258e-12,
        "LineWt": 25,
        "RefName": "",
        "DocUpdate": 1783359710000,
        "DocId": 1.1061215596273316e+19,
        "t0": null,
        "t00": null,
        "Shape_Length": 0.08955087969933342
      }
    },
    {
      "type": "Feature",
      "id": 192,
      "geometry": {
        "type": "LineString",
        "coordinates": [
          [
            80.34037266327192,
            7.057840708525468
          ],
          [
            80.34037281615258,
            7.0578408055268484
          ]
        ]
      },
      "properties": {
        "OBJECTID": 192,
        "Entity": "Line",
        "Handle": "429B0",
        "Layer": "irrigation",
        "LyrFrzn": 0,
        "LyrOn": 1,
        "Color": 4,
        "Linetype": "Continuous",
        "Elevation": -1.4375875309405775e-11,
        "LineWt": 25,
        "RefName": "",
        "DocUpdate": 1783359710000,
        "DocId": 1.1061215596273316e+19,
        "t0": null,
        "t00": null,
        "Shape_Length": 0.020002500221727493
      }
    },
    {
      "type": "Feature",
      "id": 193,
      "geometry": {
        "type": "LineString",
        "coordinates": [
          [
            80.34037318297449,
            7.057841998223285
          ],
          [
            80.3403736176426,
            7.057841315913129
          ]
        ]
      },
      "properties": {
        "OBJECTID": 193,
        "Entity": "Line",
        "Handle": "429B1",
        "Layer": "irrigation",
        "LyrFrzn": 0,
        "LyrOn": 1,
        "Color": 4,
        "Linetype": "Continuous",
        "Elevation": -7.158330198711258e-12,
        "LineWt": 25,
        "RefName": "",
        "DocUpdate": 1783359710000,
        "DocId": 1.1061215596273316e+19,
        "t0": null,
        "t00": null,
        "Shape_Length": 0.08941286265144062
      }
    },
    {
      "type": "Feature",
      "id": 194,
      "geometry": {
        "type": "LineString",
        "coordinates": [
          [
            80.34037142620708,
            7.0578408813525915
          ],
          [
            80.34037186087646,
            7.057840198137906
          ]
        ]
      },
      "properties": {
        "OBJECTID": 194,
        "Entity": "Line",
        "Handle": "429B2",
        "Layer": "irrigation",
        "LyrFrzn": 0,
        "LyrOn": 1,
        "Color": 4,
        "Linetype": "Continuous",
        "Elevation": -7.158330198711258e-12,
        "LineWt": 25,
        "RefName": "",
        "DocUpdate": 1783359710000,
        "DocId": 1.1061215596273316e+19,
        "t0": null,
        "t00": null,
        "Shape_Length": 0.08949731829442821
      }
    },
    {
      "type": "Feature",
      "id": 195,
      "geometry": {
        "type": "LineString",
        "coordinates": [
          [
            80.34037127332643,
            7.057840784351212
          ],
          [
            80.34037170890124,
            7.057840101137805
          ]
        ]
      },
      "properties": {
        "OBJECTID": 195,
        "Entity": "Line",
        "Handle": "429B3",
        "Layer": "irrigation",
        "LyrFrzn": 0,
        "LyrOn": 1,
        "Color": 4,
        "Linetype": "Continuous",
        "Elevation": -7.158330198711258e-12,
        "LineWt": 25,
        "RefName": "",
        "DocUpdate": 1783359710000,
        "DocId": 1.1061215596273316e+19,
        "t0": null,
        "t00": null,
        "Shape_Length": 0.08955087920013695
      }
    },
    {
      "type": "Feature",
      "id": 196,
      "geometry": {
        "type": "LineString",
        "coordinates": [
          [
            80.34037170890124,
            7.057840101137805
          ],
          [
            80.34037186087646,
            7.057840198137906
          ]
        ]
      },
      "properties": {
        "OBJECTID": 196,
        "Entity": "Line",
        "Handle": "429B4",
        "Layer": "irrigation",
        "LyrFrzn": 0,
        "LyrOn": 1,
        "Color": 4,
        "Linetype": "Continuous",
        "Elevation": -1.4375875309405775e-11,
        "LineWt": 25,
        "RefName": "",
        "DocUpdate": 1783359710000,
        "DocId": 1.1061215596273316e+19,
        "t0": null,
        "t00": null,
        "Shape_Length": 0.019918082759027407
      }
    },
    {
      "type": "Feature",
      "id": 197,
      "geometry": {
        "type": "LineString",
        "coordinates": [
          [
            80.34037047093098,
            7.057840273963647
          ],
          [
            80.34037090650452,
            7.057839591654774
          ]
        ]
      },
      "properties": {
        "OBJECTID": 197,
        "Entity": "Line",
        "Handle": "429B5",
        "Layer": "irrigation",
        "LyrFrzn": 0,
        "LyrOn": 1,
        "Color": 4,
        "Linetype": "Continuous",
        "Elevation": -7.158330198711258e-12,
        "LineWt": 25,
        "RefName": "",
        "DocUpdate": 1783359710000,
        "DocId": 1.1061215596273316e+19,
        "t0": null,
        "t00": null,
        "Shape_Length": 0.08946647461790186
      }
    },
    {
      "type": "Feature",
      "id": 198,
      "geometry": {
        "type": "LineString",
        "coordinates": [
          [
            80.34037031895576,
            7.057840176963547
          ],
          [
            80.34037075362515,
            7.057839493748862
          ]
        ]
      },
      "properties": {
        "OBJECTID": 198,
        "Entity": "Line",
        "Handle": "429B6",
        "Layer": "irrigation",
        "LyrFrzn": 0,
        "LyrOn": 1,
        "Color": 4,
        "Linetype": "Continuous",
        "Elevation": -7.158330198711258e-12,
        "LineWt": 25,
        "RefName": "",
        "DocUpdate": 1783359710000,
        "DocId": 1.1061215596273316e+19,
        "t0": null,
        "t00": null,
        "Shape_Length": 0.08949731879288284
      }
    },
    {
      "type": "Feature",
      "id": 199,
      "geometry": {
        "type": "LineString",
        "coordinates": [
          [
            80.34037075362515,
            7.057839493748862
          ],
          [
            80.34037090650452,
            7.057839591654774
          ]
        ]
      },
      "properties": {
        "OBJECTID": 199,
        "Entity": "Line",
        "Handle": "429B7",
        "Layer": "irrigation",
        "LyrFrzn": 0,
        "LyrOn": 1,
        "Color": 4,
        "Linetype": "Continuous",
        "Elevation": -1.4375875309405775e-11,
        "LineWt": 25,
        "RefName": "",
        "DocUpdate": 1783359710000,
        "DocId": 1.1061215596273316e+19,
        "t0": null,
        "t00": null,
        "Shape_Length": 0.020056171407847247
      }
    },
    {
      "type": "Feature",
      "id": 200,
      "geometry": {
        "type": "LineString",
        "coordinates": [
          [
            80.3403695165603,
            7.05783966657598
          ],
          [
            80.34036995213386,
            7.057838984267108
          ]
        ]
      },
      "properties": {
        "OBJECTID": 200,
        "Entity": "Line",
        "Handle": "429B8",
        "Layer": "irrigation",
        "LyrFrzn": 0,
        "LyrOn": 1,
        "Color": 4,
        "Linetype": "Continuous",
        "Elevation": -7.158330198711258e-12,
        "LineWt": 25,
        "RefName": "",
        "DocUpdate": 1783359710000,
        "DocId": 1.1061215596273316e+19,
        "t0": null,
        "t00": null,
        "Shape_Length": 0.08946647411823443
      }
    },
    {
      "type": "Feature",
      "id": 201,
      "geometry": {
        "type": "LineString",
        "coordinates": [
          [
            80.3403697992532,
            7.057838887265728
          ],
          [
            80.34036995213386,
            7.057838984267108
          ]
        ]
      },
      "properties": {
        "OBJECTID": 201,
        "Entity": "Line",
        "Handle": "429B9",
        "Layer": "irrigation",
        "LyrFrzn": 0,
        "LyrOn": 1,
        "Color": 4,
        "Linetype": "Continuous",
        "Elevation": -1.4375875309405775e-11,
        "LineWt": 25,
        "RefName": "",
        "DocUpdate": 1783359710000,
        "DocId": 1.1061215596273316e+19,
        "t0": null,
        "t00": null,
        "Shape_Length": 0.020002500221727493
      }
    },
    {
      "type": "Feature",
      "id": 202,
      "geometry": {
        "type": "LineString",
        "coordinates": [
          [
            80.3403645900142,
            7.057836533538194
          ],
          [
            80.34036502558905,
            7.05783585032481
          ]
        ]
      },
      "properties": {
        "OBJECTID": 202,
        "Entity": "Line",
        "Handle": "429BA",
        "Layer": "irrigation",
        "LyrFrzn": 0,
        "LyrOn": 1,
        "Color": 4,
        "Linetype": "Continuous",
        "Elevation": -7.158330198711258e-12,
        "LineWt": 25,
        "RefName": "",
        "DocUpdate": 1783359710000,
        "DocId": 1.1061215596273316e+19,
        "t0": null,
        "t00": null,
        "Shape_Length": 0.08955087812686453
      }
    },
    {
      "type": "Feature",
      "id": 203,
      "geometry": {
        "type": "LineString",
        "coordinates": [
          [
            80.34036378852421,
            7.057836023151899
          ],
          [
            80.34036422319232,
            7.057835340841752
          ]
        ]
      },
      "properties": {
        "OBJECTID": 203,
        "Entity": "Line",
        "Handle": "429BB",
        "Layer": "irrigation",
        "LyrFrzn": 0,
        "LyrOn": 1,
        "Color": 4,
        "Linetype": "Continuous",
        "Elevation": -7.158330198711258e-12,
        "LineWt": 25,
        "RefName": "",
        "DocUpdate": 1783359710000,
        "DocId": 1.1061215596273316e+19,
        "t0": null,
        "t00": null,
        "Shape_Length": 0.08941286265144062
      }
    },
    {
      "type": "Feature",
      "id": 204,
      "geometry": {
        "type": "LineString",
        "coordinates": [
          [
            80.34036363564356,
            7.057835926150517
          ],
          [
            80.34036407121839,
            7.057835242937117
          ]
        ]
      },
      "properties": {
        "OBJECTID": 204,
        "Entity": "Line",
        "Handle": "429BC",
        "Layer": "irrigation",
        "LyrFrzn": 0,
        "LyrOn": 1,
        "Color": 4,
        "Linetype": "Continuous",
        "Elevation": -7.158330198711258e-12,
        "LineWt": 25,
        "RefName": "",
        "DocUpdate": 1783359710000,
        "DocId": 1.1061215596273316e+19,
        "t0": null,
        "t00": null,
        "Shape_Length": 0.08955087920013695
      }
    },
    {
      "type": "Feature",
      "id": 205,
      "geometry": {
        "type": "LineString",
        "coordinates": [
          [
            80.34036407121839,
            7.057835242937117
          ],
          [
            80.34036422319232,
            7.057835340841752
          ]
        ]
      },
      "properties": {
        "OBJECTID": 205,
        "Entity": "Line",
        "Handle": "429BD",
        "Layer": "irrigation",
        "LyrFrzn": 0,
        "LyrOn": 1,
        "Color": 4,
        "Linetype": "Continuous",
        "Elevation": -1.4375875309405775e-11,
        "LineWt": 25,
        "RefName": "",
        "DocUpdate": 1783359710000,
        "DocId": 1.1061215596273316e+19,
        "t0": null,
        "t00": null,
        "Shape_Length": 0.01997198080352086
      }
    },
    {
      "type": "Feature",
      "id": 206,
      "geometry": {
        "type": "LineString",
        "coordinates": [
          [
            80.34036283415355,
            7.0578354157642185
          ],
          [
            80.34036326882168,
            7.057834733454073
          ]
        ]
      },
      "properties": {
        "OBJECTID": 206,
        "Entity": "Line",
        "Handle": "429BE",
        "Layer": "irrigation",
        "LyrFrzn": 0,
        "LyrOn": 1,
        "Color": 4,
        "Linetype": "Continuous",
        "Elevation": -7.158330198711258e-12,
        "LineWt": 25,
        "RefName": "",
        "DocUpdate": 1783359710000,
        "DocId": 1.1061215596273316e+19,
        "t0": null,
        "t00": null,
        "Shape_Length": 0.08941286315036605
      }
    },
    {
      "type": "Feature",
      "id": 207,
      "geometry": {
        "type": "LineString",
        "coordinates": [
          [
            80.34036268127291,
            7.057835318762836
          ],
          [
            80.34036311594103,
            7.057834636452691
          ]
        ]
      },
      "properties": {
        "OBJECTID": 207,
        "Entity": "Line",
        "Handle": "429BF",
        "Layer": "irrigation",
        "LyrFrzn": 0,
        "LyrOn": 1,
        "Color": 4,
        "Linetype": "Continuous",
        "Elevation": -7.158330198711258e-12,
        "LineWt": 25,
        "RefName": "",
        "DocUpdate": 1783359710000,
        "DocId": 1.1061215596273316e+19,
        "t0": null,
        "t00": null,
        "Shape_Length": 0.08941286315036605
      }
    },
    {
      "type": "Feature",
      "id": 208,
      "geometry": {
        "type": "LineString",
        "coordinates": [
          [
            80.34036311594103,
            7.057834636452691
          ],
          [
            80.34036326882168,
            7.057834733454073
          ]
        ]
      },
      "properties": {
        "OBJECTID": 208,
        "Entity": "Line",
        "Handle": "429C0",
        "Layer": "irrigation",
        "LyrFrzn": 0,
        "LyrOn": 1,
        "Color": 4,
        "Linetype": "Continuous",
        "Elevation": -1.4375875309405775e-11,
        "LineWt": 25,
        "RefName": "",
        "DocUpdate": 1783359710000,
        "DocId": 1.1061215596273316e+19,
        "t0": null,
        "t00": null,
        "Shape_Length": 0.020002500221727493
      }
    },
    {
      "type": "Feature",
      "id": 209,
      "geometry": {
        "type": "LineString",
        "coordinates": [
          [
            80.34036187887747,
            7.057834808375259
          ],
          [
            80.34036231445101,
            7.057834126066394
          ]
        ]
      },
      "properties": {
        "OBJECTID": 209,
        "Entity": "Line",
        "Handle": "429C1",
        "Layer": "irrigation",
        "LyrFrzn": 0,
        "LyrOn": 1,
        "Color": 4,
        "Linetype": "Continuous",
        "Elevation": -7.158330198711258e-12,
        "LineWt": 25,
        "RefName": "",
        "DocUpdate": 1783359710000,
        "DocId": 1.1061215596273316e+19,
        "t0": null,
        "t00": null,
        "Shape_Length": 0.08946647411823443
      }
    },
    {
      "type": "Feature",
      "id": 210,
      "geometry": {
        "type": "LineString",
        "coordinates": [
          [
            80.34036172599684,
            7.057834711373877
          ],
          [
            80.34036216157038,
            7.0578340290650114
          ]
        ]
      },
      "properties": {
        "OBJECTID": 210,
        "Entity": "Line",
        "Handle": "429C2",
        "Layer": "irrigation",
        "LyrFrzn": 0,
        "LyrOn": 1,
        "Color": 4,
        "Linetype": "Continuous",
        "Elevation": -7.158330198711258e-12,
        "LineWt": 25,
        "RefName": "",
        "DocUpdate": 1783359710000,
        "DocId": 1.1061215596273316e+19,
        "t0": null,
        "t00": null,
        "Shape_Length": 0.08946647411823443
      }
    },
    {
      "type": "Feature",
      "id": 211,
      "geometry": {
        "type": "LineString",
        "coordinates": [
          [
            80.34036216157038,
            7.0578340290650114
          ],
          [
            80.34036231445101,
            7.057834126066394
          ]
        ]
      },
      "properties": {
        "OBJECTID": 211,
        "Entity": "Line",
        "Handle": "429C3",
        "Layer": "irrigation",
        "LyrFrzn": 0,
        "LyrOn": 1,
        "Color": 4,
        "Linetype": "Continuous",
        "Elevation": -1.4375875309405775e-11,
        "LineWt": 25,
        "RefName": "",
        "DocUpdate": 1783359710000,
        "DocId": 1.1061215596273316e+19,
        "t0": null,
        "t00": null,
        "Shape_Length": 0.020002500221727493
      }
    },
    {
      "type": "Feature",
      "id": 212,
      "geometry": {
        "type": "LineString",
        "coordinates": [
          [
            80.34042044904531,
            7.0578581232413
          ],
          [
            80.3404166306555,
            7.057855694594248
          ]
        ]
      },
      "properties": {
        "OBJECTID": 212,
        "Entity": "Line",
        "Handle": "429C4",
        "Layer": "irrigation",
        "LyrFrzn": 0,
        "LyrOn": 1,
        "Color": 3,
        "Linetype": "Continuous",
        "Elevation": -1.8999999497335825e-15,
        "LineWt": 25,
        "RefName": "",
        "DocUpdate": 1783359710000,
        "DocId": 1.1061215596273316e+19,
        "t0": null,
        "t00": null,
        "Shape_Length": 0.4999388160028119
      }
    },
    {
      "type": "Feature",
      "id": 213,
      "geometry": {
        "type": "LineString",
        "coordinates": [
          [
            80.3404264910132,
            7.057858748672751
          ],
          [
            80.34041808892607,
            7.057853405466088
          ]
        ]
      },
      "properties": {
        "OBJECTID": 213,
        "Entity": "Line",
        "Handle": "429C5",
        "Layer": "irrigation",
        "LyrFrzn": 0,
        "LyrOn": 1,
        "Color": 6,
        "Linetype": "Continuous",
        "Elevation": -1.8999999497335825e-15,
        "LineWt": 25,
        "RefName": "",
        "DocUpdate": 1783359710000,
        "DocId": 1.1061215596273316e+19,
        "t0": null,
        "t00": null,
        "Shape_Length": 1.1000280899155073
      }
    },
    {
      "type": "Feature",
      "id": 214,
      "geometry": {
        "type": "LineString",
        "coordinates": [
          [
            80.34041808892607,
            7.057853405466088
          ],
          [
            80.3404166306555,
            7.057855694594248
          ]
        ]
      },
      "properties": {
        "OBJECTID": 214,
        "Entity": "Line",
        "Handle": "429C6",
        "Layer": "irrigation",
        "LyrFrzn": 0,
        "LyrOn": 1,
        "Color": 3,
        "Linetype": "Continuous",
        "Elevation": -1.8999999497335825e-15,
        "LineWt": 25,
        "RefName": "",
        "DocUpdate": 1783359710000,
        "DocId": 1.1061215596273316e+19,
        "t0": null,
        "t00": null,
        "Shape_Length": 0.2999756327692417
      }
    },
    {
      "type": "Feature",
      "id": 215,
      "geometry": {
        "type": "LineString",
        "coordinates": [
          [
            80.34042044904531,
            7.0578581232413
          ],
          [
            80.3404155860311,
            7.057865753364002
          ]
        ]
      },
      "properties": {
        "OBJECTID": 215,
        "Entity": "Line",
        "Handle": "429C7",
        "Layer": "irrigation",
        "LyrFrzn": 0,
        "LyrOn": 1,
        "Color": 3,
        "Linetype": "Continuous",
        "Elevation": -1.8999999497335825e-15,
        "LineWt": 25,
        "RefName": "",
        "DocUpdate": 1783359710000,
        "DocId": 1.1061215596273316e+19,
        "t0": null,
        "t00": null,
        "Shape_Length": 1.0000156496346637
      }
    },
    {
      "type": "Feature",
      "id": 216,
      "geometry": {
        "type": "LineString",
        "coordinates": [
          [
            80.3404264910132,
            7.057858748672751
          ],
          [
            80.34037666393752,
            7.057936929640104
          ]
        ]
      },
      "properties": {
        "OBJECTID": 216,
        "Entity": "Line",
        "Handle": "429C8",
        "Layer": "irrigation",
        "LyrFrzn": 0,
        "LyrOn": 1,
        "Color": 6,
        "Linetype": "Continuous",
        "Elevation": -1.8999999497335825e-15,
        "LineWt": 25,
        "RefName": "",
        "DocUpdate": 1783359710000,
        "DocId": 1.1061215596273316e+19,
        "t0": null,
        "t00": null,
        "Shape_Length": 10.246452255556637
      }
    },
    {
      "type": "Feature",
      "id": 217,
      "geometry": {
        "type": "LineString",
        "coordinates": [
          [
            80.34013942155225,
            7.058236797915263
          ],
          [
            80.34013971395291,
            7.058235666391503
          ],
          [
            80.34014019834467,
            7.058234602808508
          ],
          [
            80.34014086001802,
            7.058233639464056
          ],
          [
            80.34014167887997,
            7.058232805611988
          ],
          [
            80.34014263006416,
            7.058232126573851
          ],
          [
            80.34014368468604,
            7.058231622969969
          ],
          [
            80.34014481071993,
            7.058231310093259
          ],
          [
            80.34014597397162,
            7.058231197444832
          ],
          [
            80.3401471391167,
            7.058231288445479
          ]
        ]
      },
      "properties": {
        "OBJECTID": 217,
        "Entity": "Arc",
        "Handle": "429C9",
        "Layer": "irrigation",
        "LyrFrzn": 0,
        "LyrOn": 1,
        "Color": 7,
        "Linetype": "Continuous",
        "Elevation": 4.947083277145882e-15,
        "LineWt": 25,
        "RefName": "",
        "DocUpdate": 1783359710000,
        "DocId": 1.1061215596273316e+19,
        "t0": null,
        "t00": null,
        "Shape_Length": 1.1636189140900397
      }
    },
    {
      "type": "Feature",
      "id": 218,
      "geometry": {
        "type": "LineString",
        "coordinates": [
          [
            80.34014680854067,
            7.05823327162475
          ],
          [
            80.34014830848987,
            7.058233520683605
          ]
        ]
      },
      "properties": {
        "OBJECTID": 218,
        "Entity": "Line",
        "Handle": "429CA",
        "Layer": "irrigation",
        "LyrFrzn": 0,
        "LyrOn": 1,
        "Color": 7,
        "Linetype": "Continuous",
        "Elevation": 4.947083277145882e-15,
        "LineWt": 25,
        "RefName": "",
        "DocUpdate": 1783359710000,
        "DocId": 1.1061215596273316e+19,
        "t0": null,
        "t00": null,
        "Shape_Length": 0.16793385675904784
      }
    },
    {
      "type": "Feature",
      "id": 219,
      "geometry": {
        "type": "LineString",
        "coordinates": [
          [
            80.3401414066984,
            7.05823712816379
          ],
          [
            80.34014161134317,
            7.058236336141488
          ],
          [
            80.34014195037459,
            7.058235591670859
          ],
          [
            80.34014241349726,
            7.0582349173592105
          ],
          [
            80.34014298664758,
            7.05823433368334
          ],
          [
            80.34014365242072,
            7.058233858367708
          ],
          [
            80.34014439059915,
            7.0582335058462045
          ],
          [
            80.34014517876666,
            7.058233286823838
          ],
          [
            80.34014599298898,
            7.05823320795165
          ],
          [
            80.34014680854067,
            7.05823327162475
          ]
        ]
      },
      "properties": {
        "OBJECTID": 219,
        "Entity": "Arc",
        "Handle": "429CB",
        "Layer": "irrigation",
        "LyrFrzn": 0,
        "LyrOn": 1,
        "Color": 7,
        "Linetype": "Continuous",
        "Elevation": 4.947083277145882e-15,
        "LineWt": 25,
        "RefName": "",
        "DocUpdate": 1783359710000,
        "DocId": 1.1061215596273316e+19,
        "t0": null,
        "t00": null,
        "Shape_Length": 0.8144816303708788
      }
    },
    {
      "type": "Feature",
      "id": 220,
      "geometry": {
        "type": "LineString",
        "coordinates": [
          [
            80.34013732872319,
            7.058261349480548
          ],
          [
            80.34013792889884,
            7.0582576037425175
          ]
        ]
      },
      "properties": {
        "OBJECTID": 220,
        "Entity": "Line",
        "Handle": "429CC",
        "Layer": "irrigation",
        "LyrFrzn": 0,
        "LyrOn": 1,
        "Color": 7,
        "Linetype": "Continuous",
        "Elevation": 4.947083277145882e-15,
        "LineWt": 25,
        "RefName": "",
        "DocUpdate": 1783359710000,
        "DocId": 1.1061215596273316e+19,
        "t0": null,
        "t00": null,
        "Shape_Length": 0.41937826634523223
      }
    },
    {
      "type": "Feature",
      "id": 221,
      "geometry": {
        "type": "LineString",
        "coordinates": [
          [
            80.34013549466964,
            7.058256626116071
          ],
          [
            80.34013906650787,
            7.05825477505892
          ]
        ]
      },
      "properties": {
        "OBJECTID": 221,
        "Entity": "Line",
        "Handle": "429CD",
        "Layer": "irrigation",
        "LyrFrzn": 0,
        "LyrOn": 1,
        "Color": 7,
        "Linetype": "Continuous",
        "Elevation": 4.947083277145882e-15,
        "LineWt": 25,
        "RefName": "",
        "DocUpdate": 1783359710000,
        "DocId": 1.1061215596273316e+19,
        "t0": null,
        "t00": null,
        "Shape_Length": 0.4444104857852397
      }
    },
    {
      "type": "Feature",
      "id": 222,
      "geometry": {
        "type": "LineString",
        "coordinates": [
          [
            80.3401386701795,
            7.058257154331821
          ],
          [
            80.34013589099801,
            7.058254246843175
          ]
        ]
      },
      "properties": {
        "OBJECTID": 222,
        "Entity": "Line",
        "Handle": "429CE",
        "Layer": "irrigation",
        "LyrFrzn": 0,
        "LyrOn": 1,
        "Color": 7,
        "Linetype": "Continuous",
        "Elevation": 4.947083277145882e-15,
        "LineWt": 25,
        "RefName": "",
        "DocUpdate": 1783359710000,
        "DocId": 1.1061215596273316e+19,
        "t0": null,
        "t00": null,
        "Shape_Length": 0.44444995271651255
      }
    },
    {
      "type": "Feature",
      "id": 223,
      "geometry": {
        "type": "LineString",
        "coordinates": [
          [
            80.34014052181668,
            7.0582424347278
          ],
          [
            80.3401414066984,
            7.05823712816379
          ]
        ]
      },
      "properties": {
        "OBJECTID": 223,
        "Entity": "Line",
        "Handle": "429CF",
        "Layer": "irrigation",
        "LyrFrzn": 0,
        "LyrOn": 1,
        "Color": 7,
        "Linetype": "Continuous",
        "Elevation": 4.947083277145882e-15,
        "LineWt": 25,
        "RefName": "",
        "DocUpdate": 1783359710000,
        "DocId": 1.1061215596273316e+19,
        "t0": null,
        "t00": null,
        "Shape_Length": 0.5947468786741626
      }
    },
    {
      "type": "Feature",
      "id": 224,
      "geometry": {
        "type": "LineString",
        "coordinates": [
          [
            80.34013852479102,
            7.058242181348004
          ],
          [
            80.34013942155225,
            7.058236797915263
          ]
        ]
      },
      "properties": {
        "OBJECTID": 224,
        "Entity": "Line",
        "Handle": "429D0",
        "Layer": "irrigation",
        "LyrFrzn": 0,
        "LyrOn": 1,
        "Color": 7,
        "Linetype": "Continuous",
        "Elevation": 4.947083277145882e-15,
        "LineWt": 25,
        "RefName": "",
        "DocUpdate": 1783359710000,
        "DocId": 1.1061215596273316e+19,
        "t0": null,
        "t00": null,
        "Shape_Length": 0.603345116968922
      }
    },
    {
      "type": "Feature",
      "id": 225,
      "geometry": {
        "type": "LineString",
        "coordinates": [
          [
            80.3401353069881,
            7.058261281495589
          ],
          [
            80.34013595380078,
            7.058257211095221
          ]
        ]
      },
      "properties": {
        "OBJECTID": 225,
        "Entity": "Line",
        "Handle": "429D1",
        "Layer": "irrigation",
        "LyrFrzn": 0,
        "LyrOn": 1,
        "Color": 7,
        "Linetype": "Continuous",
        "Elevation": 4.947083277145882e-15,
        "LineWt": 25,
        "RefName": "",
        "DocUpdate": 1783359710000,
        "DocId": 1.1061215596273316e+19,
        "t0": null,
        "t00": null,
        "Shape_Length": 0.4556343371147765
      }
    },
    {
      "type": "Feature",
      "id": 226,
      "geometry": {
        "type": "LineString",
        "coordinates": [
          [
            80.3401471391167,
            7.058231288445479
          ],
          [
            80.34014863906462,
            7.058231538408865
          ]
        ]
      },
      "properties": {
        "OBJECTID": 226,
        "Entity": "Line",
        "Handle": "429D2",
        "Layer": "irrigation",
        "LyrFrzn": 0,
        "LyrOn": 1,
        "Color": 7,
        "Linetype": "Continuous",
        "Elevation": 4.947083277145882e-15,
        "LineWt": 25,
        "RefName": "",
        "DocUpdate": 1783359710000,
        "DocId": 1.1061215596273316e+19,
        "t0": null,
        "t00": null,
        "Shape_Length": 0.1679501421157407
      }
    },
    {
      "type": "Feature",
      "id": 227,
      "geometry": {
        "type": "LineString",
        "coordinates": [
          [
            80.34013658607863,
            7.0582538136487925
          ],
          [
            80.34013796591461,
            7.058245535480496
          ]
        ]
      },
      "properties": {
        "OBJECTID": 227,
        "Entity": "Line",
        "Handle": "429D3",
        "Layer": "irrigation",
        "LyrFrzn": 0,
        "LyrOn": 1,
        "Color": 7,
        "Linetype": "Continuous",
        "Elevation": 4.947083277145882e-15,
        "LineWt": 25,
        "RefName": "",
        "DocUpdate": 1783359710000,
        "DocId": 1.1061215596273316e+19,
        "t0": null,
        "t00": null,
        "Shape_Length": 0.9277868129902384
      }
    },
    {
      "type": "Feature",
      "id": 228,
      "geometry": {
        "type": "LineString",
        "coordinates": [
          [
            80.34013856939603,
            7.058254156558264
          ],
          [
            80.34013993737041,
            7.058245942595208
          ]
        ]
      },
      "properties": {
        "OBJECTID": 228,
        "Entity": "Line",
        "Handle": "429D4",
        "Layer": "irrigation",
        "LyrFrzn": 0,
        "LyrOn": 1,
        "Color": 7,
        "Linetype": "Continuous",
        "Elevation": 4.947083277145882e-15,
        "LineWt": 25,
        "RefName": "",
        "DocUpdate": 1783359710000,
        "DocId": 1.1061215596273316e+19,
        "t0": null,
        "t00": null,
        "Shape_Length": 0.9205698954161332
      }
    },
    {
      "type": "Feature",
      "id": 229,
      "geometry": {
        "type": "LineString",
        "coordinates": [
          [
            80.34013751763456,
            7.0582449604666
          ],
          [
            80.34014108947268,
            7.058243109409405
          ]
        ]
      },
      "properties": {
        "OBJECTID": 229,
        "Entity": "Line",
        "Handle": "429D5",
        "Layer": "irrigation",
        "LyrFrzn": 0,
        "LyrOn": 1,
        "Color": 7,
        "Linetype": "Continuous",
        "Elevation": 4.947083277145882e-15,
        "LineWt": 25,
        "RefName": "",
        "DocUpdate": 1783359710000,
        "DocId": 1.1061215596273316e+19,
        "t0": null,
        "t00": null,
        "Shape_Length": 0.44441048664528865
      }
    },
    {
      "type": "Feature",
      "id": 230,
      "geometry": {
        "type": "LineString",
        "coordinates": [
          [
            80.34014069314435,
            7.058245488682311
          ],
          [
            80.3401379139629,
            7.0582425811936975
          ]
        ]
      },
      "properties": {
        "OBJECTID": 230,
        "Entity": "Line",
        "Handle": "429D6",
        "Layer": "irrigation",
        "LyrFrzn": 0,
        "LyrOn": 1,
        "Color": 7,
        "Linetype": "Continuous",
        "Elevation": 4.947083277145882e-15,
        "LineWt": 25,
        "RefName": "",
        "DocUpdate": 1783359710000,
        "DocId": 1.1061215596273316e+19,
        "t0": null,
        "t00": null,
        "Shape_Length": 0.4444499513712338
      }
    },
    {
      "type": "Feature",
      "id": 231,
      "geometry": {
        "type": "LineString",
        "coordinates": [
          [
            80.34014086307928,
            7.058268700211344
          ],
          [
            80.34013973572802,
            7.058268410897237
          ],
          [
            80.34013867543939,
            7.058267930885196
          ],
          [
            80.34013771419771,
            7.058267274655098
          ],
          [
            80.34013688099944,
            7.058266462002547
          ],
          [
            80.34013620097856,
            7.058265517441739
          ],
          [
            80.34013569464832,
            7.058264469465964
          ],
          [
            80.34013537728254,
            7.058263349688093
          ],
          [
            80.34013525845474,
            7.058262191886954
          ],
          [
            80.34013534174943,
            7.058261030988373
          ]
        ]
      },
      "properties": {
        "OBJECTID": 231,
        "Entity": "Arc",
        "Handle": "429D7",
        "Layer": "irrigation",
        "LyrFrzn": 0,
        "LyrOn": 1,
        "Color": 7,
        "Linetype": "Continuous",
        "Elevation": 4.947083277145882e-15,
        "LineWt": 25,
        "RefName": "",
        "DocUpdate": 1783359710000,
        "DocId": 1.1061215596273316e+19,
        "t0": null,
        "t00": null,
        "Shape_Length": 1.15904640346192
      }
    },
    {
      "type": "Feature",
      "id": 232,
      "geometry": {
        "type": "LineString",
        "coordinates": [
          [
            80.34014119365409,
            7.058266717936619
          ],
          [
            80.3401404045082,
            7.05826651541674
          ],
          [
            80.34013966230617,
            7.058266179408309
          ],
          [
            80.340138989437,
            7.05826572004724
          ],
          [
            80.34013840619821,
            7.058265151190456
          ],
          [
            80.34013793018359,
            7.058264489997893
          ],
          [
            80.34013757575244,
            7.0582637564148545
          ],
          [
            80.34013735359638,
            7.058262972570348
          ],
          [
            80.3401372704169,
            7.058262162109553
          ],
          [
            80.34013732872319,
            7.058261349480548
          ]
        ]
      },
      "properties": {
        "OBJECTID": 232,
        "Entity": "Arc",
        "Handle": "429D8",
        "Layer": "irrigation",
        "LyrFrzn": 0,
        "LyrOn": 1,
        "Color": 7,
        "Linetype": "Continuous",
        "Elevation": 4.947083277145882e-15,
        "LineWt": 25,
        "RefName": "",
        "DocUpdate": 1783359710000,
        "DocId": 1.1061215596273316e+19,
        "t0": null,
        "t00": null,
        "Shape_Length": 0.8113324820654687
      }
    },
    {
      "type": "Feature",
      "id": 233,
      "geometry": {
        "type": "LineString",
        "coordinates": [
          [
            80.34014086307928,
            7.058268700211344
          ],
          [
            80.3401424028573,
            7.058268956562811
          ]
        ]
      },
      "properties": {
        "OBJECTID": 233,
        "Entity": "Line",
        "Handle": "429D9",
        "Layer": "irrigation",
        "LyrFrzn": 0,
        "LyrOn": 1,
        "Color": 7,
        "Linetype": "Continuous",
        "Elevation": 4.947083277145882e-15,
        "LineWt": 25,
        "RefName": "",
        "DocUpdate": 1783359710000,
        "DocId": 1.1061215596273316e+19,
        "t0": null,
        "t00": null,
        "Shape_Length": 0.17240539391563867
      }
    },
    {
      "type": "Feature",
      "id": 234,
      "geometry": {
        "type": "LineString",
        "coordinates": [
          [
            80.34014119365409,
            7.058266717936619
          ],
          [
            80.34014273343338,
            7.058266973383553
          ]
        ]
      },
      "properties": {
        "OBJECTID": 234,
        "Entity": "Line",
        "Handle": "429DA",
        "Layer": "irrigation",
        "LyrFrzn": 0,
        "LyrOn": 1,
        "Color": 7,
        "Linetype": "Continuous",
        "Elevation": 4.947083277145882e-15,
        "LineWt": 25,
        "RefName": "",
        "DocUpdate": 1783359710000,
        "DocId": 1.1061215596273316e+19,
        "t0": null,
        "t00": null,
        "Shape_Length": 0.17238912338356238
      }
    },
    {
      "type": "Feature",
      "id": 235,
      "geometry": {
        "type": "LineString",
        "coordinates": [
          [
            80.34011882399217,
            7.058272497950814
          ],
          [
            80.34019026381829,
            7.058284450177752
          ]
        ]
      },
      "properties": {
        "OBJECTID": 235,
        "Entity": "Line",
        "Handle": "429DB",
        "Layer": "irrigation",
        "LyrFrzn": 0,
        "LyrOn": 1,
        "Color": 7,
        "Linetype": "Continuous",
        "Elevation": -3.0545623347214595e-12,
        "LineWt": 25,
        "RefName": "",
        "DocUpdate": 1783359710000,
        "DocId": 1.1061215596273316e+19,
        "t0": null,
        "t00": null,
        "Shape_Length": 8.000018002502168
      }
    },
    {
      "type": "Feature",
      "id": 236,
      "geometry": {
        "type": "LineString",
        "coordinates": [
          [
            80.34040725357328,
            7.057863670202161
          ],
          [
            80.34040871274935,
            7.057861381075316
          ]
        ]
      },
      "properties": {
        "OBJECTID": 236,
        "Entity": "Line",
        "Handle": "429DC",
        "Layer": "irrigation",
        "LyrFrzn": 0,
        "LyrOn": 1,
        "Color": 3,
        "Linetype": "Continuous",
        "Elevation": -1.8999999497335825e-15,
        "LineWt": 25,
        "RefName": "",
        "DocUpdate": 1783359710000,
        "DocId": 1.1061215596273316e+19,
        "t0": null,
        "t00": null,
        "Shape_Length": 0.30002921507967667
      }
    },
    {
      "type": "Feature",
      "id": 237,
      "geometry": {
        "type": "LineString",
        "coordinates": [
          [
            80.34036142837802,
            7.057834521905305
          ],
          [
            80.34036288664876,
            7.057832232777335
          ]
        ]
      },
      "properties": {
        "OBJECTID": 237,
        "Entity": "Line",
        "Handle": "429DD",
        "Layer": "irrigation",
        "LyrFrzn": 0,
        "LyrOn": 1,
        "Color": 3,
        "Linetype": "Continuous",
        "Elevation": -1.8999999497335825e-15,
        "LineWt": 25,
        "RefName": "",
        "DocUpdate": 1783359710000,
        "DocId": 1.1061215596273316e+19,
        "t0": null,
        "t00": null,
        "Shape_Length": 0.2999756322703227
      }
    },
    {
      "type": "Feature",
      "id": 238,
      "geometry": {
        "type": "LineString",
        "coordinates": [
          [
            80.34036615394677,
            7.057820370791218
          ],
          [
            80.34041808892607,
            7.057853405466088
          ]
        ]
      },
      "properties": {
        "OBJECTID": 238,
        "Entity": "Line",
        "Handle": "429DE",
        "Layer": "irrigation",
        "LyrFrzn": 0,
        "LyrOn": 1,
        "Color": 1,
        "Linetype": "Continuous",
        "Elevation": -1.8999999497335825e-15,
        "LineWt": 25,
        "RefName": "",
        "DocUpdate": 1783359710000,
        "DocId": 1.1061215596273316e+19,
        "t0": null,
        "t00": null,
        "Shape_Length": 6.799923911930592
      }
    },
    {
      "type": "Feature",
      "id": 239,
      "geometry": {
        "type": "LineString",
        "coordinates": [
          [
            80.34015096925648,
            7.058190269551444
          ],
          [
            80.34018668916467,
            7.058196244758728
          ]
        ]
      },
      "properties": {
        "OBJECTID": 239,
        "Entity": "Line",
        "Handle": "429DF",
        "Layer": "irrigation",
        "LyrFrzn": 0,
        "LyrOn": 1,
        "Color": 1,
        "Linetype": "Continuous",
        "Elevation": -1.6701106073676954e-21,
        "LineWt": 25,
        "RefName": "",
        "DocUpdate": 1783359710000,
        "DocId": 1.1061215596273316e+19,
        "t0": null,
        "t00": null,
        "Shape_Length": 3.9999926256441074
      }
    },
    {
      "type": "Feature",
      "id": 240,
      "geometry": {
        "type": "LineString",
        "coordinates": [
          [
            80.34018991988977,
            7.058187835335485
          ],
          [
            80.34015936914653,
            7.0581684025190565
          ]
        ]
      },
      "properties": {
        "OBJECTID": 240,
        "Entity": "Line",
        "Handle": "429E0",
        "Layer": "irrigation",
        "LyrFrzn": 0,
        "LyrOn": 1,
        "Color": 1,
        "Linetype": "Continuous",
        "Elevation": -1.6701106073676954e-21,
        "LineWt": 25,
        "RefName": "",
        "DocUpdate": 1783359710000,
        "DocId": 1.1061215596273316e+19,
        "t0": null,
        "t00": null,
        "Shape_Length": 4.000062599536831
      }
    }
  ]
}