{
  "type": "FeatureCollection",
  "features": [
    {
      "type": "Feature",
      "id": 1,
      "geometry": {
        "type": "MultiLineString",
        "coordinates": [
          [
            [
              80.35381931069593,
              7.065422334247794
            ],
            [
              80.35376208877781,
              7.065434902188102
            ]
          ],
          [
            [
              80.35377116182305,
              7.065437189675774
            ],
            [
              80.35376208877781,
              7.065434902188102
            ],
            [
              80.35376936498189,
              7.065429023732184
            ]
          ],
          [
            [
              80.35380386032016,
              7.0654300086423225
            ],
            [
              80.3537947872761,
              7.065427720250733
            ],
            [
              80.35380206257425,
              7.065421841793017
            ]
          ],
          [
            [
              80.35381203449253,
              7.065428212704559
            ],
            [
              80.3538029614472,
              7.065425925217663
            ],
            [
              80.35381023765066,
              7.065420046761062
            ]
          ],
          [
            [
              80.3538202086636,
              7.065426417671164
            ],
            [
              80.3538111356195,
              7.065424129279907
            ],
            [
              80.35381841182284,
              7.06541825082315
            ]
          ]
        ]
      },
      "properties": {
        "OBJECTID": 1,
        "Entity": "Insert",
        "Handle": "18D52",
        "Layer": "0",
        "LyrFrzn": 0,
        "LyrOn": 1,
        "Color": 7,
        "Linetype": "Continuous",
        "Elevation": -100.6104908369852,
        "LineWt": 25,
        "RefName": "ARROW",
        "DocUpdate": 1783359710000,
        "DocId": 1.1061215596273316e+19,
        "t0": null,
        "t00": null,
        "Shape_Length": 14.73852759912068
      }
    },
    {
      "type": "Feature",
      "id": 2,
      "geometry": {
        "type": "MultiLineString",
        "coordinates": [
          [
            [
              80.35930020991263,
              7.062258511743344
            ],
            [
              80.35923736198761,
              7.062215867769043
            ]
          ],
          [
            [
              80.35924329166848,
              7.062226444545895
            ],
            [
              80.35923736198761,
              7.062215867769043
            ],
            [
              80.35924938950146,
              7.0622174753743066
            ]
          ],
          [
            [
              80.35927920425092,
              7.0622508124018335
            ],
            [
              80.35927327456895,
              7.062240235625347
            ],
            [
              80.3592853020836,
              7.06224184322975
            ]
          ],
          [
            [
              80.35928818239744,
              7.062256904139301
            ],
            [
              80.35928225362063,
              7.06224632736415
            ],
            [
              80.35929428023007,
              7.062247934967093
            ]
          ],
          [
            [
              80.35929716054423,
              7.062262995876615
            ],
            [
              80.35929123176713,
              7.062252419101556
            ],
            [
              80.35930325837678,
              7.062254026704285
            ]
          ]
        ]
      },
      "properties": {
        "OBJECTID": 2,
        "Entity": "Insert",
        "Handle": "18D53",
        "Layer": "0",
        "LyrFrzn": 0,
        "LyrOn": 1,
        "Color": 7,
        "Linetype": "Continuous",
        "Elevation": -63.99,
        "LineWt": 25,
        "RefName": "ARROW",
        "DocUpdate": 1783359710000,
        "DocId": 1.1061215596273316e+19,
        "t0": null,
        "t00": null,
        "Shape_Length": 19.11208246888864
      }
    },
    {
      "type": "Feature",
      "id": 3,
      "geometry": {
        "type": "MultiLineString",
        "coordinates": [
          [
            [
              80.36150626612854,
              7.063279332236541
            ],
            [
              80.3614394620906,
              7.063243186751444
            ]
          ],
          [
            [
              80.36144642130847,
              7.063253117264947
            ],
            [
              80.3614394620906,
              7.063243186751444
            ],
            [
              80.3614515899984,
              7.0632435832623806
            ]
          ],
          [
            [
              80.36148459465686,
              7.063273771311036
            ],
            [
              80.36147763634334,
              7.06326384079925
            ],
            [
              80.36148976425054,
              7.0632642382137805
            ]
          ],
          [
            [
              80.36149413821964,
              7.063278935726956
            ],
            [
              80.36148717990584,
              7.063269005215306
            ],
            [
              80.36149930781444,
              7.063269401725049
            ]
          ],
          [
            [
              80.3615036817839,
              7.063284099238163
            ],
            [
              80.3614967234698,
              7.0632741687266325
            ],
            [
              80.36150885137857,
              7.063274565236139
            ]
          ]
        ]
      },
      "properties": {
        "OBJECTID": 3,
        "Entity": "Insert",
        "Handle": "18D54",
        "Layer": "0",
        "LyrFrzn": 0,
        "LyrOn": 1,
        "Color": 7,
        "Linetype": "Continuous",
        "Elevation": -63.99,
        "LineWt": 25,
        "RefName": "ARROW",
        "DocUpdate": 1783359710000,
        "DocId": 1.1061215596273316e+19,
        "t0": null,
        "t00": null,
        "Shape_Length": 19.11177472653199
      }
    },
    {
      "type": "Feature",
      "id": 4,
      "geometry": {
        "type": "MultiLineString",
        "coordinates": [
          [
            [
              80.35566819860061,
              7.065178191019347
            ],
            [
              80.3557023889696,
              7.065130661370083
            ]
          ],
          [
            [
              80.35569410623818,
              7.065135011607713
            ],
            [
              80.3557023889696,
              7.065130661370083
            ],
            [
              80.35570090302511,
              7.065139891032626
            ]
          ],
          [
            [
              80.35567456888468,
              7.065162171407275
            ],
            [
              80.35568285161678,
              7.065157821170056
            ],
            [
              80.35568136567176,
              7.065167050832482
            ]
          ],
          [
            [
              80.35566968454594,
              7.065168961356994
            ],
            [
              80.3556779672782,
              7.065164611119898
            ],
            [
              80.35567648133305,
              7.065173840782276
            ]
          ],
          [
            [
              80.35566480020704,
              7.0651757513066675
            ],
            [
              80.35567308293948,
              7.065171401069654
            ],
            [
              80.3556715969942,
              7.065180630732022
            ]
          ]
        ]
      },
      "properties": {
        "OBJECTID": 4,
        "Entity": "Insert",
        "Handle": "18D55",
        "Layer": "0",
        "LyrFrzn": 0,
        "LyrOn": 1,
        "Color": 7,
        "Linetype": "Continuous",
        "Elevation": 43.8895091630148,
        "LineWt": 25,
        "RefName": "ARROW",
        "DocUpdate": 1783359710000,
        "DocId": 1.1061215596273316e+19,
        "t0": null,
        "t00": null,
        "Shape_Length": 14.738549988518562
      }
    },
    {
      "type": "Feature",
      "id": 5,
      "geometry": {
        "type": "MultiLineString",
        "coordinates": [
          [
            [
              80.35592905463177,
              7.063995477016618
            ],
            [
              80.35592402861046,
              7.063937163544213
            ]
          ],
          [
            [
              80.35592057679351,
              7.0639458531979304
            ],
            [
              80.35592402861046,
              7.063937163544213
            ],
            [
              80.35592891604428,
              7.063945135657369
            ]
          ],
          [
            [
              80.35592344893507,
              7.063979174923897
            ],
            [
              80.35592690075102,
              7.063970486174723
            ],
            [
              80.35593178818644,
              7.063978457383339
            ]
          ],
          [
            [
              80.35592416719624,
              7.063987505807968
            ],
            [
              80.35592761810804,
              7.0639788161530115
            ],
            [
              80.3559325055423,
              7.063986788266161
            ]
          ],
          [
            [
              80.35592488455322,
              7.063995835786253
            ],
            [
              80.35592833636927,
              7.063987147037083
            ],
            [
              80.35593322380487,
              7.063995118245696
            ]
          ]
        ]
      },
      "properties": {
        "OBJECTID": 5,
        "Entity": "Insert",
        "Handle": "18D56",
        "Layer": "0",
        "LyrFrzn": 0,
        "LyrOn": 1,
        "Color": 7,
        "Linetype": "Continuous",
        "Elevation": 18.8895091630148,
        "LineWt": 25,
        "RefName": "ARROW",
        "DocUpdate": 1783359710000,
        "DocId": 1.1061215596273316e+19,
        "t0": null,
        "t00": null,
        "Shape_Length": 14.738470393213506
      }
    },
    {
      "type": "Feature",
      "id": 6,
      "geometry": {
        "type": "MultiLineString",
        "coordinates": [
          [
            [
              80.35437320750033,
              7.066386095149121
            ],
            [
              80.35438741495304,
              7.066329312563005
            ]
          ],
          [
            [
              80.35438132499948,
              7.066336411083003
            ],
            [
              80.35438741495304,
              7.066329312563005
            ],
            [
              80.35438944498694,
              7.066338438542734
            ]
          ],
          [
            [
              80.35437320697363,
              7.0663688573712005
            ],
            [
              80.3543792960211,
              7.066361759754632
            ],
            [
              80.35438132696034,
              7.066370885735652
            ]
          ],
          [
            [
              80.35437117656122,
              7.06637696916808
            ],
            [
              80.35437726651425,
              7.066369871552808
            ],
            [
              80.35437929654803,
              7.0663789975325795
            ]
          ],
          [
            [
              80.35436914705414,
              7.066385080966196
            ],
            [
              80.35437523700733,
              7.066377983350982
            ],
            [
              80.35437726704109,
              7.0663871093307415
            ]
          ]
        ]
      },
      "properties": {
        "OBJECTID": 6,
        "Entity": "Insert",
        "Handle": "18D57",
        "Layer": "0",
        "LyrFrzn": 0,
        "LyrOn": 1,
        "Color": 7,
        "Linetype": "Continuous",
        "Elevation": 57.3895091630148,
        "LineWt": 25,
        "RefName": "ARROW",
        "DocUpdate": 1783359710000,
        "DocId": 1.1061215596273316e+19,
        "t0": null,
        "t00": null,
        "Shape_Length": 14.738704491567574
      }
    },
    {
      "type": "Feature",
      "id": 7,
      "geometry": {
        "type": "LineString",
        "coordinates": [
          [
            80.3538660339443,
            7.0649154688928375
          ],
          [
            80.35380273549929,
            7.064876821660401
          ],
          [
            80.3537433309292,
            7.064832421223817
          ],
          [
            80.35368834147104,
            7.064782657168439
          ],
          [
            80.35363824962205,
            7.064727966141938
          ],
          [
            80.35359349490605,
            7.064668828022995
          ],
          [
            80.35355447001699,
            7.064605761710675
          ],
          [
            80.35352151737324,
            7.064539320571422
          ]
        ]
      },
      "properties": {
        "OBJECTID": 7,
        "Entity": "Arc",
        "Handle": "18F56",
        "Layer": "0",
        "LyrFrzn": 0,
        "LyrOn": 1,
        "Color": 1,
        "Linetype": "Continuous",
        "Elevation": -58.089999999999996,
        "LineWt": 25,
        "RefName": "",
        "DocUpdate": 1783359710000,
        "DocId": 1.1061215596273316e+19,
        "t0": null,
        "t00": null,
        "Shape_Length": 57.388308356532846
      }
    },
    {
      "type": "Feature",
      "id": 8,
      "geometry": {
        "type": "LineString",
        "coordinates": [
          [
            80.35382292990424,
            7.064937770240532
          ],
          [
            80.35376529047207,
            7.06490041358186
          ],
          [
            80.35371092683921,
            7.06485843240141
          ],
          [
            80.3536602090916,
            7.064812112490298
          ],
          [
            80.35361348249539,
            7.064761769175988
          ],
          [
            80.35357106514661,
            7.064707745175663
          ],
          [
            80.35353324580564,
            7.06465040826315
          ],
          [
            80.35350028193143,
            7.06459014876526
          ]
        ]
      },
      "properties": {
        "OBJECTID": 8,
        "Entity": "Arc",
        "Handle": "18F57",
        "Layer": "0",
        "LyrFrzn": 0,
        "LyrOn": 1,
        "Color": 1,
        "Linetype": "Continuous",
        "Elevation": -58.089999999999996,
        "LineWt": 25,
        "RefName": "",
        "DocUpdate": 1783359710000,
        "DocId": 1.1061215596273316e+19,
        "t0": null,
        "t00": null,
        "Shape_Length": 53.145068342908964
      }
    },
    {
      "type": "Feature",
      "id": 9,
      "geometry": {
        "type": "LineString",
        "coordinates": [
          [
            80.35378526604613,
            7.06493576424347
          ],
          [
            80.35372683706706,
            7.064894478007107
          ],
          [
            80.35367208439789,
            7.06484842755513
          ],
          [
            80.35362139540973,
            7.064797938691115
          ],
          [
            80.35357512872349,
            7.064743368620076
          ],
          [
            80.35353361167257,
            7.064685103421269
          ],
          [
            80.35349713798708,
            7.064623555316708
          ]
        ]
      },
      "properties": {
        "OBJECTID": 9,
        "Entity": "Arc",
        "Handle": "18F58",
        "Layer": "0",
        "LyrFrzn": 0,
        "LyrOn": 1,
        "Color": 1,
        "Linetype": "Continuous",
        "Elevation": -58.089999999999996,
        "LineWt": 25,
        "RefName": "",
        "DocUpdate": 1783359710000,
        "DocId": 1.1061215596273316e+19,
        "t0": null,
        "t00": null,
        "Shape_Length": 47.4485406305334
      }
    },
    {
      "type": "Feature",
      "id": 10,
      "geometry": {
        "type": "LineString",
        "coordinates": [
          [
            80.35365538704602,
            7.064906217508208
          ],
          [
            80.3536055364267,
            7.064859835068842
          ],
          [
            80.35355931518053,
            7.06480983495554
          ],
          [
            80.35351698509726,
            7.064756500360963
          ],
          [
            80.35347878592773,
            7.064700133363746
          ]
        ]
      },
      "properties": {
        "OBJECTID": 10,
        "Entity": "Arc",
        "Handle": "18F59",
        "Layer": "0",
        "LyrFrzn": 0,
        "LyrOn": 1,
        "Color": 1,
        "Linetype": "Continuous",
        "Elevation": -58.089999999999996,
        "LineWt": 25,
        "RefName": "",
        "DocUpdate": 1783359710000,
        "DocId": 1.1061215596273316e+19,
        "t0": null,
        "t00": null,
        "Shape_Length": 30.105238849022342
      }
    },
    {
      "type": "Feature",
      "id": 11,
      "geometry": {
        "type": "LineString",
        "coordinates": [
          [
            80.35370394259182,
            7.064922525785752
          ],
          [
            80.35364510500466,
            7.064872793889722
          ],
          [
            80.35359080605492,
            7.064818142748809
          ],
          [
            80.35354145559009,
            7.064758984868812
          ],
          [
            80.35349742610656,
            7.064695766772316
          ]
        ]
      },
      "properties": {
        "OBJECTID": 11,
        "Entity": "Arc",
        "Handle": "18F5A",
        "Layer": "0",
        "LyrFrzn": 0,
        "LyrOn": 1,
        "Color": 1,
        "Linetype": "Continuous",
        "Elevation": -58.089999999999996,
        "LineWt": 25,
        "RefName": "",
        "DocUpdate": 1783359710000,
        "DocId": 1.1061215596273316e+19,
        "t0": null,
        "t00": null,
        "Shape_Length": 34.063316688370556
      }
    },
    {
      "type": "Feature",
      "id": 12,
      "geometry": {
        "type": "LineString",
        "coordinates": [
          [
            80.3537454270325,
            7.064930692463873
          ],
          [
            80.3536863406259,
            7.0648850479528775
          ],
          [
            80.35363139212566,
            7.0648344981047195
          ],
          [
            80.35358098748412,
            7.0647794163750905
          ],
          [
            80.3535354990842,
            7.064720209700628
          ],
          [
            80.35349526298828,
            7.064657315492526
          ]
        ]
      },
      "properties": {
        "OBJECTID": 12,
        "Entity": "Arc",
        "Handle": "18F5B",
        "Layer": "0",
        "LyrFrzn": 0,
        "LyrOn": 1,
        "Color": 1,
        "Linetype": "Continuous",
        "Elevation": -58.089999999999996,
        "LineWt": 25,
        "RefName": "",
        "DocUpdate": 1783359710000,
        "DocId": 1.1061215596273316e+19,
        "t0": null,
        "t00": null,
        "Shape_Length": 41.26537358553245
      }
    },
    {
      "type": "Feature",
      "id": 13,
      "geometry": {
        "type": "LineString",
        "coordinates": [
          [
            80.3538810950959,
            7.064897913688872
          ],
          [
            80.35381885418084,
            7.064860403009736
          ],
          [
            80.35376043127026,
            7.064817185581832
          ],
          [
            80.35370634791441,
            7.064768647213754
          ],
          [
            80.35365708692369,
            7.064715221214941
          ],
          [
            80.35361308805851,
            7.064657384527465
          ],
          [
            80.35357474410347,
            7.064595653468288
          ],
          [
            80.35354239736091,
            7.064530579120023
          ]
        ]
      },
      "properties": {
        "OBJECTID": 13,
        "Entity": "LWPolyline",
        "Handle": "18F5C",
        "Layer": "0",
        "LyrFrzn": 0,
        "LyrOn": 1,
        "Color": 3,
        "Linetype": "Continuous",
        "Elevation": -58.089999999999996,
        "LineWt": 25,
        "RefName": "",
        "DocUpdate": 1783359710000,
        "DocId": 1.1061215596273316e+19,
        "t0": null,
        "t00": null,
        "Shape_Length": 56.232700497291695
      }
    },
    {
      "type": "Feature",
      "id": 14,
      "geometry": {
        "type": "LineString",
        "coordinates": [
          [
            80.35387691484345,
            7.064869727021669
          ],
          [
            80.35382214185022,
            7.064835282933389
          ],
          [
            80.35377055715874,
            7.064796225339854
          ],
          [
            80.35372254828424,
            7.0647528476500225
          ],
          [
            80.35367847587958,
            7.064705475726336
          ],
          [
            80.35363867102605,
            7.0646544654367665
          ],
          [
            80.35360343274618,
            7.064600199981469
          ],
          [
            80.35357302575744,
            7.064543087014098
          ]
        ]
      },
      "properties": {
        "OBJECTID": 14,
        "Entity": "Arc",
        "Handle": "18F5D",
        "Layer": "0",
        "LyrFrzn": 0,
        "LyrOn": 1,
        "Color": 1,
        "Linetype": "Continuous",
        "Elevation": -58.089999999999996,
        "LineWt": 25,
        "RefName": "",
        "DocUpdate": 1783359710000,
        "DocId": 1.1061215596273316e+19,
        "t0": null,
        "t00": null,
        "Shape_Length": 50.06435376006668
      }
    },
    {
      "type": "Feature",
      "id": 15,
      "geometry": {
        "type": "LineString",
        "coordinates": [
          [
            80.35387184233761,
            7.064840515181325
          ],
          [
            80.35381547409767,
            7.064802690923162
          ],
          [
            80.35376289677532,
            7.064759752849691
          ],
          [
            80.35371457272349,
            7.064712078548501
          ],
          [
            80.35367092689285,
            7.0646600872564855
          ],
          [
            80.3536323430948,
            7.064604236173166
          ],
          [
            80.35359916062647,
            7.064545016440183
          ]
        ]
      },
      "properties": {
        "OBJECTID": 15,
        "Entity": "Arc",
        "Handle": "18F5E",
        "Layer": "0",
        "LyrFrzn": 0,
        "LyrOn": 1,
        "Color": 1,
        "Linetype": "Continuous",
        "Elevation": -58.089999999999996,
        "LineWt": 25,
        "RefName": "",
        "DocUpdate": 1783359710000,
        "DocId": 1.1061215596273316e+19,
        "t0": null,
        "t00": null,
        "Shape_Length": 45.02371221972673
      }
    },
    {
      "type": "Feature",
      "id": 16,
      "geometry": {
        "type": "LineString",
        "coordinates": [
          [
            80.35386256053758,
            7.064807947100266
          ],
          [
            80.35380604736218,
            7.064766797523243
          ],
          [
            80.35375391203218,
            7.064720225707228
          ],
          [
            80.35370667265708,
            7.06466869447278
          ],
          [
            80.35366479869154,
            7.064612715926071
          ],
          [
            80.35362870626987,
            7.064552846369695
          ]
        ]
      },
      "properties": {
        "OBJECTID": 16,
        "Entity": "Arc",
        "Handle": "18F5F",
        "Layer": "0",
        "LyrFrzn": 0,
        "LyrOn": 1,
        "Color": 1,
        "Linetype": "Continuous",
        "Elevation": -58.089999999999996,
        "LineWt": 25,
        "RefName": "",
        "DocUpdate": 1783359710000,
        "DocId": 1.1061215596273316e+19,
        "t0": null,
        "t00": null,
        "Shape_Length": 38.64078958148004
      }
    },
    {
      "type": "Feature",
      "id": 17,
      "geometry": {
        "type": "LineString",
        "coordinates": [
          [
            80.35385620658208,
            7.0647763011820235
          ],
          [
            80.35380920944561,
            7.064740079533206
          ],
          [
            80.35376555595428,
            7.064699891084948
          ],
          [
            80.35372557983175,
            7.064656043071241
          ],
          [
            80.35368958668882,
            7.064608870702844
          ],
          [
            80.35365785168705,
            7.0645587346046534
          ]
        ]
      },
      "properties": {
        "OBJECTID": 17,
        "Entity": "Arc",
        "Handle": "18F60",
        "Layer": "0",
        "LyrFrzn": 0,
        "LyrOn": 1,
        "Color": 1,
        "Linetype": "Continuous",
        "Elevation": -58.089999999999996,
        "LineWt": 25,
        "RefName": "",
        "DocUpdate": 1783359710000,
        "DocId": 1.1061215596273316e+19,
        "t0": null,
        "t00": null,
        "Shape_Length": 32.79444699997768
      }
    },
    {
      "type": "Feature",
      "id": 18,
      "geometry": {
        "type": "LineString",
        "coordinates": [
          [
            80.35385433855839,
            7.064747016896226
          ],
          [
            80.35380634163263,
            7.064707538203343
          ],
          [
            80.35376229591121,
            7.064663694771715
          ],
          [
            80.35372259669381,
            7.064615880085563
          ],
          [
            80.35368760027136,
            7.064564523270158
          ]
        ]
      },
      "properties": {
        "OBJECTID": 18,
        "Entity": "Arc",
        "Handle": "18F61",
        "Layer": "0",
        "LyrFrzn": 0,
        "LyrOn": 1,
        "Color": 1,
        "Linetype": "Continuous",
        "Elevation": -58.089999999999996,
        "LineWt": 25,
        "RefName": "",
        "DocUpdate": 1783359710000,
        "DocId": 1.1061215596273316e+19,
        "t0": null,
        "t00": null,
        "Shape_Length": 27.480121411671583
      }
    },
    {
      "type": "Feature",
      "id": 19,
      "geometry": {
        "type": "LineString",
        "coordinates": [
          [
            80.3538614727773,
            7.064724051522018
          ],
          [
            80.35382045033468,
            7.064689790309717
          ],
          [
            80.35378246239273,
            7.064652192600576
          ],
          [
            80.35374777943763,
            7.06461152610219
          ],
          [
            80.35371664842297,
            7.064568080372903
          ]
        ]
      },
      "properties": {
        "OBJECTID": 19,
        "Entity": "Arc",
        "Handle": "18F62",
        "Layer": "0",
        "LyrFrzn": 0,
        "LyrOn": 1,
        "Color": 1,
        "Linetype": "Continuous",
        "Elevation": -58.089999999999996,
        "LineWt": 25,
        "RefName": "",
        "DocUpdate": 1783359710000,
        "DocId": 1.1061215596273316e+19,
        "t0": null,
        "t00": null,
        "Shape_Length": 23.631452979420818
      }
    },
    {
      "type": "Feature",
      "id": 20,
      "geometry": {
        "type": "LineString",
        "coordinates": [
          [
            80.35386831685712,
            7.064700718503225
          ],
          [
            80.35382445220337,
            7.064662586538467
          ],
          [
            80.35378441053585,
            7.064620457932428
          ],
          [
            80.3537485544221,
            7.064574714149351
          ]
        ]
      },
      "properties": {
        "OBJECTID": 20,
        "Entity": "Arc",
        "Handle": "18F63",
        "Layer": "0",
        "LyrFrzn": 0,
        "LyrOn": 1,
        "Color": 1,
        "Linetype": "Continuous",
        "Elevation": -58.089999999999996,
        "LineWt": 25,
        "RefName": "",
        "DocUpdate": 1783359710000,
        "DocId": 1.1061215596273316e+19,
        "t0": null,
        "t00": null,
        "Shape_Length": 19.274869255824196
      }
    },
    {
      "type": "Feature",
      "id": 21,
      "geometry": {
        "type": "LineString",
        "coordinates": [
          [
            80.35385660404248,
            7.064936091046295
          ],
          [
            80.3538660339443,
            7.0649154688928375
          ],
          [
            80.3538810950959,
            7.064897913688872
          ],
          [
            80.35387693570263,
            7.0648697026280605
          ],
          [
            80.35387184233761,
            7.064840515181325
          ],
          [
            80.35386256053758,
            7.064807947100266
          ],
          [
            80.35385620658208,
            7.0647763011820235
          ],
          [
            80.35385433855839,
            7.064747016896226
          ],
          [
            80.3538614727773,
            7.064724051522018
          ],
          [
            80.35386831685712,
            7.064700718503225
          ],
          [
            80.35387501090428,
            7.064684362880927
          ],
          [
            80.35386481124002,
            7.064671825422156
          ],
          [
            80.35385029684615,
            7.064663396726864
          ],
          [
            80.3538121172064,
            7.064630525380874
          ],
          [
            80.3537801677745,
            7.064588656183417
          ],
          [
            80.3537756179278,
            7.064576247760636
          ],
          [
            80.35376304037668,
            7.064565801009698
          ],
          [
            80.3537485544221,
            7.064574714149351
          ],
          [
            80.35371664842297,
            7.064568080372903
          ],
          [
            80.35368760027136,
            7.064564523270158
          ],
          [
            80.35365785168705,
            7.0645587346046534
          ],
          [
            80.35362870626987,
            7.064552846369695
          ],
          [
            80.35359916062647,
            7.064545016440183
          ],
          [
            80.35357302575744,
            7.064543087014098
          ],
          [
            80.35354239736091,
            7.064530579120023
          ],
          [
            80.35350120511701,
            7.064549353584244
          ],
          [
            80.35350028193143,
            7.06459014876526
          ],
          [
            80.35349713798708,
            7.064623555316708
          ],
          [
            80.35349526298828,
            7.064657315492526
          ],
          [
            80.35349742610656,
            7.064695766772316
          ],
          [
            80.35347878592773,
            7.064700133363746
          ],
          [
            80.35352816435719,
            7.0647934533316565
          ],
          [
            80.35354670771567,
            7.064822938024494
          ],
          [
            80.35357571626683,
            7.064848495249304
          ],
          [
            80.35365538704602,
            7.064906217508208
          ],
          [
            80.35370394259182,
            7.064922525785752
          ],
          [
            80.3537454270325,
            7.064930692463873
          ],
          [
            80.35378526604613,
            7.06493576424347
          ],
          [
            80.35382292990424,
            7.064937770240532
          ],
          [
            80.35385660404248,
            7.064936091046295
          ]
        ]
      },
      "properties": {
        "OBJECTID": 21,
        "Entity": "LWPolyline",
        "Handle": "18F64",
        "Layer": "0",
        "LyrFrzn": 0,
        "LyrOn": 1,
        "Color": 3,
        "Linetype": "Continuous",
        "Elevation": -58.089999999999996,
        "LineWt": 25,
        "RefName": "",
        "DocUpdate": 1783359710000,
        "DocId": 1.1061215596273316e+19,
        "t0": null,
        "t00": null,
        "Shape_Length": 149.55124832941354
      }
    },
    {
      "type": "Feature",
      "id": 22,
      "geometry": {
        "type": "LineString",
        "coordinates": [
          [
            80.35385660404248,
            7.064936091046295
          ],
          [
            80.3537913427782,
            7.064896423112026
          ],
          [
            80.35373008443241,
            7.064850816175076
          ],
          [
            80.35367336774698,
            7.064799671329602
          ],
          [
            80.3536216915217,
            7.064743438373383
          ],
          [
            80.3535755102276,
            7.064682611852025
          ],
          [
            80.35353523001008,
            7.064617726709643
          ],
          [
            80.35350120511701,
            7.064549353584244
          ]
        ]
      },
      "properties": {
        "OBJECTID": 22,
        "Entity": "LWPolyline",
        "Handle": "18F65",
        "Layer": "0",
        "LyrFrzn": 0,
        "LyrOn": 1,
        "Color": 3,
        "Linetype": "Continuous",
        "Elevation": -58.089999999999996,
        "LineWt": 25,
        "RefName": "",
        "DocUpdate": 1783359710000,
        "DocId": 1.1061215596273316e+19,
        "t0": null,
        "t00": null,
        "Shape_Length": 59.09627627028981
      }
    },
    {
      "type": "Feature",
      "id": 23,
      "geometry": {
        "type": "MultiLineString",
        "coordinates": [
          [
            [
              80.32188514309838,
              7.050586478537408
            ],
            [
              80.32178644420344,
              7.0504411912586065
            ]
          ],
          [
            [
              80.32179015671485,
              7.050468990221483
            ],
            [
              80.32178644420344,
              7.0504411912586065
            ],
            [
              80.32181093201358,
              7.0504549042416285
            ]
          ],
          [
            [
              80.32184655556254,
              7.050552011395453
            ],
            [
              80.32184284395295,
              7.050524212434069
            ],
            [
              80.32186733086375,
              7.050537925413348
            ]
          ],
          [
            [
              80.32186065527783,
              7.050572766462012
            ],
            [
              80.321856943666,
              7.05054496840518
            ],
            [
              80.32188143057965,
              7.050558680479322
            ]
          ],
          [
            [
              80.3218747549943,
              7.05059352152823
            ],
            [
              80.32187104338159,
              7.050565723471456
            ],
            [
              80.32189553029674,
              7.050579435544991
            ]
          ]
        ]
      },
      "properties": {
        "OBJECTID": 23,
        "Entity": "Insert",
        "Handle": "1EE40",
        "Layer": "0",
        "LyrFrzn": 0,
        "LyrOn": 1,
        "Color": 7,
        "Linetype": "Continuous",
        "Elevation": -100.6104908369852,
        "LineWt": 25,
        "RefName": "ARROW",
        "DocUpdate": 1783359710000,
        "DocId": 1.1061215596273316e+19,
        "t0": null,
        "t00": null,
        "Shape_Length": 44.21555772126758
      }
    },
    {
      "type": "Feature",
      "id": 24,
      "geometry": {
        "type": "MultiLineString",
        "coordinates": [
          [
            [
              80.3241496320662,
              7.054093621073185
            ],
            [
              80.32403669655189,
              7.053959080206875
            ]
          ],
          [
            [
              80.3240432104311,
              7.053986358588733
            ],
            [
              80.32403669655189,
              7.053959080206875
            ],
            [
              80.32406244956721,
              7.053970241428313
            ]
          ],
          [
            [
              80.32410774513598,
              7.054063239602984
            ],
            [
              80.32410123125355,
              7.054035960317124
            ],
            [
              80.3241269842735,
              7.054047122440047
            ]
          ],
          [
            [
              80.3241238790418,
              7.054082459855766
            ],
            [
              80.32411736425284,
              7.054055180568712
            ],
            [
              80.32414311817972,
              7.054066342692201
            ]
          ],
          [
            [
              80.32414001204354,
              7.054101680106775
            ],
            [
              80.32413349815886,
              7.05407440082118
            ],
            [
              80.32415925118312,
              7.054085562038051
            ]
          ]
        ]
      },
      "properties": {
        "OBJECTID": 24,
        "Entity": "Insert",
        "Handle": "1EE41",
        "Layer": "0",
        "LyrFrzn": 0,
        "LyrOn": 1,
        "Color": 7,
        "Linetype": "Continuous",
        "Elevation": -100.6104908369852,
        "LineWt": 25,
        "RefName": "ARROW",
        "DocUpdate": 1783359710000,
        "DocId": 1.1061215596273316e+19,
        "t0": null,
        "t00": null,
        "Shape_Length": 44.215580759936685
      }
    },
    {
      "type": "Feature",
      "id": 25,
      "geometry": {
        "type": "MultiLineString",
        "coordinates": [
          [
            [
              80.32715478308714,
              7.05441791488772
            ],
            [
              80.32701673898043,
              7.054309231651139
            ]
          ],
          [
            [
              80.32702868832367,
              7.054334608370969
            ],
            [
              80.32701673898043,
              7.054309231651139
            ],
            [
              80.3270442302846,
              7.054314907417237
            ]
          ],
          [
            [
              80.32710757053832,
              7.054396713338616
            ],
            [
              80.32709562118934,
              7.054371336620315
            ],
            [
              80.32712311249848,
              7.05437701238219
            ]
          ],
          [
            [
              80.32712729177506,
              7.054412239127454
            ],
            [
              80.32711534151923,
              7.054386862408228
            ],
            [
              80.32714283282962,
              7.05439253816905
            ]
          ],
          [
            [
              80.32714701210644,
              7.05442776581878
            ],
            [
              80.32713506184915,
              7.054402389099938
            ],
            [
              80.32716255316079,
              7.05440806485972
            ]
          ]
        ]
      },
      "properties": {
        "OBJECTID": 25,
        "Entity": "Insert",
        "Handle": "1EE42",
        "Layer": "0",
        "LyrFrzn": 0,
        "LyrOn": 1,
        "Color": 7,
        "Linetype": "Continuous",
        "Elevation": -100.6104908369852,
        "LineWt": 25,
        "RefName": "ARROW",
        "DocUpdate": 1783359710000,
        "DocId": 1.1061215596273316e+19,
        "t0": null,
        "t00": null,
        "Shape_Length": 44.21551392917553
      }
    },
    {
      "type": "Feature",
      "id": 26,
      "geometry": {
        "type": "MultiLineString",
        "coordinates": [
          [
            [
              80.32828934763096,
              7.057112621593447
            ],
            [
              80.32814678119456,
              7.057009930058697
            ]
          ],
          [
            [
              80.32815980526397,
              7.057034773726378
            ],
            [
              80.32814678119456,
              7.057009930058697
            ],
            [
              80.3281744898661,
              7.057014427479367
            ]
          ],
          [
            [
              80.32824127257254,
              7.057093454995049
            ],
            [
              80.32822824759178,
              7.057068611327834
            ],
            [
              80.32825595717475,
              7.057073107840834
            ]
          ],
          [
            [
              80.3282616389506,
              7.057108125083488
            ],
            [
              80.32824861487381,
              7.057083281418016
            ],
            [
              80.32827632355252,
              7.057087777928604
            ]
          ],
          [
            [
              80.32828200533,
              7.057122795171149
            ],
            [
              80.32826898125171,
              7.057097951506121
            ],
            [
              80.32829669083571,
              7.057102448921429
            ]
          ]
        ]
      },
      "properties": {
        "OBJECTID": 26,
        "Entity": "Insert",
        "Handle": "1EE43",
        "Layer": "0",
        "LyrFrzn": 0,
        "LyrOn": 1,
        "Color": 7,
        "Linetype": "Continuous",
        "Elevation": -182.6744908369852,
        "LineWt": 25,
        "RefName": "ARROW",
        "DocUpdate": 1783359710000,
        "DocId": 1.1061215596273316e+19,
        "t0": null,
        "t00": null,
        "Shape_Length": 44.21551604618557
      }
    },
    {
      "type": "Feature",
      "id": 27,
      "geometry": {
        "type": "MultiLineString",
        "coordinates": [
          [
            [
              80.33078819236789,
              7.061232913729367
            ],
            [
              80.33064925013203,
              7.061125375183514
            ]
          ],
          [
            [
              80.3306614100256,
              7.061150652641052
            ],
            [
              80.33064925013203,
              7.061125375183514
            ],
            [
              80.33067678749325,
              7.061130823803587
            ]
          ],
          [
            [
              80.33074080545771,
              7.061212102982869
            ],
            [
              80.33072864555835,
              7.06118682552691
            ],
            [
              80.33075618383124,
              7.061192273239478
            ]
          ],
          [
            [
              80.3307606540934,
              7.061227465113905
            ],
            [
              80.33074849419127,
              7.06120218856287
            ],
            [
              80.3307760324654,
              7.061207636274373
            ]
          ],
          [
            [
              80.33078050363454,
              7.0612428281500375
            ],
            [
              80.33076834373227,
              7.061217550694869
            ],
            [
              80.33079588110219,
              7.061222998404021
            ]
          ]
        ]
      },
      "properties": {
        "OBJECTID": 27,
        "Entity": "Insert",
        "Handle": "1EE44",
        "Layer": "0",
        "LyrFrzn": 0,
        "LyrOn": 1,
        "Color": 7,
        "Linetype": "Continuous",
        "Elevation": -20.720999999999997,
        "LineWt": 25,
        "RefName": "ARROW",
        "DocUpdate": 1783359710000,
        "DocId": 1.1061215596273316e+19,
        "t0": null,
        "t00": null,
        "Shape_Length": 44.21562869269649
      }
    },
    {
      "type": "Feature",
      "id": 28,
      "geometry": {
        "type": "MultiLineString",
        "coordinates": [
          [
            [
              80.32223922717816,
              7.05053604270381
            ],
            [
              80.32216026833245,
              7.050419813296362
            ]
          ],
          [
            [
              80.32216323836036,
              7.050442051923273
            ],
            [
              80.32216026833245,
              7.050419813296362
            ],
            [
              80.32217985913418,
              7.050430782945122
            ]
          ],
          [
            [
              80.32220835731079,
              7.050508468469666
            ],
            [
              80.32220538818596,
              7.0504862298441715
            ],
            [
              80.32222497808618,
              7.050497199490064
            ]
          ],
          [
            [
              80.322219637276,
              7.05052507305833
            ],
            [
              80.32221666815062,
              7.050502834432878
            ],
            [
              80.32223625805182,
              7.05051380407838
            ]
          ],
          [
            [
              80.32223091724332,
              7.0505416767422755
            ],
            [
              80.32222794721196,
              7.0505194381155185
            ],
            [
              80.3222475380182,
              7.050530408666474
            ]
          ]
        ]
      },
      "properties": {
        "OBJECTID": 28,
        "Entity": "Insert",
        "Handle": "1EE45",
        "Layer": "0",
        "LyrFrzn": 0,
        "LyrOn": 1,
        "Color": 7,
        "Linetype": "Continuous",
        "Elevation": -63.99,
        "LineWt": 25,
        "RefName": "ARROW",
        "DocUpdate": 1783359710000,
        "DocId": 1.1061215596273316e+19,
        "t0": null,
        "t00": null,
        "Shape_Length": 35.372531848493416
      }
    },
    {
      "type": "Feature",
      "id": 29,
      "geometry": {
        "type": "MultiLineString",
        "coordinates": [
          [
            [
              80.32698523182131,
              7.053670468050818
            ],
            [
              80.32698541741789,
              7.053810937839165
            ]
          ],
          [
            [
              80.32699543411911,
              7.053790858063898
            ],
            [
              80.32698541741789,
              7.053810937839165
            ],
            [
              80.32697534820564,
              7.053790884294342
            ]
          ],
          [
            [
              80.32699532819171,
              7.053710589613476
            ],
            [
              80.32698531149252,
              7.053730669388972
            ],
            [
              80.32697524137626,
              7.053710615842938
            ]
          ],
          [
            [
              80.326995301936,
              7.053690522501142
            ],
            [
              80.32698528523734,
              7.053710602276694
            ],
            [
              80.32697521512144,
              7.053690548730701
            ]
          ],
          [
            [
              80.32699527568023,
              7.053670455388808
            ],
            [
              80.32698525807665,
              7.053690535163113
            ],
            [
              80.32697518886651,
              7.053670481618449
            ]
          ]
        ]
      },
      "properties": {
        "OBJECTID": 29,
        "Entity": "Insert",
        "Handle": "1EE48",
        "Layer": "0",
        "LyrFrzn": 0,
        "LyrOn": 1,
        "Color": 7,
        "Linetype": "Continuous",
        "Elevation": -65.99000000000001,
        "LineWt": 25,
        "RefName": "ARROW",
        "DocUpdate": 1783359710000,
        "DocId": 1.1061215596273316e+19,
        "t0": null,
        "t00": null,
        "Shape_Length": 35.372099256044145
      }
    },
    {
      "type": "Feature",
      "id": 30,
      "geometry": {
        "type": "MultiLineString",
        "coordinates": [
          [
            [
              80.32315718242036,
              7.051823613685426
            ],
            [
              80.32307623704622,
              7.0519384724645064
            ]
          ],
          [
            [
              80.3230960132183,
              7.051927840298345
            ],
            [
              80.32307623704622,
              7.0519384724645064
            ],
            [
              80.32307958851663,
              7.051916288226992
            ]
          ],
          [
            [
              80.32314226758992,
              7.0518622065808
            ],
            [
              80.32312249142161,
              7.051872838749316
            ],
            [
              80.3231258428891,
              7.051850654511137
            ]
          ],
          [
            [
              80.32315383095336,
              7.051845798828545
            ],
            [
              80.32313405478604,
              7.051856430997648
            ],
            [
              80.32313740625408,
              7.051834245854779
            ]
          ],
          [
            [
              80.32316539431729,
              7.051829390171386
            ],
            [
              80.3231456181509,
              7.051840022341078
            ],
            [
              80.32314896961691,
              7.051817838102576
            ]
          ]
        ]
      },
      "properties": {
        "OBJECTID": 30,
        "Entity": "Insert",
        "Handle": "1EE4A",
        "Layer": "0",
        "LyrFrzn": 0,
        "LyrOn": 1,
        "Color": 7,
        "Linetype": "Continuous",
        "Elevation": -13.990000000000002,
        "LineWt": 25,
        "RefName": "ARROW",
        "DocUpdate": 1783359710000,
        "DocId": 1.1061215596273316e+19,
        "t0": null,
        "t00": null,
        "Shape_Length": 35.372692287786194
      }
    },
    {
      "type": "Feature",
      "id": 31,
      "geometry": {
        "type": "MultiLineString",
        "coordinates": [
          [
            [
              80.32282614857381,
              7.052218018555288
            ],
            [
              80.32272342447273,
              7.052313936426945
            ]
          ],
          [
            [
              80.32274495732955,
              7.052307563556162
            ],
            [
              80.32272342447273,
              7.052313936426945
            ],
            [
              80.32273124162369,
              7.052292903807475
            ]
          ],
          [
            [
              80.32280365642833,
              7.052252754377237
            ],
            [
              80.32278212448139,
              7.052259126347842
            ],
            [
              80.32278994072323,
              7.052238093725689
            ]
          ],
          [
            [
              80.32281833142855,
              7.05223905117694
            ],
            [
              80.32279679857568,
              7.052245424051504
            ],
            [
              80.32280461572199,
              7.052224391430337
            ]
          ],
          [
            [
              80.3228330064266,
              7.0522253488806035
            ],
            [
              80.32281147357583,
              7.052231720851416
            ],
            [
              80.32281929072123,
              7.052210688229889
            ]
          ]
        ]
      },
      "properties": {
        "OBJECTID": 31,
        "Entity": "Insert",
        "Handle": "1EE4B",
        "Layer": "0",
        "LyrFrzn": 0,
        "LyrOn": 1,
        "Color": 7,
        "Linetype": "Continuous",
        "Elevation": -5.610490836985214,
        "LineWt": 25,
        "RefName": "ARROW",
        "DocUpdate": 1783359710000,
        "DocId": 1.1061215596273316e+19,
        "t0": null,
        "t00": null,
        "Shape_Length": 35.37242787603546
      }
    },
    {
      "type": "Feature",
      "id": 32,
      "geometry": {
        "type": "MultiLineString",
        "coordinates": [
          [
            [
              80.3265685312803,
              7.053067749339995
            ],
            [
              80.32656864433339,
              7.052989494700981
            ]
          ],
          [
            [
              80.32652942303383,
              7.053028565549005
            ],
            [
              80.3266077534859,
              7.053028678490058
            ]
          ]
        ]
      },
      "properties": {
        "OBJECTID": 32,
        "Entity": "Insert",
        "Handle": "1EE55",
        "Layer": "0",
        "LyrFrzn": 0,
        "LyrOn": 1,
        "Color": 7,
        "Linetype": "Continuous",
        "Elevation": 37.51,
        "LineWt": 25,
        "RefName": "A$C3536033B",
        "DocUpdate": 1783359710000,
        "DocId": 1.1061215596273316e+19,
        "t0": null,
        "t00": null,
        "Shape_Length": 17.30269999988377
      }
    },
    {
      "type": "Feature",
      "id": 33,
      "geometry": {
        "type": "LineString",
        "coordinates": [
          [
            80.34133086155138,
            7.0544669984868875
          ],
          [
            80.34135739252702,
            7.054480955813078
          ],
          [
            80.34133792438394,
            7.054517887693731
          ],
          [
            80.34137688757383,
            7.0545383860683915
          ],
          [
            80.3414193735826,
            7.054457788515478
          ],
          [
            80.34135387942413,
            7.054423331915453
          ],
          [
            80.34133086155138,
            7.0544669984868875
          ]
        ]
      },
      "properties": {
        "OBJECTID": 33,
        "Entity": "LWPolyline",
        "Handle": "32EA3",
        "Layer": "0",
        "LyrFrzn": 0,
        "LyrOn": 1,
        "Color": 7,
        "Linetype": "Continuous",
        "Elevation": -63.99,
        "LineWt": 25,
        "RefName": "",
        "DocUpdate": 1783359710000,
        "DocId": 1.1061215596273316e+19,
        "t0": null,
        "t00": null,
        "Shape_Length": 36.49140269960985
      }
    },
    {
      "type": "Feature",
      "id": 34,
      "geometry": {
        "type": "MultiLineString",
        "coordinates": [
          [
            [
              80.33511286938217,
              7.062507972924616
            ],
            [
              80.33494623318904,
              7.062452129105312
            ]
          ],
          [
            [
              80.33496604571208,
              7.062471997413882
            ],
            [
              80.33494623318904,
              7.062452129105312
            ],
            [
              80.33497403126022,
              7.062448215922394
            ]
          ],
          [
            [
              80.33506126600545,
              7.062503908558167
            ],
            [
              80.33504145438216,
              7.062484040254435
            ],
            [
              80.33506925245501,
              7.062480127065968
            ]
          ],
          [
            [
              80.33508507130776,
              7.0625118861155745
            ],
            [
              80.33506525968308,
              7.062492017812734
            ],
            [
              80.33509305775632,
              7.062488104622874
            ]
          ],
          [
            [
              80.33510887661099,
              7.06251986367184
            ],
            [
              80.33508906407944,
              7.062499995368601
            ],
            [
              80.33511686305856,
              7.06249608217864
            ]
          ]
        ]
      },
      "properties": {
        "OBJECTID": 34,
        "Entity": "Insert",
        "Handle": "32EA4",
        "Layer": "0",
        "LyrFrzn": 0,
        "LyrOn": 1,
        "Color": 7,
        "Linetype": "Continuous",
        "Elevation": -63.824,
        "LineWt": 25,
        "RefName": "ARROW",
        "DocUpdate": 1783359710000,
        "DocId": 1.1061215596273316e+19,
        "t0": null,
        "t00": null,
        "Shape_Length": 44.2154027642838
      }
    },
    {
      "type": "Feature",
      "id": 35,
      "geometry": {
        "type": "MultiLineString",
        "coordinates": [
          [
            [
              80.33693880394111,
              7.0631384676504085
            ],
            [
              80.33685119175317,
              7.063145345997906
            ]
          ],
          [
            [
              80.33686419997181,
              7.063150614413525
            ],
            [
              80.33685119175317,
              7.063145345997906
            ],
            [
              80.33686321636574,
              7.0631381114387555
            ]
          ],
          [
            [
              80.33691426382121,
              7.063146683929573
            ],
            [
              80.33690125560199,
              7.0631414155153065
            ],
            [
              80.33691328021379,
              7.063134180954765
            ]
          ],
          [
            [
              80.33692677933078,
              7.063145701307086
            ],
            [
              80.33691377201686,
              7.063140432894444
            ],
            [
              80.33692579572303,
              7.063133198332271
            ]
          ],
          [
            [
              80.33693929574451,
              7.063144719590075
            ],
            [
              80.33692628752627,
              7.063139450271954
            ],
            [
              80.33693831213769,
              7.063132215710741
            ]
          ]
        ]
      },
      "properties": {
        "OBJECTID": 35,
        "Entity": "Insert",
        "Handle": "32EA5",
        "Layer": "0",
        "LyrFrzn": 0,
        "LyrOn": 1,
        "Color": 7,
        "Linetype": "Continuous",
        "Elevation": -17.740000000000002,
        "LineWt": 25,
        "RefName": "ARROW",
        "DocUpdate": 1783359710000,
        "DocId": 1.1061215596273316e+19,
        "t0": null,
        "t00": null,
        "Shape_Length": 22.108023144192867
      }
    },
    {
      "type": "Feature",
      "id": 36,
      "geometry": {
        "type": "MultiLineString",
        "coordinates": [
          [
            [
              80.33852147878773,
              7.061392726943004
            ],
            [
              80.33846642505632,
              7.061461158375607
            ]
          ],
          [
            [
              80.33847918284627,
              7.061455311460138
            ],
            [
              80.33846642505632,
              7.061461158375607
            ],
            [
              80.33846939716346,
              7.061447454359056
            ]
          ],
          [
            [
              80.33851064173517,
              7.06141620687926
            ],
            [
              80.3384978839454,
              7.0614220547002855
            ],
            [
              80.33850085605127,
              7.0614083506834024
            ]
          ],
          [
            [
              80.33851850668259,
              7.061406430960093
            ],
            [
              80.33850574889317,
              7.061412278781353
            ],
            [
              80.33850872100001,
              7.061398573859854
            ]
          ],
          [
            [
              80.33852637162968,
              7.061396655040742
            ],
            [
              80.33851361384063,
              7.061402502862253
            ],
            [
              80.33851658594715,
              7.061388797940673
            ]
          ]
        ]
      },
      "properties": {
        "OBJECTID": 36,
        "Entity": "Insert",
        "Handle": "32EA6",
        "Layer": "0",
        "LyrFrzn": 0,
        "LyrOn": 1,
        "Color": 7,
        "Linetype": "Continuous",
        "Elevation": -12.240000000000002,
        "LineWt": 25,
        "RefName": "ARROW",
        "DocUpdate": 1783359710000,
        "DocId": 1.1061215596273316e+19,
        "t0": null,
        "t00": null,
        "Shape_Length": 22.107886150659446
      }
    },
    {
      "type": "Feature",
      "id": 37,
      "geometry": {
        "type": "MultiLineString",
        "coordinates": [
          [
            [
              80.33923160264993,
              7.062111626803326
            ],
            [
              80.3392316581843,
              7.062072500302161
            ]
          ],
          [
            [
              80.33921204759882,
              7.062092035812902
            ],
            [
              80.339251214141,
              7.062092091293079
            ]
          ]
        ]
      },
      "properties": {
        "OBJECTID": 37,
        "Entity": "Insert",
        "Handle": "32EAB",
        "Layer": "0",
        "LyrFrzn": 0,
        "LyrOn": 1,
        "Color": 7,
        "Linetype": "Continuous",
        "Elevation": 37.51,
        "LineWt": 25,
        "RefName": "A$C3536033B",
        "DocUpdate": 1783359710000,
        "DocId": 1.1061215596273316e+19,
        "t0": null,
        "t00": null,
        "Shape_Length": 8.651300000026822
      }
    },
    {
      "type": "Feature",
      "id": 38,
      "geometry": {
        "type": "MultiLineString",
        "coordinates": [
          [
            [
              80.34150415098998,
              7.055783089478964
            ],
            [
              80.34150420628329,
              7.055743962949229
            ]
          ],
          [
            [
              80.34148459607542,
              7.055763498594294
            ],
            [
              80.34152376210344,
              7.055763553834388
            ]
          ]
        ]
      },
      "properties": {
        "OBJECTID": 38,
        "Entity": "Insert",
        "Handle": "32EAE",
        "Layer": "0",
        "LyrFrzn": 0,
        "LyrOn": 1,
        "Color": 7,
        "Linetype": "Continuous",
        "Elevation": 37.51,
        "LineWt": 25,
        "RefName": "A$C3536033B",
        "DocUpdate": 1783359710000,
        "DocId": 1.1061215596273316e+19,
        "t0": null,
        "t00": null,
        "Shape_Length": 8.651300000026822
      }
    },
    {
      "type": "Feature",
      "id": 39,
      "geometry": {
        "type": "MultiLineString",
        "coordinates": [
          [
            [
              80.33727475811654,
              7.060743102434955
            ],
            [
              80.3372748528213,
              7.0608133370003765
            ]
          ],
          [
            [
              80.3372798615035,
              7.06080329653997
            ],
            [
              80.3372748528213,
              7.0608133370003765
            ],
            [
              80.33726981746892,
              7.060803310313401
            ]
          ],
          [
            [
              80.33727980725584,
              7.060763163148464
            ],
            [
              80.33727479857542,
              7.060773202704395
            ],
            [
              80.33726976322342,
              7.060763176017442
            ]
          ],
          [
            [
              80.33727979346847,
              7.06075312912187
            ],
            [
              80.33727478569234,
              7.060763169583631
            ],
            [
              80.33726975034041,
              7.060753142896668
            ]
          ],
          [
            [
              80.33727978058525,
              7.060743096001071
            ],
            [
              80.33727477190509,
              7.06075313555703
            ],
            [
              80.33726973655325,
              7.0607431088700885
            ]
          ]
        ]
      },
      "properties": {
        "OBJECTID": 39,
        "Entity": "Insert",
        "Handle": "32ECF",
        "Layer": "0",
        "LyrFrzn": 0,
        "LyrOn": 1,
        "Color": 7,
        "Linetype": "Continuous",
        "Elevation": -12.365499999999997,
        "LineWt": 25,
        "RefName": "ARROW",
        "DocUpdate": 1783359710000,
        "DocId": 1.1061215596273316e+19,
        "t0": null,
        "t00": null,
        "Shape_Length": 17.686066977176402
      }
    },
    {
      "type": "Feature",
      "id": 40,
      "geometry": {
        "type": "MultiLineString",
        "coordinates": [
          [
            [
              80.33673482103777,
              7.060592820068001
            ],
            [
              80.33672767058543,
              7.060671158005106
            ]
          ],
          [
            [
              80.3367342927729,
              7.0606604767208685
            ],
            [
              80.33672767058543,
              7.060671158005106
            ],
            [
              80.33672309125582,
              7.060659456762986
            ]
          ],
          [
            [
              80.33673837939146,
              7.060615712573887
            ],
            [
              80.33673175630068,
              7.060626392952451
            ],
            [
              80.3367271769713,
              7.060614691710381
            ]
          ],
          [
            [
              80.3367394012726,
              7.0606045213113084
            ],
            [
              80.33673277818203,
              7.0606152016898935
            ],
            [
              80.3367281988527,
              7.060603500447836
            ]
          ],
          [
            [
              80.33674042224823,
              7.060593330047414
            ],
            [
              80.336733800062,
              7.06060401133187
            ],
            [
              80.33672921982858,
              7.060592309184006
            ]
          ]
        ]
      },
      "properties": {
        "OBJECTID": 40,
        "Entity": "Insert",
        "Handle": "32ED0",
        "Layer": "0",
        "LyrFrzn": 0,
        "LyrOn": 1,
        "Color": 7,
        "Linetype": "Continuous",
        "Elevation": -14.810480000000005,
        "LineWt": 25,
        "RefName": "ARROW",
        "DocUpdate": 1783359710000,
        "DocId": 1.1061215596273316e+19,
        "t0": null,
        "t00": null,
        "Shape_Length": 19.80851739657681
      }
    },
    {
      "type": "Feature",
      "id": 41,
      "geometry": {
        "type": "LineString",
        "coordinates": [
          [
            80.34003875355488,
            7.057758896145285
          ],
          [
            80.34003721371398,
            7.057758759228136
          ],
          [
            80.34003572104214,
            7.0577583570005
          ],
          [
            80.34003432089344,
            7.057757701683863
          ],
          [
            80.3400330558107,
            7.057756813189686
          ],
          [
            80.34003196423278,
            7.057755718514416
          ],
          [
            80.34003107932675,
            7.057754450919209
          ],
          [
            80.34003042798003,
            7.057753048919302
          ],
          [
            80.34003002998345,
            7.057751555113754
          ],
          [
            80.34002989742996,
            7.057750014891089
          ],
          [
            80.34003003434711,
            7.057748475050194
          ],
          [
            80.34003043657475,
            7.057746982378356
          ],
          [
            80.34003109189139,
            7.0577455822296535
          ],
          [
            80.34003198038556,
            7.057744317146896
          ],
          [
            80.34003307506083,
            7.0577432255689825
          ],
          [
            80.34003434265604,
            7.057742340662956
          ],
          [
            80.34003574465595,
            7.057741689316238
          ],
          [
            80.34003723846149,
            7.05774129131967
          ],
          [
            80.34003877868416,
            7.0577411587661745
          ],
          [
            80.34004031852506,
            7.057741295683323
          ],
          [
            80.3400418111969,
            7.057741697910959
          ],
          [
            80.3400432113456,
            7.057742353227597
          ],
          [
            80.34004447642835,
            7.057743241721774
          ],
          [
            80.34004556800626,
            7.057744336397043
          ],
          [
            80.34004645291229,
            7.057745603992251
          ],
          [
            80.34004710425901,
            7.057747005992157
          ],
          [
            80.34004750225559,
            7.057748499797706
          ],
          [
            80.34004763480908,
            7.0577500400203705
          ],
          [
            80.34004749789193,
            7.057751579861265
          ],
          [
            80.34004709566429,
            7.057753072533103
          ],
          [
            80.34004644034765,
            7.057754472681806
          ],
          [
            80.34004555185348,
            7.057755737764563
          ],
          [
            80.34004445717821,
            7.057756829342477
          ],
          [
            80.340043189583,
            7.0577577142485035
          ],
          [
            80.34004178758309,
            7.057758365595221
          ],
          [
            80.34004029377755,
            7.0577587635917896
          ],
          [
            80.34003875355488,
            7.057758896145285
          ]
        ]
      },
      "properties": {
        "OBJECTID": 41,
        "Entity": "Circle",
        "Handle": "33EDF",
        "Layer": "0",
        "LyrFrzn": 0,
        "LyrOn": 1,
        "Color": 2,
        "Linetype": "Continuous",
        "Elevation": 16.009999999999998,
        "LineWt": 25,
        "RefName": "",
        "DocUpdate": 1783359710000,
        "DocId": 1.1061215596273316e+19,
        "t0": null,
        "t00": null,
        "Shape_Length": 6.16047944572507
      }
    },
    {
      "type": "Feature",
      "id": 42,
      "geometry": {
        "type": "LineString",
        "coordinates": [
          [
            80.33969041288988,
            7.059327044489568
          ],
          [
            80.33989182648465,
            7.059396299375525
          ]
        ]
      },
      "properties": {
        "OBJECTID": 42,
        "Entity": "Line",
        "Handle": "34886",
        "Layer": "0",
        "LyrFrzn": 0,
        "LyrOn": 1,
        "Color": 3,
        "Linetype": "Continuous",
        "Elevation": -1.9899999999047893,
        "LineWt": 25,
        "RefName": "",
        "DocUpdate": 1783359710000,
        "DocId": 1.1061215596273316e+19,
        "t0": null,
        "t00": null,
        "Shape_Length": 23.525724933995864
      }
    },
    {
      "type": "Feature",
      "id": 43,
      "geometry": {
        "type": "MultiLineString",
        "coordinates": [
          [
            [
              80.33989970401537,
              7.058978968670374
            ],
            [
              80.33990411174885,
              7.058966135022719
            ],
            [
              80.3398784189567,
              7.058957328303736
            ],
            [
              80.3398740112226,
              7.058970161951095
            ],
            [
              80.33989970401537,
              7.058978968670374
            ]
          ],
          [
            [
              80.33990026647285,
              7.058980117321585
            ],
            [
              80.33990526244655,
              7.0589655731246985
            ],
            [
              80.33987785650056,
              7.058956178747972
            ],
            [
              80.33987286143032,
              7.058970723850331
            ],
            [
              80.33990026647285,
              7.058980117321585
            ]
          ]
        ]
      },
      "properties": {
        "OBJECTID": 43,
        "Entity": "Insert",
        "Handle": "34891",
        "Layer": "0",
        "LyrFrzn": 0,
        "LyrOn": 1,
        "Color": 7,
        "Linetype": "Continuous",
        "Elevation": -1.9899999997266349,
        "LineWt": 25,
        "RefName": "SUMP",
        "DocUpdate": 1783359710000,
        "DocId": 1.1061215596273316e+19,
        "t0": null,
        "t00": null,
        "Shape_Length": 18.7999970122999
      }
    },
    {
      "type": "Feature",
      "id": 44,
      "geometry": {
        "type": "MultiLineString",
        "coordinates": [
          [
            [
              80.33985332375136,
              7.059059034963975
            ],
            [
              80.3398586124909,
              7.059043634586834
            ]
          ],
          [
            [
              80.33985404158337,
              7.059058521298686
            ],
            [
              80.33985376674384,
              7.0590584968607555
            ],
            [
              80.33985350032334,
              7.0590584250687085
            ],
            [
              80.33985325041694,
              7.0590583081039115
            ],
            [
              80.3398530246179,
              7.059058149520281
            ],
            [
              80.339852829787,
              7.059057954136299
            ],
            [
              80.3398526718441,
              7.059057727888609
            ],
            [
              80.33985255558821,
              7.059057477651634
            ],
            [
              80.3398524845517,
              7.059057211028696
            ],
            [
              80.33985246089298,
              7.059056936120999
            ],
            [
              80.33985248533091,
              7.059056661281475
            ],
            [
              80.33985255712297,
              7.059056394860983
            ],
            [
              80.33985267408775,
              7.059056144954575
            ],
            [
              80.33985283267138,
              7.05905591915553
            ],
            [
              80.33985302805537,
              7.059055724324639
            ],
            [
              80.33985325430307,
              7.05905556638174
            ],
            [
              80.33985350454003,
              7.059055450125846
            ],
            [
              80.33985377116298,
              7.059055379089336
            ],
            [
              80.33985404607067,
              7.059055355430617
            ],
            [
              80.33985432091019,
              7.059055379868548
            ],
            [
              80.33985458733069,
              7.059055451660595
            ],
            [
              80.3398548372371,
              7.059055568625392
            ],
            [
              80.33985506303614,
              7.059055727209023
            ],
            [
              80.33985525786703,
              7.0590559225930045
            ],
            [
              80.33985541580994,
              7.059056148840694
            ],
            [
              80.33985553206583,
              7.05905639907767
            ],
            [
              80.33985560310234,
              7.0590566657006075
            ],
            [
              80.33985562676105,
              7.059056940608304
            ],
            [
              80.33985560232313,
              7.059057215447829
            ],
            [
              80.33985553053107,
              7.0590574818683205
            ],
            [
              80.33985541356628,
              7.059057731774729
            ],
            [
              80.33985525498265,
              7.059057957573773
            ],
            [
              80.33985505959866,
              7.059058152404664
            ],
            [
              80.33985483335097,
              7.059058310347564
            ],
            [
              80.339854583114,
              7.059058426603458
            ],
            [
              80.33985431649106,
              7.059058497639968
            ],
            [
              80.33985404158337,
              7.059058521298686
            ]
          ],
          [
            [
              80.33985194514457,
              7.059056219003734
            ],
            [
              80.33985614160405,
              7.059057657724301
            ]
          ],
          [
            [
              80.33985533230128,
              7.059057548035206
            ],
            [
              80.3398552116221,
              7.059057755427253
            ],
            [
              80.33985505788651,
              7.059057939656175
            ],
            [
              80.33985487544493,
              7.059058095508663
            ],
            [
              80.3398546694601,
              7.0590582185744
            ],
            [
              80.33985444576096,
              7.059058305370872
            ],
            [
              80.33985421067779,
              7.059058353441911
            ],
            [
              80.33985397086293,
              7.059058361427201
            ],
            [
              80.3398537331027,
              7.059058329100782
            ],
            [
              80.33985414223454,
              7.059057139310755
            ],
            [
              80.33985533230128,
              7.059057548035206
            ]
          ],
          [
            [
              80.33985510129165,
              7.059057635448373
            ],
            [
              80.33985498324178,
              7.059057787702587
            ],
            [
              80.33985484348389,
              7.059057920310461
            ],
            [
              80.33985468524568,
              7.059058030209432
            ],
            [
              80.33985451218165,
              7.059058114861391
            ],
            [
              80.33985432828868,
              7.05905817231131
            ],
            [
              80.33985413781379,
              7.059058201232388
            ],
            [
              80.33985394515595,
              7.059058200956701
            ],
            [
              80.33985424064078,
              7.059057341161382
            ],
            [
              80.33985510129165,
              7.059057635448373
            ]
          ],
          [
            [
              80.3398548367951,
              7.059057712864279
            ],
            [
              80.33985469321406,
              7.059057836509856
            ],
            [
              80.33985453067291,
              7.059057933896262
            ],
            [
              80.33985435392071,
              7.059058002178075
            ],
            [
              80.33985416812183,
              7.05905803936025
            ],
            [
              80.33985433904829,
              7.0590575421074915
            ],
            [
              80.3398548367951,
              7.059057712864279
            ]
          ],
          [
            [
              80.33985275444606,
              7.059056329597366
            ],
            [
              80.33985287505753,
              7.05905612210379
            ],
            [
              80.33985302874339,
              7.05905593776344
            ],
            [
              80.33985321115465,
              7.059055781792787
            ],
            [
              80.3398534171294,
              7.059055658605494
            ],
            [
              80.33985364083898,
              7.059055571687522
            ],
            [
              80.33985387595284,
              7.05905552349848
            ],
            [
              80.33985411581772,
              7.059055515402023
            ],
            [
              80.3398543536459,
              7.059055547627262
            ],
            [
              80.33985394541952,
              7.059056737418569
            ],
            [
              80.33985275444606,
              7.059056329597366
            ]
          ],
          [
            [
              80.33985298545697,
              7.059056241279668
            ],
            [
              80.33985310362861,
              7.059056088965936
            ],
            [
              80.33985324351588,
              7.0590559563176685
            ],
            [
              80.33985340188809,
              7.059055846398365
            ],
            [
              80.33985357508766,
              7.059055761746598
            ],
            [
              80.33985375911455,
              7.059055704317394
            ],
            [
              80.33985394971869,
              7.0590556754370715
            ],
            [
              80.33985414249808,
              7.0590556757726235
            ],
            [
              80.339853847012,
              7.059056536472458
            ],
            [
              80.33985298545697,
              7.059056241279668
            ]
          ],
          [
            [
              80.33985324995223,
              7.059056164768296
            ],
            [
              80.33985339369816,
              7.0590560408416
            ],
            [
              80.3398535564497,
              7.059055943206288
            ],
            [
              80.33985373345159,
              7.059055874715057
            ],
            [
              80.3398539195322,
              7.059055837369074
            ],
            [
              80.33985374860448,
              7.059056335526364
            ],
            [
              80.33985324995223,
              7.059056164768296
            ]
          ]
        ]
      },
      "properties": {
        "OBJECTID": 44,
        "Entity": "Insert",
        "Handle": "34894",
        "Layer": "0",
        "LyrFrzn": 0,
        "LyrOn": 1,
        "Color": 7,
        "Linetype": "Continuous",
        "Elevation": -1.9900000001393678,
        "LineWt": 25,
        "RefName": "11111",
        "DocUpdate": 1783359710000,
        "DocId": 1.1061215596273316e+19,
        "t0": "59.60 ",
        "t00": "",
        "Shape_Length": 5.471384712007257
      }
    },
    {
      "type": "Feature",
      "id": 45,
      "geometry": {
        "type": "MultiLineString",
        "coordinates": [
          [
            [
              80.33986569528732,
              7.058967270146674
            ],
            [
              80.33987098402515,
              7.058951869769197
            ]
          ],
          [
            [
              80.3398664131179,
              7.058966757385899
            ],
            [
              80.33986613827838,
              7.05896673294798
            ],
            [
              80.33986587185788,
              7.058966661155945
            ],
            [
              80.33986562195146,
              7.058966544191159
            ],
            [
              80.3398653961524,
              7.058966385607536
            ],
            [
              80.33986520132152,
              7.058966190223562
            ],
            [
              80.3398650433786,
              7.0589659639758775
            ],
            [
              80.33986492712269,
              7.058965713738906
            ],
            [
              80.33986485608617,
              7.05896544711597
            ],
            [
              80.33986483242744,
              7.058965172208272
            ],
            [
              80.33986485686536,
              7.058964897368745
            ],
            [
              80.33986492865739,
              7.058964630948248
            ],
            [
              80.33986504562218,
              7.058964381041832
            ],
            [
              80.33986520420581,
              7.058964155242779
            ],
            [
              80.33986539958978,
              7.058963960411878
            ],
            [
              80.33986562583746,
              7.058963802468967
            ],
            [
              80.33986587607443,
              7.058963686213062
            ],
            [
              80.33986614269737,
              7.058963615176539
            ],
            [
              80.33986641760507,
              7.058963591517808
            ],
            [
              80.33986669244459,
              7.058963615955727
            ],
            [
              80.33986695886509,
              7.058963687747762
            ],
            [
              80.33986720877151,
              7.0589638047125485
            ],
            [
              80.33986743457056,
              7.058963963296171
            ],
            [
              80.33986762940145,
              7.058964158680145
            ],
            [
              80.33986778734437,
              7.05896438492783
            ],
            [
              80.33986790360028,
              7.058964635164801
            ],
            [
              80.3398679746368,
              7.058964901787737
            ],
            [
              80.33986799829553,
              7.058965176695435
            ],
            [
              80.33986797385761,
              7.058965451534962
            ],
            [
              80.33986790206558,
              7.058965717955459
            ],
            [
              80.3398677851008,
              7.058965967861875
            ],
            [
              80.33986762651716,
              7.058966193660928
            ],
            [
              80.33986743113319,
              7.058966388491829
            ],
            [
              80.33986720488551,
              7.05896654643474
            ],
            [
              80.33986695464854,
              7.058966662690645
            ],
            [
              80.3398666880256,
              7.058966733727168
            ],
            [
              80.3398664131179,
              7.058966757385899
            ]
          ],
          [
            [
              80.33986431667941,
              7.058964455091009
            ],
            [
              80.33986851313942,
              7.058965892906864
            ]
          ],
          [
            [
              80.3398677038368,
              7.058965783217804
            ],
            [
              80.33986758315767,
              7.058965990609844
            ],
            [
              80.33986742942213,
              7.058966174838766
            ],
            [
              80.3398672469806,
              7.05896633069126
            ],
            [
              80.33986704099581,
              7.058966453757009
            ],
            [
              80.33986681729672,
              7.058966540553494
            ],
            [
              80.33986658221359,
              7.058966588624551
            ],
            [
              80.33986634239876,
              7.05896659660986
            ],
            [
              80.33986610463856,
              7.058966564283457
            ],
            [
              80.33986651376898,
              7.058965375397938
            ],
            [
              80.3398677038368,
              7.058965783217804
            ]
          ],
          [
            [
              80.33986747282593,
              7.0589658715355155
            ],
            [
              80.33986735471655,
              7.0589660236680265
            ],
            [
              80.3398672149183,
              7.05896615614661
            ],
            [
              80.3398670566598,
              7.058966265911688
            ],
            [
              80.339866883596,
              7.05896635042825
            ],
            [
              80.33986669972381,
              7.058966407744397
            ],
            [
              80.3398665092897,
              7.058966436536419
            ],
            [
              80.33986631669177,
              7.058966436139367
            ],
            [
              80.3398666121765,
              7.058965576344028
            ],
            [
              80.33986747282593,
              7.0589658715355155
            ]
          ],
          [
            [
              80.33986720833073,
              7.058965948046902
            ],
            [
              80.33986706480795,
              7.05896607191541
            ],
            [
              80.33986690228618,
              7.058966169531365
            ],
            [
              80.339866725514,
              7.058966238042626
            ],
            [
              80.33986653965631,
              7.058966275447437
            ],
            [
              80.339866710584,
              7.058965777290135
            ],
            [
              80.33986720833073,
              7.058965948046902
            ]
          ],
          [
            [
              80.33986512598202,
              7.058964564780074
            ],
            [
              80.33986524666115,
              7.058964357388034
            ],
            [
              80.33986540039668,
              7.058964173159114
            ],
            [
              80.33986558283821,
              7.058964017306623
            ],
            [
              80.33986578882299,
              7.058963894240877
            ],
            [
              80.33986601252208,
              7.0589638074443934
            ],
            [
              80.33986624760523,
              7.058963759373339
            ],
            [
              80.33986648742004,
              7.058963751388029
            ],
            [
              80.33986672518024,
              7.058963783714424
            ],
            [
              80.33986631604982,
              7.058964972599943
            ],
            [
              80.33986512598202,
              7.058964564780074
            ]
          ],
          [
            [
              80.33986535699289,
              7.058964476462364
            ],
            [
              80.33986547510226,
              7.058964324329855
            ],
            [
              80.33986561490052,
              7.058964191851274
            ],
            [
              80.33986577315902,
              7.058964082086197
            ],
            [
              80.3398659462228,
              7.058963997569636
            ],
            [
              80.339866130095,
              7.058963940253489
            ],
            [
              80.3398663205291,
              7.058963911461466
            ],
            [
              80.33986651312703,
              7.058963911858515
            ],
            [
              80.33986621764232,
              7.058964771653837
            ],
            [
              80.33986535699289,
              7.058964476462364
            ]
          ],
          [
            [
              80.3398656214881,
              7.058964399950979
            ],
            [
              80.33986576506909,
              7.058964276305402
            ],
            [
              80.3398659276102,
              7.0589641789189885
            ],
            [
              80.33986610436236,
              7.058964110637163
            ],
            [
              80.33986629016121,
              7.058964073454979
            ],
            [
              80.33986611923481,
              7.058964570707746
            ],
            [
              80.3398656214881,
              7.058964399950979
            ]
          ]
        ]
      },
      "properties": {
        "OBJECTID": 45,
        "Entity": "Insert",
        "Handle": "348CC",
        "Layer": "0",
        "LyrFrzn": 0,
        "LyrOn": 1,
        "Color": 7,
        "Linetype": "Continuous",
        "Elevation": -1.9900000001393678,
        "LineWt": 25,
        "RefName": "11111",
        "DocUpdate": 1783359710000,
        "DocId": 1.1061215596273316e+19,
        "t0": "59.60 ",
        "t00": "",
        "Shape_Length": 5.470491176283719
      }
    },
    {
      "type": "Feature",
      "id": 46,
      "geometry": {
        "type": "LineString",
        "coordinates": [
          [
            80.3399205780307,
            7.059069591050198
          ],
          [
            80.3399241572843,
            7.059070818140394
          ]
        ]
      },
      "properties": {
        "OBJECTID": 46,
        "Entity": "Line",
        "Handle": "348D4",
        "Layer": "0",
        "LyrFrzn": 0,
        "LyrOn": 1,
        "Color": 7,
        "Linetype": "Continuous",
        "Elevation": -1.9900000001393678,
        "LineWt": 25,
        "RefName": "",
        "DocUpdate": 1783359710000,
        "DocId": 1.1061215596273316e+19,
        "t0": null,
        "t00": null,
        "Shape_Length": 0.4179381049927475
      }
    },
    {
      "type": "Feature",
      "id": 47,
      "geometry": {
        "type": "LineString",
        "coordinates": [
          [
            80.3399241572843,
            7.059070818140394
          ],
          [
            80.33991787662495,
            7.059089106201986
          ]
        ]
      },
      "properties": {
        "OBJECTID": 47,
        "Entity": "Line",
        "Handle": "348D5",
        "Layer": "0",
        "LyrFrzn": 0,
        "LyrOn": 1,
        "Color": 7,
        "Linetype": "Continuous",
        "Elevation": -1.9900000001393678,
        "LineWt": 25,
        "RefName": "",
        "DocUpdate": 1783359710000,
        "DocId": 1.1061215596273316e+19,
        "t0": null,
        "t00": null,
        "Shape_Length": 2.1375042646812723
      }
    },
    {
      "type": "Feature",
      "id": 48,
      "geometry": {
        "type": "LineString",
        "coordinates": [
          [
            80.33991787662495,
            7.059089106201986
          ],
          [
            80.33989710111474,
            7.059093164411578
          ]
        ]
      },
      "properties": {
        "OBJECTID": 48,
        "Entity": "Line",
        "Handle": "348D6",
        "Layer": "0",
        "LyrFrzn": 0,
        "LyrOn": 1,
        "Color": 7,
        "Linetype": "Continuous",
        "Elevation": -1.9900000001374565,
        "LineWt": 25,
        "RefName": "",
        "DocUpdate": 1783359710000,
        "DocId": 1.1061215596273316e+19,
        "t0": null,
        "t00": null,
        "Shape_Length": 2.337988626888926
      }
    },
    {
      "type": "Feature",
      "id": 49,
      "geometry": {
        "type": "LineString",
        "coordinates": [
          [
            80.33988564233141,
            7.059182960442205
          ],
          [
            80.33987986990432,
            7.059199768497141
          ]
        ]
      },
      "properties": {
        "OBJECTID": 49,
        "Entity": "Line",
        "Handle": "348DC",
        "Layer": "0",
        "LyrFrzn": 0,
        "LyrOn": 1,
        "Color": 7,
        "Linetype": "Continuous",
        "Elevation": -1.9900000001382168,
        "LineWt": 25,
        "RefName": "",
        "DocUpdate": 1783359710000,
        "DocId": 1.1061215596273316e+19,
        "t0": null,
        "t00": null,
        "Shape_Length": 1.9645230506345757
      }
    },
    {
      "type": "Feature",
      "id": 50,
      "geometry": {
        "type": "LineString",
        "coordinates": [
          [
            80.33988215086178,
            7.059181763325482
          ],
          [
            80.33988564233141,
            7.059182960442205
          ]
        ]
      },
      "properties": {
        "OBJECTID": 50,
        "Entity": "Line",
        "Handle": "348DF",
        "Layer": "0",
        "LyrFrzn": 0,
        "LyrOn": 1,
        "Color": 7,
        "Linetype": "Continuous",
        "Elevation": -1.990000000138231,
        "LineWt": 25,
        "RefName": "",
        "DocUpdate": 1783359710000,
        "DocId": 1.1061215596273316e+19,
        "t0": null,
        "t00": null,
        "Shape_Length": 0.40769213861633136
      }
    },
    {
      "type": "Feature",
      "id": 51,
      "geometry": {
        "type": "LineString",
        "coordinates": [
          [
            80.33987954488043,
            7.05916844758953
          ],
          [
            80.33988398817164,
            7.059167580093458
          ]
        ]
      },
      "properties": {
        "OBJECTID": 51,
        "Entity": "Line",
        "Handle": "348E0",
        "Layer": "0",
        "LyrFrzn": 0,
        "LyrOn": 1,
        "Color": 7,
        "Linetype": "Continuous",
        "Elevation": -1.9900000001393678,
        "LineWt": 25,
        "RefName": "",
        "DocUpdate": 1783359710000,
        "DocId": 1.1061215596273316e+19,
        "t0": null,
        "t00": null,
        "Shape_Length": 0.5000199197005584
      }
    },
    {
      "type": "Feature",
      "id": 52,
      "geometry": {
        "type": "LineString",
        "coordinates": [
          [
            80.33988398817164,
            7.059167580093458
          ],
          [
            80.33988239886922,
            7.05915946235238
          ]
        ]
      },
      "properties": {
        "OBJECTID": 52,
        "Entity": "Line",
        "Handle": "348E1",
        "Layer": "0",
        "LyrFrzn": 0,
        "LyrOn": 1,
        "Color": 7,
        "Linetype": "Continuous",
        "Elevation": -1.9900000001393678,
        "LineWt": 25,
        "RefName": "",
        "DocUpdate": 1783359710000,
        "DocId": 1.1061215596273316e+19,
        "t0": null,
        "t00": null,
        "Shape_Length": 0.9144539788019078
      }
    },
    {
      "type": "Feature",
      "id": 53,
      "geometry": {
        "type": "LineString",
        "coordinates": [
          [
            80.33988140645748,
            7.059154391026819
          ],
          [
            80.33988051292667,
            7.059149825476485
          ]
        ]
      },
      "properties": {
        "OBJECTID": 53,
        "Entity": "Line",
        "Handle": "348E2",
        "Layer": "0",
        "LyrFrzn": 0,
        "LyrOn": 1,
        "Color": 7,
        "Linetype": "Continuous",
        "Elevation": -1.9900000001393678,
        "LineWt": 25,
        "RefName": "",
        "DocUpdate": 1783359710000,
        "DocId": 1.1061215596273316e+19,
        "t0": null,
        "t00": null,
        "Shape_Length": 0.5142971139878847
      }
    },
    {
      "type": "Feature",
      "id": 54,
      "geometry": {
        "type": "LineString",
        "coordinates": [
          [
            80.33988051292667,
            7.059149825476485
          ],
          [
            80.33989821001504,
            7.059146368952248
          ]
        ]
      },
      "properties": {
        "OBJECTID": 54,
        "Entity": "Line",
        "Handle": "348E3",
        "Layer": "0",
        "LyrFrzn": 0,
        "LyrOn": 1,
        "Color": 7,
        "Linetype": "Continuous",
        "Elevation": -1.9900000001393678,
        "LineWt": 25,
        "RefName": "",
        "DocUpdate": 1783359710000,
        "DocId": 1.1061215596273316e+19,
        "t0": null,
        "t00": null,
        "Shape_Length": 1.991548143934588
      }
    },
    {
      "type": "Feature",
      "id": 55,
      "geometry": {
        "type": "LineString",
        "coordinates": [
          [
            80.33995290140773,
            7.058975477330046
          ],
          [
            80.33995648066075,
            7.0589767044199565
          ]
        ]
      },
      "properties": {
        "OBJECTID": 55,
        "Entity": "Line",
        "Handle": "348ED",
        "Layer": "0",
        "LyrFrzn": 0,
        "LyrOn": 1,
        "Color": 7,
        "Linetype": "Continuous",
        "Elevation": -1.9900000001393678,
        "LineWt": 25,
        "RefName": "",
        "DocUpdate": 1783359710000,
        "DocId": 1.1061215596273316e+19,
        "t0": null,
        "t00": null,
        "Shape_Length": 0.4179381064761763
      }
    },
    {
      "type": "Feature",
      "id": 56,
      "geometry": {
        "type": "LineString",
        "coordinates": [
          [
            80.33995648066075,
            7.0589767044199565
          ],
          [
            80.33995133284928,
            7.0589916943388005
          ]
        ]
      },
      "properties": {
        "OBJECTID": 56,
        "Entity": "Line",
        "Handle": "348EE",
        "Layer": "0",
        "LyrFrzn": 0,
        "LyrOn": 1,
        "Color": 7,
        "Linetype": "Continuous",
        "Elevation": -1.9900000001393678,
        "LineWt": 25,
        "RefName": "",
        "DocUpdate": 1783359710000,
        "DocId": 1.1061215596273316e+19,
        "t0": null,
        "t00": null,
        "Shape_Length": 1.7520121117366672
      }
    },
    {
      "type": "Feature",
      "id": 57,
      "geometry": {
        "type": "LineString",
        "coordinates": [
          [
            80.33991449770816,
            7.059038520698787
          ],
          [
            80.33991894099934,
            7.059037652297725
          ],
          [
            80.33991677818166,
            7.059026604859345
          ]
        ]
      },
      "properties": {
        "OBJECTID": 57,
        "Entity": "LWPolyline",
        "Handle": "348F4",
        "Layer": "0",
        "LyrFrzn": 0,
        "LyrOn": 1,
        "Color": 7,
        "Linetype": "Continuous",
        "Elevation": -1.9900000001393678,
        "LineWt": 25,
        "RefName": "",
        "DocUpdate": 1783359710000,
        "DocId": 1.1061215596273316e+19,
        "t0": null,
        "t00": null,
        "Shape_Length": 1.7445188032387624
      }
    },
    {
      "type": "Feature",
      "id": 58,
      "geometry": {
        "type": "LineString",
        "coordinates": [
          [
            80.33991415332541,
            7.059013190502415
          ],
          [
            80.3399114700354,
            7.058999480279692
          ],
          [
            80.33995133284928,
            7.0589916943388005
          ]
        ]
      },
      "properties": {
        "OBJECTID": 58,
        "Entity": "LWPolyline",
        "Handle": "348F5",
        "Layer": "0",
        "LyrFrzn": 0,
        "LyrOn": 1,
        "Color": 7,
        "Linetype": "Continuous",
        "Elevation": -1.9900000001393678,
        "LineWt": 25,
        "RefName": "",
        "DocUpdate": 1783359710000,
        "DocId": 1.1061215596273316e+19,
        "t0": null,
        "t00": null,
        "Shape_Length": 6.03040041254877
      }
    },
    {
      "type": "Feature",
      "id": 59,
      "geometry": {
        "type": "LineString",
        "coordinates": [
          [
            80.3398529970722,
            7.059293340866068
          ],
          [
            80.33986413122598,
            7.059297157475085
          ]
        ]
      },
      "properties": {
        "OBJECTID": 59,
        "Entity": "Line",
        "Handle": "348FD",
        "Layer": "0",
        "LyrFrzn": 0,
        "LyrOn": 1,
        "Color": 7,
        "Linetype": "Continuous",
        "Elevation": -1.990000000000535,
        "LineWt": 25,
        "RefName": "",
        "DocUpdate": 1783359710000,
        "DocId": 1.1061215596273316e+19,
        "t0": null,
        "t00": null,
        "Shape_Length": 1.3000792796421476
      }
    },
    {
      "type": "Feature",
      "id": 60,
      "geometry": {
        "type": "LineString",
        "coordinates": [
          [
            80.3398538789821,
            7.059290774137257
          ],
          [
            80.33986501223039,
            7.059294590744968
          ]
        ]
      },
      "properties": {
        "OBJECTID": 60,
        "Entity": "Line",
        "Handle": "348FE",
        "Layer": "0",
        "LyrFrzn": 0,
        "LyrOn": 1,
        "Color": 7,
        "Linetype": "Continuous",
        "Elevation": -1.990000000000535,
        "LineWt": 25,
        "RefName": "",
        "DocUpdate": 1783359710000,
        "DocId": 1.1061215596273316e+19,
        "t0": null,
        "t00": null,
        "Shape_Length": 1.2999846466328753
      }
    },
    {
      "type": "Feature",
      "id": 61,
      "geometry": {
        "type": "LineString",
        "coordinates": [
          [
            80.33985211606775,
            7.059295907596158
          ],
          [
            80.33986324931612,
            7.059299724203903
          ]
        ]
      },
      "properties": {
        "OBJECTID": 61,
        "Entity": "Line",
        "Handle": "348FF",
        "Layer": "0",
        "LyrFrzn": 0,
        "LyrOn": 1,
        "Color": 7,
        "Linetype": "Continuous",
        "Elevation": -1.990000000000535,
        "LineWt": 25,
        "RefName": "",
        "DocUpdate": 1783359710000,
        "DocId": 1.1061215596273316e+19,
        "t0": null,
        "t00": null,
        "Shape_Length": 1.299984646030804
      }
    },
    {
      "type": "Feature",
      "id": 62,
      "geometry": {
        "type": "LineString",
        "coordinates": [
          [
            80.33985123415782,
            7.059298474324963
          ],
          [
            80.33986236831167,
            7.059302290934016
          ]
        ]
      },
      "properties": {
        "OBJECTID": 62,
        "Entity": "Line",
        "Handle": "34900",
        "Layer": "0",
        "LyrFrzn": 0,
        "LyrOn": 1,
        "Color": 7,
        "Linetype": "Continuous",
        "Elevation": -1.990000000000535,
        "LineWt": 25,
        "RefName": "",
        "DocUpdate": 1783359710000,
        "DocId": 1.1061215596273316e+19,
        "t0": null,
        "t00": null,
        "Shape_Length": 1.3000792781587844
      }
    },
    {
      "type": "Feature",
      "id": 63,
      "geometry": {
        "type": "LineString",
        "coordinates": [
          [
            80.33985035315331,
            7.059301041055047
          ],
          [
            80.33986148640179,
            7.059304857662844
          ]
        ]
      },
      "properties": {
        "OBJECTID": 63,
        "Entity": "Line",
        "Handle": "34901",
        "Layer": "0",
        "LyrFrzn": 0,
        "LyrOn": 1,
        "Color": 7,
        "Linetype": "Continuous",
        "Elevation": -1.990000000000535,
        "LineWt": 25,
        "RefName": "",
        "DocUpdate": 1783359710000,
        "DocId": 1.1061215596273316e+19,
        "t0": null,
        "t00": null,
        "Shape_Length": 1.299984646030804
      }
    },
    {
      "type": "Feature",
      "id": 64,
      "geometry": {
        "type": "LineString",
        "coordinates": [
          [
            80.33984947124337,
            7.059303607783848
          ],
          [
            80.33986060449189,
            7.059307424391671
          ]
        ]
      },
      "properties": {
        "OBJECTID": 64,
        "Entity": "Line",
        "Handle": "34902",
        "Layer": "0",
        "LyrFrzn": 0,
        "LyrOn": 1,
        "Color": 7,
        "Linetype": "Continuous",
        "Elevation": -1.990000000000535,
        "LineWt": 25,
        "RefName": "",
        "DocUpdate": 1783359710000,
        "DocId": 1.1061215596273316e+19,
        "t0": null,
        "t00": null,
        "Shape_Length": 1.299984646030804
      }
    },
    {
      "type": "Feature",
      "id": 65,
      "geometry": {
        "type": "LineString",
        "coordinates": [
          [
            80.33984859023884,
            7.059306174513926
          ],
          [
            80.33985972348742,
            7.059309991121773
          ]
        ]
      },
      "properties": {
        "OBJECTID": 65,
        "Entity": "Line",
        "Handle": "34903",
        "Layer": "0",
        "LyrFrzn": 0,
        "LyrOn": 1,
        "Color": 7,
        "Linetype": "Continuous",
        "Elevation": -1.990000000000535,
        "LineWt": 25,
        "RefName": "",
        "DocUpdate": 1783359710000,
        "DocId": 1.1061215596273316e+19,
        "t0": null,
        "t00": null,
        "Shape_Length": 1.299984646030804
      }
    },
    {
      "type": "Feature",
      "id": 66,
      "geometry": {
        "type": "LineString",
        "coordinates": [
          [
            80.33984770832888,
            7.059308741242719
          ],
          [
            80.33985884157751,
            7.059312557850593
          ]
        ]
      },
      "properties": {
        "OBJECTID": 66,
        "Entity": "Line",
        "Handle": "34904",
        "Layer": "0",
        "LyrFrzn": 0,
        "LyrOn": 1,
        "Color": 7,
        "Linetype": "Continuous",
        "Elevation": -1.990000000000535,
        "LineWt": 25,
        "RefName": "",
        "DocUpdate": 1783359710000,
        "DocId": 1.1061215596273316e+19,
        "t0": null,
        "t00": null,
        "Shape_Length": 1.299984646030804
      }
    },
    {
      "type": "Feature",
      "id": 67,
      "geometry": {
        "type": "LineString",
        "coordinates": [
          [
            80.33984506350436,
            7.059316441430366
          ],
          [
            80.33985619765856,
            7.059320258039597
          ]
        ]
      },
      "properties": {
        "OBJECTID": 67,
        "Entity": "Line",
        "Handle": "34905",
        "Layer": "0",
        "LyrFrzn": 0,
        "LyrOn": 1,
        "Color": 7,
        "Linetype": "Continuous",
        "Elevation": -1.990000000000535,
        "LineWt": 25,
        "RefName": "",
        "DocUpdate": 1783359710000,
        "DocId": 1.1061215596273316e+19,
        "t0": null,
        "t00": null,
        "Shape_Length": 1.3000792781587844
      }
    },
    {
      "type": "Feature",
      "id": 68,
      "geometry": {
        "type": "LineString",
        "coordinates": [
          [
            80.33984418249977,
            7.059319008160414
          ],
          [
            80.3398553157486,
            7.059322824768406
          ]
        ]
      },
      "properties": {
        "OBJECTID": 68,
        "Entity": "Line",
        "Handle": "34906",
        "Layer": "0",
        "LyrFrzn": 0,
        "LyrOn": 1,
        "Color": 7,
        "Linetype": "Continuous",
        "Elevation": -1.990000000000535,
        "LineWt": 25,
        "RefName": "",
        "DocUpdate": 1783359710000,
        "DocId": 1.1061215596273316e+19,
        "t0": null,
        "t00": null,
        "Shape_Length": 1.2999846466328753
      }
    },
    {
      "type": "Feature",
      "id": 69,
      "geometry": {
        "type": "LineString",
        "coordinates": [
          [
            80.33984330058975,
            7.059321574889194
          ],
          [
            80.33985443383864,
            7.059325391497213
          ]
        ]
      },
      "properties": {
        "OBJECTID": 69,
        "Entity": "Line",
        "Handle": "34907",
        "Layer": "0",
        "LyrFrzn": 0,
        "LyrOn": 1,
        "Color": 7,
        "Linetype": "Continuous",
        "Elevation": -1.990000000000535,
        "LineWt": 25,
        "RefName": "",
        "DocUpdate": 1783359710000,
        "DocId": 1.1061215596273316e+19,
        "t0": null,
        "t00": null,
        "Shape_Length": 1.2999846466328753
      }
    },
    {
      "type": "Feature",
      "id": 70,
      "geometry": {
        "type": "LineString",
        "coordinates": [
          [
            80.33984241867972,
            7.059324141617971
          ],
          [
            80.33985355283409,
            7.059327958227297
          ]
        ]
      },
      "properties": {
        "OBJECTID": 70,
        "Entity": "Line",
        "Handle": "34908",
        "Layer": "0",
        "LyrFrzn": 0,
        "LyrOn": 1,
        "Color": 7,
        "Linetype": "Continuous",
        "Elevation": -1.990000000000535,
        "LineWt": 25,
        "RefName": "",
        "DocUpdate": 1783359710000,
        "DocId": 1.1061215596273316e+19,
        "t0": null,
        "t00": null,
        "Shape_Length": 1.300079278760812
      }
    },
    {
      "type": "Feature",
      "id": 71,
      "geometry": {
        "type": "LineString",
        "coordinates": [
          [
            80.33984153767511,
            7.059326708348027
          ],
          [
            80.33985267092409,
            7.05933052495608
          ]
        ]
      },
      "properties": {
        "OBJECTID": 71,
        "Entity": "Line",
        "Handle": "34909",
        "Layer": "0",
        "LyrFrzn": 0,
        "LyrOn": 1,
        "Color": 7,
        "Linetype": "Continuous",
        "Elevation": -1.990000000000535,
        "LineWt": 25,
        "RefName": "",
        "DocUpdate": 1783359710000,
        "DocId": 1.1061215596273316e+19,
        "t0": null,
        "t00": null,
        "Shape_Length": 1.2999846451494759
      }
    },
    {
      "type": "Feature",
      "id": 72,
      "geometry": {
        "type": "LineString",
        "coordinates": [
          [
            80.33984065576506,
            7.059329275076799
          ],
          [
            80.33985178991954,
            7.059333091686157
          ]
        ]
      },
      "properties": {
        "OBJECTID": 72,
        "Entity": "Line",
        "Handle": "3490A",
        "Layer": "0",
        "LyrFrzn": 0,
        "LyrOn": 1,
        "Color": 7,
        "Linetype": "Continuous",
        "Elevation": -1.990000000000535,
        "LineWt": 25,
        "RefName": "",
        "DocUpdate": 1783359710000,
        "DocId": 1.1061215596273316e+19,
        "t0": null,
        "t00": null,
        "Shape_Length": 1.3000792781587844
      }
    },
    {
      "type": "Feature",
      "id": 73,
      "geometry": {
        "type": "LineString",
        "coordinates": [
          [
            80.33983977476042,
            7.0593318418068485
          ],
          [
            80.33985090800951,
            7.059335658414951
          ]
        ]
      },
      "properties": {
        "OBJECTID": 73,
        "Entity": "Line",
        "Handle": "3490B",
        "Layer": "0",
        "LyrFrzn": 0,
        "LyrOn": 1,
        "Color": 7,
        "Linetype": "Continuous",
        "Elevation": -1.990000000000535,
        "LineWt": 25,
        "RefName": "",
        "DocUpdate": 1783359710000,
        "DocId": 1.1061215596273316e+19,
        "t0": null,
        "t00": null,
        "Shape_Length": 1.299984646030804
      }
    },
    {
      "type": "Feature",
      "id": 74,
      "geometry": {
        "type": "LineString",
        "coordinates": [
          [
            80.33983889285035,
            7.059334408535614
          ],
          [
            80.33985002609948,
            7.059338225143742
          ]
        ]
      },
      "properties": {
        "OBJECTID": 74,
        "Entity": "Line",
        "Handle": "3490C",
        "Layer": "0",
        "LyrFrzn": 0,
        "LyrOn": 1,
        "Color": 7,
        "Linetype": "Continuous",
        "Elevation": -1.990000000000535,
        "LineWt": 25,
        "RefName": "",
        "DocUpdate": 1783359710000,
        "DocId": 1.1061215596273316e+19,
        "t0": null,
        "t00": null,
        "Shape_Length": 1.299984646030804
      }
    },
    {
      "type": "Feature",
      "id": 75,
      "geometry": {
        "type": "LineString",
        "coordinates": [
          [
            80.33984393809713,
            7.059333654054053
          ],
          [
            80.33984650737901,
            7.059334534183665
          ],
          [
            80.33984445947489,
            7.059336316839717
          ],
          [
            80.33984393809713,
            7.059333654054053
          ]
        ]
      },
      "properties": {
        "OBJECTID": 75,
        "Entity": "LWPolyline",
        "Handle": "3490E",
        "Layer": "0",
        "LyrFrzn": 0,
        "LyrOn": 1,
        "Color": 7,
        "Linetype": "Continuous",
        "Elevation": -1.990000000000535,
        "LineWt": 25,
        "RefName": "",
        "DocUpdate": 1783359710000,
        "DocId": 1.1061215596273316e+19,
        "t0": null,
        "t00": null,
        "Shape_Length": 0.8999381317586566
      }
    },
    {
      "type": "Feature",
      "id": 76,
      "geometry": {
        "type": "LineString",
        "coordinates": [
          [
            80.33984445947489,
            7.059336316839717
          ],
          [
            80.33985953379734,
            7.059292425677806
          ]
        ]
      },
      "properties": {
        "OBJECTID": 76,
        "Entity": "Line",
        "Handle": "3490F",
        "Layer": "0",
        "LyrFrzn": 0,
        "LyrOn": 1,
        "Color": 7,
        "Linetype": "Continuous",
        "Elevation": -1.990000000000535,
        "LineWt": 25,
        "RefName": "",
        "DocUpdate": 1783359710000,
        "DocId": 1.1061215596273316e+19,
        "t0": null,
        "t00": null,
        "Shape_Length": 5.130017163586842
      }
    },
    {
      "type": "Feature",
      "id": 77,
      "geometry": {
        "type": "LineString",
        "coordinates": [
          [
            80.33985974183433,
            7.059293214727099
          ],
          [
            80.33986018278992,
            7.05929193091041
          ]
        ]
      },
      "properties": {
        "OBJECTID": 77,
        "Entity": "Line",
        "Handle": "34910",
        "Layer": "0",
        "LyrFrzn": 0,
        "LyrOn": 1,
        "Color": 7,
        "Linetype": "Continuous",
        "Elevation": -1.990000000000535,
        "LineWt": 25,
        "RefName": "",
        "DocUpdate": 1783359710000,
        "DocId": 1.1061215596273316e+19,
        "t0": null,
        "t00": null,
        "Shape_Length": 0.1500541579257335
      }
    },
    {
      "type": "Feature",
      "id": 78,
      "geometry": {
        "type": "LineString",
        "coordinates": [
          [
            80.33985932575906,
            7.059291637533063
          ],
          [
            80.3398588857102,
            7.059292920446483
          ]
        ]
      },
      "properties": {
        "OBJECTID": 78,
        "Entity": "Line",
        "Handle": "34911",
        "Layer": "0",
        "LyrFrzn": 0,
        "LyrOn": 1,
        "Color": 7,
        "Linetype": "Continuous",
        "Elevation": -1.990000000000535,
        "LineWt": 25,
        "RefName": "",
        "DocUpdate": 1783359710000,
        "DocId": 1.1061215596273316e+19,
        "t0": null,
        "t00": null,
        "Shape_Length": 0.14992721486241048
      }
    },
    {
      "type": "Feature",
      "id": 79,
      "geometry": {
        "type": "LineString",
        "coordinates": [
          [
            80.33987500013193,
            7.05920001216486
          ],
          [
            80.33987558746843,
            7.059198300709912
          ]
        ]
      },
      "properties": {
        "OBJECTID": 79,
        "Entity": "Line",
        "Handle": "34915",
        "Layer": "0",
        "LyrFrzn": 0,
        "LyrOn": 1,
        "Color": 7,
        "Linetype": "Continuous",
        "Elevation": -1.9899999997965878,
        "LineWt": 25,
        "RefName": "",
        "DocUpdate": 1783359710000,
        "DocId": 1.1061215596273316e+19,
        "t0": null,
        "t00": null,
        "Shape_Length": 0.2000191230056585
      }
    },
    {
      "type": "Feature",
      "id": 80,
      "geometry": {
        "type": "LineString",
        "coordinates": [
          [
            80.33987558746843,
            7.059198300709912
          ],
          [
            80.33987986990432,
            7.059199768497141
          ]
        ]
      },
      "properties": {
        "OBJECTID": 80,
        "Entity": "Line",
        "Handle": "34918",
        "Layer": "0",
        "LyrFrzn": 0,
        "LyrOn": 1,
        "Color": 7,
        "Linetype": "Continuous",
        "Elevation": -1.9899999998212436,
        "LineWt": 25,
        "RefName": "",
        "DocUpdate": 1783359710000,
        "DocId": 1.1061215596273316e+19,
        "t0": null,
        "t00": null,
        "Shape_Length": 0.5000327985930234
      }
    },
    {
      "type": "Feature",
      "id": 81,
      "geometry": {
        "type": "MultiLineString",
        "coordinates": [
          [
            [
              80.33989685776356,
              7.059177980556973
            ],
            [
              80.33990214740886,
              7.059162580180671
            ]
          ],
          [
            [
              80.33989757559446,
              7.059177467796164
            ],
            [
              80.33989730075494,
              7.059177443358252
            ],
            [
              80.33989703433444,
              7.059177371566225
            ],
            [
              80.33989678442802,
              7.059177254601446
            ],
            [
              80.33989655862896,
              7.05917709601783
            ],
            [
              80.33989636379806,
              7.059176900633862
            ],
            [
              80.33989620585514,
              7.059176674386182
            ],
            [
              80.33989608959924,
              7.059176424149215
            ],
            [
              80.3398960185627,
              7.059176157526282
            ],
            [
              80.33989599490397,
              7.059175882618586
            ],
            [
              80.33989601934188,
              7.059175607779059
            ],
            [
              80.33989609113391,
              7.059175341358561
            ],
            [
              80.33989620809868,
              7.059175091452143
            ],
            [
              80.3398963666823,
              7.0591748656530875
            ],
            [
              80.33989656206627,
              7.059174670822181
            ],
            [
              80.33989678831395,
              7.059174512879265
            ],
            [
              80.33989703855092,
              7.059174396623353
            ],
            [
              80.33989730517385,
              7.059174325586824
            ],
            [
              80.33989758008154,
              7.059174301928086
            ],
            [
              80.33989785492106,
              7.059174326365997
            ],
            [
              80.33989812134156,
              7.059174398158024
            ],
            [
              80.33989837124798,
              7.059174515122804
            ],
            [
              80.33989859704704,
              7.059174673706419
            ],
            [
              80.33989879187794,
              7.059174869090388
            ],
            [
              80.33989894982086,
              7.059175095338067
            ],
            [
              80.33989906607677,
              7.059175345575034
            ],
            [
              80.3398991371133,
              7.059175612197968
            ],
            [
              80.33989916077203,
              7.059175887105663
            ],
            [
              80.33989913633413,
              7.0591761619451905
            ],
            [
              80.3398990645421,
              7.059176428365689
            ],
            [
              80.33989894757732,
              7.059176678272106
            ],
            [
              80.33989878899371,
              7.059176904071162
            ],
            [
              80.33989859360973,
              7.059177098902068
            ],
            [
              80.33989836736205,
              7.059177256844984
            ],
            [
              80.33989811712509,
              7.059177373100896
            ],
            [
              80.33989785050215,
              7.0591774441374255
            ],
            [
              80.33989757559446,
              7.059177467796164
            ]
          ],
          [
            [
              80.33989548006038,
              7.059175165502614
            ],
            [
              80.33989967652235,
              7.059176603318378
            ]
          ],
          [
            [
              80.33989886721936,
              7.059176493629339
            ],
            [
              80.33989874654011,
              7.059176701021407
            ],
            [
              80.33989859280449,
              7.059176885250349
            ],
            [
              80.33989841036286,
              7.059177041102854
            ],
            [
              80.33989820437799,
              7.059177164168606
            ],
            [
              80.33989798067881,
              7.059177250965091
            ],
            [
              80.33989774559558,
              7.059177299036143
            ],
            [
              80.33989750578068,
              7.059177307021447
            ],
            [
              80.33989726802041,
              7.059177274695029
            ],
            [
              80.33989767624556,
              7.059176085808222
            ],
            [
              80.33989886721936,
              7.059176493629339
            ]
          ],
          [
            [
              80.33989863620837,
              7.059176581947056
            ],
            [
              80.33989851803669,
              7.059176734260808
            ],
            [
              80.33989837814939,
              7.059176866909088
            ],
            [
              80.33989821977714,
              7.059176976828404
            ],
            [
              80.33989804657753,
              7.05917706148018
            ],
            [
              80.33989786255061,
              7.0591771189093935
            ],
            [
              80.33989767194643,
              7.059177147789723
            ],
            [
              80.33989747916699,
              7.059177147454186
            ],
            [
              80.33989777465311,
              7.05917628675431
            ],
            [
              80.33989863620837,
              7.059176581947056
            ]
          ],
          [
            [
              80.33989837171306,
              7.05917665845843
            ],
            [
              80.33989822796708,
              7.05917678238514
            ],
            [
              80.33989806521551,
              7.059176880020465
            ],
            [
              80.33989788821357,
              7.059176948511708
            ],
            [
              80.33989770213292,
              7.059176985857701
            ],
            [
              80.33989787306066,
              7.059176487700397
            ],
            [
              80.33989837171306,
              7.05917665845843
            ]
          ],
          [
            [
              80.33989628845792,
              7.059175275190378
            ],
            [
              80.33989640913717,
              7.059175067798311
            ],
            [
              80.3398965628728,
              7.059174883569369
            ],
            [
              80.33989674531442,
              7.059174727716864
            ],
            [
              80.33989695129931,
              7.059174604651112
            ],
            [
              80.33989717499847,
              7.059174517854626
            ],
            [
              80.3398974100817,
              7.059174469783575
            ],
            [
              80.3398976498966,
              7.059174461798271
            ],
            [
              80.33989788765687,
              7.059174494124691
            ],
            [
              80.33989747943173,
              7.059175683011499
            ],
            [
              80.33989628845792,
              7.059175275190378
            ]
          ],
          [
            [
              80.3398965194689,
              7.059175186872664
            ],
            [
              80.33989663770012,
              7.059175034680607
            ],
            [
              80.33989677762784,
              7.059174902161621
            ],
            [
              80.33989693602042,
              7.059174792376206
            ],
            [
              80.3398971092198,
              7.05917470785984
            ],
            [
              80.339897293226,
              7.059174650564414
            ],
            [
              80.33989748378941,
              7.059174621813157
            ],
            [
              80.339897676509,
              7.059174622270067
            ],
            [
              80.33989738102417,
              7.0591754820654105
            ],
            [
              80.3398965194689,
              7.059175186872664
            ]
          ],
          [
            [
              80.33989678396422,
              7.059175110361272
            ],
            [
              80.3398969277684,
              7.059174986657494
            ],
            [
              80.33989709053934,
              7.059174889251713
            ],
            [
              80.33989726752124,
              7.059174820989909
            ],
            [
              80.33989745354307,
              7.059174783866536
            ],
            [
              80.33989728261662,
              7.059175281119323
            ],
            [
              80.33989678396422,
              7.059175110361272
            ]
          ]
        ]
      },
      "properties": {
        "OBJECTID": 81,
        "Entity": "Insert",
        "Handle": "3491B",
        "Layer": "0",
        "LyrFrzn": 0,
        "LyrOn": 1,
        "Color": 7,
        "Linetype": "Continuous",
        "Elevation": -1.9900000001393678,
        "LineWt": 25,
        "RefName": "11111",
        "DocUpdate": 1783359710000,
        "DocId": 1.1061215596273316e+19,
        "t0": "56.80",
        "t00": "",
        "Shape_Length": 5.471538901149787
      }
    },
    {
      "type": "Feature",
      "id": 82,
      "geometry": {
        "type": "MultiLineString",
        "coordinates": [
          [
            [
              80.33992715185185,
              7.059089775109599
            ],
            [
              80.33993244149491,
              7.059074374732727
            ]
          ],
          [
            [
              80.33992786968385,
              7.0590892614441945
            ],
            [
              80.33992759484431,
              7.059089237006305
            ],
            [
              80.33992732842381,
              7.059089165214298
            ],
            [
              80.33992707851738,
              7.059089048249538
            ],
            [
              80.3399268527183,
              7.059088889665939
            ],
            [
              80.33992665788739,
              7.059088694281984
            ],
            [
              80.33992649994445,
              7.059088468034315
            ],
            [
              80.33992638368852,
              7.059088217797354
            ],
            [
              80.33992631265197,
              7.059087951174424
            ],
            [
              80.3399262889932,
              7.059087676266727
            ],
            [
              80.33992631343109,
              7.059087401427195
            ],
            [
              80.3399263852231,
              7.059087135006688
            ],
            [
              80.33992650218786,
              7.059086885100259
            ],
            [
              80.33992666077145,
              7.059086659301187
            ],
            [
              80.33992685615542,
              7.059086464470263
            ],
            [
              80.33992708240308,
              7.059086306527327
            ],
            [
              80.33992733264004,
              7.059086190271394
            ],
            [
              80.33992759926298,
              7.059086119234842
            ],
            [
              80.33992787417067,
              7.059086095576081
            ],
            [
              80.3399281490102,
              7.05908612001397
            ],
            [
              80.3399284154307,
              7.059086191805977
            ],
            [
              80.33992866533714,
              7.059086308770738
            ],
            [
              80.33992889113621,
              7.059086467354336
            ],
            [
              80.33992908596713,
              7.0590866627382916
            ],
            [
              80.33992924391006,
              7.05908688898596
            ],
            [
              80.339929360166,
              7.059087139222921
            ],
            [
              80.33992943120255,
              7.059087405845852
            ],
            [
              80.33992945486132,
              7.0590876807535485
            ],
            [
              80.33992943042342,
              7.05908795559308
            ],
            [
              80.33992935863142,
              7.059088222013587
            ],
            [
              80.33992924166665,
              7.059088471920017
            ],
            [
              80.33992908308306,
              7.059088697719089
            ],
            [
              80.3399288876991,
              7.059088892550013
            ],
            [
              80.33992866145144,
              7.059089050492949
            ],
            [
              80.33992841121447,
              7.0590891667488815
            ],
            [
              80.33992814459154,
              7.059089237785433
            ],
            [
              80.33992786968385,
              7.0590892614441945
            ]
          ],
          [
            [
              80.33992577414998,
              7.059086959150794
            ],
            [
              80.33992997061,
              7.059088397870759
            ]
          ],
          [
            [
              80.33992916130715,
              7.059088288181785
            ],
            [
              80.33992904062798,
              7.059088495573852
            ],
            [
              80.3399288868924,
              7.059088679802801
            ],
            [
              80.33992870445083,
              7.059088835655318
            ],
            [
              80.339928498466,
              7.059088958721088
            ],
            [
              80.33992827476686,
              7.059089045517596
            ],
            [
              80.33992803968367,
              7.059089093588673
            ],
            [
              80.33992779986882,
              7.059089101574004
            ],
            [
              80.33992756210856,
              7.059089069247615
            ],
            [
              80.33992797033481,
              7.0590878794562295
            ],
            [
              80.33992916130715,
              7.059088288181785
            ]
          ],
          [
            [
              80.3399289302975,
              7.059088375594989
            ],
            [
              80.33992881212588,
              7.059088527908748
            ],
            [
              80.33992867223861,
              7.059088660557038
            ],
            [
              80.3399285138664,
              7.059088770476368
            ],
            [
              80.33992834066683,
              7.059088855128159
            ],
            [
              80.33992815663994,
              7.05908891255739
            ],
            [
              80.33992796603579,
              7.059088941437738
            ],
            [
              80.33992777325638,
              7.059088941102219
            ],
            [
              80.33992806874237,
              7.0590880804023115
            ],
            [
              80.3399289302975,
              7.059088375594989
            ]
          ],
          [
            [
              80.33992866580095,
              7.059088453010936
            ],
            [
              80.33992852199681,
              7.059088576714719
            ],
            [
              80.33992835922591,
              7.059088674120515
            ],
            [
              80.33992818224405,
              7.0590887423823405
            ],
            [
              80.33992799622224,
              7.059088779505732
            ],
            [
              80.33992816714864,
              7.059088282252925
            ],
            [
              80.33992866580095,
              7.059088453010936
            ]
          ],
          [
            [
              80.33992658254608,
              7.0590870697430255
            ],
            [
              80.33992670315754,
              7.059086862249425
            ],
            [
              80.3399268568434,
              7.059086677909046
            ],
            [
              80.33992703925466,
              7.059086521938361
            ],
            [
              80.33992724522942,
              7.059086398751035
            ],
            [
              80.339927468939,
              7.059086311833028
            ],
            [
              80.33992770405287,
              7.059086263643949
            ],
            [
              80.33992794391776,
              7.059086255547457
            ],
            [
              80.33992818174596,
              7.059086287772667
            ],
            [
              80.3399277735197,
              7.05908747756405
            ],
            [
              80.33992658254608,
              7.0590870697430255
            ]
          ],
          [
            [
              80.33992681355703,
              7.059086981425307
            ],
            [
              80.33992693172867,
              7.059086829111551
            ],
            [
              80.33992707161592,
              7.0590866964632575
            ],
            [
              80.33992722998813,
              7.059086586543926
            ],
            [
              80.3399274031877,
              7.05908650189213
            ],
            [
              80.33992758721459,
              7.059086444462896
            ],
            [
              80.33992777781874,
              7.059086415582542
            ],
            [
              80.33992797059815,
              7.059086415918061
            ],
            [
              80.33992767511216,
              7.05908727661797
            ],
            [
              80.33992681355703,
              7.059086981425307
            ]
          ],
          [
            [
              80.33992707805228,
              7.059086904913893
            ],
            [
              80.3399272217982,
              7.059086780987174
            ],
            [
              80.33992738454975,
              7.059086683351838
            ],
            [
              80.33992756155165,
              7.059086614860581
            ],
            [
              80.33992774763227,
              7.059086577514567
            ],
            [
              80.33992757670461,
              7.059087075671888
            ],
            [
              80.33992707805228,
              7.059086904913893
            ]
          ]
        ]
      },
      "properties": {
        "OBJECTID": 82,
        "Entity": "Insert",
        "Handle": "3491F",
        "Layer": "0",
        "LyrFrzn": 0,
        "LyrOn": 1,
        "Color": 7,
        "Linetype": "Continuous",
        "Elevation": -1.9900000033786398,
        "LineWt": 25,
        "RefName": "11111",
        "DocUpdate": 1783359710000,
        "DocId": 1.1061215596273316e+19,
        "t0": "56.80",
        "t00": "",
        "Shape_Length": 5.471981240495799
      }
    },
    {
      "type": "Feature",
      "id": 83,
      "geometry": {
        "type": "LineString",
        "coordinates": [
          [
            80.33993129443976,
            7.058982923660451
          ],
          [
            80.33994018011427,
            7.058981187761105
          ]
        ]
      },
      "properties": {
        "OBJECTID": 83,
        "Entity": "Line",
        "Handle": "34946",
        "Layer": "0",
        "LyrFrzn": 0,
        "LyrOn": 1,
        "Color": 7,
        "Linetype": "Continuous",
        "Elevation": -1.9900000001388065,
        "LineWt": 25,
        "RefName": "",
        "DocUpdate": 1783359710000,
        "DocId": 1.1061215596273316e+19,
        "t0": null,
        "t00": null,
        "Shape_Length": 0.9999610486561437
      }
    },
    {
      "type": "Feature",
      "id": 84,
      "geometry": {
        "type": "LineString",
        "coordinates": [
          [
            80.33993472181909,
            7.0589910096288895
          ],
          [
            80.33994005358504,
            7.058989968813403
          ]
        ]
      },
      "properties": {
        "OBJECTID": 84,
        "Entity": "Line",
        "Handle": "34947",
        "Layer": "0",
        "LyrFrzn": 0,
        "LyrOn": 1,
        "Color": 7,
        "Linetype": "Continuous",
        "Elevation": -1.9900000001388065,
        "LineWt": 25,
        "RefName": "",
        "DocUpdate": 1783359710000,
        "DocId": 1.1061215596273316e+19,
        "t0": null,
        "t00": null,
        "Shape_Length": 0.6000004160533831
      }
    },
    {
      "type": "Feature",
      "id": 85,
      "geometry": {
        "type": "LineString",
        "coordinates": [
          [
            80.33993990981897,
            7.058982162468136
          ],
          [
            80.33994069188547,
            7.0589861570988095
          ]
        ]
      },
      "properties": {
        "OBJECTID": 85,
        "Entity": "Line",
        "Handle": "34948",
        "Layer": "0",
        "LyrFrzn": 0,
        "LyrOn": 1,
        "Color": 7,
        "Linetype": "Continuous",
        "Elevation": -1.9900000001388065,
        "LineWt": 25,
        "RefName": "",
        "DocUpdate": 1783359710000,
        "DocId": 1.1061215596273316e+19,
        "t0": null,
        "t00": null,
        "Shape_Length": 0.44999027837221056
      }
    },
    {
      "type": "Feature",
      "id": 86,
      "geometry": {
        "type": "LineString",
        "coordinates": [
          [
            80.33993129443976,
            7.058982923660451
          ],
          [
            80.33994018011427,
            7.058981187761105
          ]
        ]
      },
      "properties": {
        "OBJECTID": 86,
        "Entity": "Line",
        "Handle": "34949",
        "Layer": "0",
        "LyrFrzn": 0,
        "LyrOn": 1,
        "Color": 7,
        "Linetype": "Continuous",
        "Elevation": -1.9900000001388065,
        "LineWt": 25,
        "RefName": "",
        "DocUpdate": 1783359710000,
        "DocId": 1.1061215596273316e+19,
        "t0": null,
        "t00": null,
        "Shape_Length": 0.9999610486561437
      }
    },
    {
      "type": "Feature",
      "id": 87,
      "geometry": {
        "type": "LineString",
        "coordinates": [
          [
            80.33993138073184,
            7.058983367909469
          ],
          [
            80.33994026731179,
            7.058981632011403
          ]
        ]
      },
      "properties": {
        "OBJECTID": 87,
        "Entity": "Line",
        "Handle": "3494A",
        "Layer": "0",
        "LyrFrzn": 0,
        "LyrOn": 1,
        "Color": 7,
        "Linetype": "Continuous",
        "Elevation": -1.9900000001388065,
        "LineWt": 25,
        "RefName": "",
        "DocUpdate": 1783359710000,
        "DocId": 1.1061215596273316e+19,
        "t0": null,
        "t00": null,
        "Shape_Length": 1.0000591634116776
      }
    },
    {
      "type": "Feature",
      "id": 88,
      "geometry": {
        "type": "LineString",
        "coordinates": [
          [
            80.33993146793063,
            7.058983811255235
          ],
          [
            80.33994035360516,
            7.05898207535587
          ]
        ]
      },
      "properties": {
        "OBJECTID": 88,
        "Entity": "Line",
        "Handle": "3494B",
        "Layer": "0",
        "LyrFrzn": 0,
        "LyrOn": 1,
        "Color": 7,
        "Linetype": "Continuous",
        "Elevation": -1.9900000001388065,
        "LineWt": 25,
        "RefName": "",
        "DocUpdate": 1783359710000,
        "DocId": 1.1061215596273316e+19,
        "t0": null,
        "t00": null,
        "Shape_Length": 0.999961049929963
      }
    },
    {
      "type": "Feature",
      "id": 89,
      "geometry": {
        "type": "LineString",
        "coordinates": [
          [
            80.33993269378198,
            7.058987719678191
          ],
          [
            80.33994069188547,
            7.0589861570988095
          ]
        ]
      },
      "properties": {
        "OBJECTID": 89,
        "Entity": "Line",
        "Handle": "3494C",
        "Layer": "0",
        "LyrFrzn": 0,
        "LyrOn": 1,
        "Color": 7,
        "Linetype": "Continuous",
        "Elevation": -1.9900000001388065,
        "LineWt": 25,
        "RefName": "",
        "DocUpdate": 1783359710000,
        "DocId": 1.1061215596273316e+19,
        "t0": null,
        "t00": null,
        "Shape_Length": 0.9000786691025005
      }
    },
    {
      "type": "Feature",
      "id": 90,
      "geometry": {
        "type": "LineString",
        "coordinates": [
          [
            80.33993140084986,
            7.058978755711085
          ],
          [
            80.3399321829163,
            7.058982750341767
          ]
        ]
      },
      "properties": {
        "OBJECTID": 90,
        "Entity": "Line",
        "Handle": "3494D",
        "Layer": "0",
        "LyrFrzn": 0,
        "LyrOn": 1,
        "Color": 7,
        "Linetype": "Continuous",
        "Elevation": -1.9900000001388065,
        "LineWt": 25,
        "RefName": "",
        "DocUpdate": 1783359710000,
        "DocId": 1.1061215596273316e+19,
        "t0": null,
        "t00": null,
        "Shape_Length": 0.44999027837221056
      }
    },
    {
      "type": "Feature",
      "id": 91,
      "geometry": {
        "type": "LineString",
        "coordinates": [
          [
            80.33993850957125,
            7.058977366449148
          ],
          [
            80.33993929163645,
            7.0589813619843556
          ]
        ]
      },
      "properties": {
        "OBJECTID": 91,
        "Entity": "Line",
        "Handle": "3494E",
        "Layer": "0",
        "LyrFrzn": 0,
        "LyrOn": 1,
        "Color": 7,
        "Linetype": "Continuous",
        "Elevation": -1.9900000001388065,
        "LineWt": 25,
        "RefName": "",
        "DocUpdate": 1783359710000,
        "DocId": 1.1061215596273316e+19,
        "t0": null,
        "t00": null,
        "Shape_Length": 0.45008839167162323
      }
    },
    {
      "type": "Feature",
      "id": 92,
      "geometry": {
        "type": "LineString",
        "coordinates": [
          [
            80.33994018011427,
            7.058981187761105
          ],
          [
            80.33994035360516,
            7.05898207535587
          ]
        ]
      },
      "properties": {
        "OBJECTID": 92,
        "Entity": "Line",
        "Handle": "3494F",
        "Layer": "0",
        "LyrFrzn": 0,
        "LyrOn": 1,
        "Color": 7,
        "Linetype": "Continuous",
        "Elevation": -1.9900000001388065,
        "LineWt": 25,
        "RefName": "",
        "DocUpdate": 1783359710000,
        "DocId": 1.1061215596273316e+19,
        "t0": null,
        "t00": null,
        "Shape_Length": 0.09998049738776812
      }
    },
    {
      "type": "Feature",
      "id": 93,
      "geometry": {
        "type": "LineString",
        "coordinates": [
          [
            80.33993129443976,
            7.058982923660451
          ],
          [
            80.33993146793063,
            7.058983811255235
          ]
        ]
      },
      "properties": {
        "OBJECTID": 93,
        "Entity": "Line",
        "Handle": "34950",
        "Layer": "0",
        "LyrFrzn": 0,
        "LyrOn": 1,
        "Color": 7,
        "Linetype": "Continuous",
        "Elevation": -1.9900000001388065,
        "LineWt": 25,
        "RefName": "",
        "DocUpdate": 1783359710000,
        "DocId": 1.1061215596273316e+19,
        "t0": null,
        "t00": null,
        "Shape_Length": 0.09998049903559911
      }
    },
    {
      "type": "Feature",
      "id": 94,
      "geometry": {
        "type": "LineString",
        "coordinates": [
          [
            80.33993191171554,
            7.0589837250475105
          ],
          [
            80.33993269378198,
            7.058987719678191
          ]
        ]
      },
      "properties": {
        "OBJECTID": 94,
        "Entity": "Line",
        "Handle": "34951",
        "Layer": "0",
        "LyrFrzn": 0,
        "LyrOn": 1,
        "Color": 7,
        "Linetype": "Continuous",
        "Elevation": -1.9900000001388065,
        "LineWt": 25,
        "RefName": "",
        "DocUpdate": 1783359710000,
        "DocId": 1.1061215596273316e+19,
        "t0": null,
        "t00": null,
        "Shape_Length": 0.44999027837221056
      }
    },
    {
      "type": "Feature",
      "id": 95,
      "geometry": {
        "type": "LineString",
        "coordinates": [
          [
            80.33994024719387,
            7.058986244209795
          ],
          [
            80.33994076857196,
            7.058988906995388
          ]
        ]
      },
      "properties": {
        "OBJECTID": 95,
        "Entity": "Line",
        "Handle": "34952",
        "Layer": "0",
        "LyrFrzn": 0,
        "LyrOn": 1,
        "Color": 7,
        "Linetype": "Continuous",
        "Elevation": -1.9900000001388065,
        "LineWt": 25,
        "RefName": "",
        "DocUpdate": 1783359710000,
        "DocId": 1.1061215596273316e+19,
        "t0": null,
        "t00": null,
        "Shape_Length": 0.2999608134109781
      }
    },
    {
      "type": "Feature",
      "id": 96,
      "geometry": {
        "type": "LineString",
        "coordinates": [
          [
            80.33993313847361,
            7.058987632567213
          ],
          [
            80.33993365985039,
            7.058990296257343
          ]
        ]
      },
      "properties": {
        "OBJECTID": 96,
        "Entity": "Line",
        "Handle": "34953",
        "Layer": "0",
        "LyrFrzn": 0,
        "LyrOn": 1,
        "Color": 7,
        "Linetype": "Continuous",
        "Elevation": -1.9900000001388065,
        "LineWt": 25,
        "RefName": "",
        "DocUpdate": 1783359710000,
        "DocId": 1.1061215596273316e+19,
        "t0": null,
        "t00": null,
        "Shape_Length": 0.30005892650273086
      }
    },
    {
      "type": "Feature",
      "id": 97,
      "geometry": {
        "type": "LineString",
        "coordinates": [
          [
            80.33994076857196,
            7.058988906995388
          ],
          [
            80.33993365985039,
            7.058990296257343
          ]
        ]
      },
      "properties": {
        "OBJECTID": 97,
        "Entity": "Line",
        "Handle": "34954",
        "Layer": "0",
        "LyrFrzn": 0,
        "LyrOn": 1,
        "Color": 7,
        "Linetype": "Continuous",
        "Elevation": -1.9900000001388065,
        "LineWt": 25,
        "RefName": "",
        "DocUpdate": 1783359710000,
        "DocId": 1.1061215596273316e+19,
        "t0": null,
        "t00": null,
        "Shape_Length": 0.8000000627817431
      }
    },
    {
      "type": "Feature",
      "id": 98,
      "geometry": {
        "type": "LineString",
        "coordinates": [
          [
            80.33993988009414,
            7.0589890812186376
          ],
          [
            80.33994005358504,
            7.058989968813403
          ]
        ]
      },
      "properties": {
        "OBJECTID": 98,
        "Entity": "Line",
        "Handle": "34955",
        "Layer": "0",
        "LyrFrzn": 0,
        "LyrOn": 1,
        "Color": 7,
        "Linetype": "Continuous",
        "Elevation": -1.9900000001388065,
        "LineWt": 25,
        "RefName": "",
        "DocUpdate": 1783359710000,
        "DocId": 1.1061215596273316e+19,
        "t0": null,
        "t00": null,
        "Shape_Length": 0.0999804972079878
      }
    },
    {
      "type": "Feature",
      "id": 99,
      "geometry": {
        "type": "LineString",
        "coordinates": [
          [
            80.3399345483282,
            7.058990122034123
          ],
          [
            80.33993472181909,
            7.0589910096288895
          ]
        ]
      },
      "properties": {
        "OBJECTID": 99,
        "Entity": "Line",
        "Handle": "34956",
        "Layer": "0",
        "LyrFrzn": 0,
        "LyrOn": 1,
        "Color": 7,
        "Linetype": "Continuous",
        "Elevation": -1.9900000001388065,
        "LineWt": 25,
        "RefName": "",
        "DocUpdate": 1783359710000,
        "DocId": 1.1061215596273316e+19,
        "t0": null,
        "t00": null,
        "Shape_Length": 0.09998049738776812
      }
    },
    {
      "type": "Feature",
      "id": 100,
      "geometry": {
        "type": "LineString",
        "coordinates": [
          [
            80.33993208136096,
            7.058944520907019
          ],
          [
            80.33992497264136,
            7.058945909264372
          ]
        ]
      },
      "properties": {
        "OBJECTID": 100,
        "Entity": "Line",
        "Handle": "34957",
        "Layer": "0",
        "LyrFrzn": 0,
        "LyrOn": 1,
        "Color": 7,
        "Linetype": "Continuous",
        "Elevation": -1.9900000001376696,
        "LineWt": 25,
        "RefName": "",
        "DocUpdate": 1783359710000,
        "DocId": 1.1061215596273316e+19,
        "t0": null,
        "t00": null,
        "Shape_Length": 0.7999807304187768
      }
    },
    {
      "type": "Feature",
      "id": 101,
      "geometry": {
        "type": "LineString",
        "coordinates": [
          [
            80.33992597804027,
            7.058939261445497
          ],
          [
            80.33992719428583,
            7.058945475516019
          ]
        ]
      },
      "properties": {
        "OBJECTID": 101,
        "Entity": "Line",
        "Handle": "34958",
        "Layer": "0",
        "LyrFrzn": 0,
        "LyrOn": 1,
        "Color": 7,
        "Linetype": "Continuous",
        "Elevation": -1.9900000001376696,
        "LineWt": 25,
        "RefName": "",
        "DocUpdate": 1783359710000,
        "DocId": 1.1061215596273316e+19,
        "t0": null,
        "t00": null,
        "Shape_Length": 0.700000235091721
      }
    },
    {
      "type": "Feature",
      "id": 102,
      "geometry": {
        "type": "LineString",
        "coordinates": [
          [
            80.33992864347087,
            7.058938740584877
          ],
          [
            80.33992985971648,
            7.058944954655396
          ]
        ]
      },
      "properties": {
        "OBJECTID": 102,
        "Entity": "Line",
        "Handle": "34959",
        "Layer": "0",
        "LyrFrzn": 0,
        "LyrOn": 1,
        "Color": 7,
        "Linetype": "Continuous",
        "Elevation": -1.9900000001376696,
        "LineWt": 25,
        "RefName": "",
        "DocUpdate": 1783359710000,
        "DocId": 1.1061215596273316e+19,
        "t0": null,
        "t00": null,
        "Shape_Length": 0.700000235091721
      }
    },
    {
      "type": "Feature",
      "id": 103,
      "geometry": {
        "type": "LineString",
        "coordinates": [
          [
            80.33993208136096,
            7.058944520907019
          ],
          [
            80.33993277622858,
            7.058948072191934
          ]
        ]
      },
      "properties": {
        "OBJECTID": 103,
        "Entity": "Line",
        "Handle": "3495A",
        "Layer": "0",
        "LyrFrzn": 0,
        "LyrOn": 1,
        "Color": 7,
        "Linetype": "Continuous",
        "Elevation": -1.9900000001376696,
        "LineWt": 25,
        "RefName": "",
        "DocUpdate": 1783359710000,
        "DocId": 1.1061215596273316e+19,
        "t0": null,
        "t00": null,
        "Shape_Length": 0.40003942313124363
      }
    },
    {
      "type": "Feature",
      "id": 104,
      "geometry": {
        "type": "LineString",
        "coordinates": [
          [
            80.33992497264136,
            7.058945909264372
          ],
          [
            80.33992566750891,
            7.058949460549292
          ]
        ]
      },
      "properties": {
        "OBJECTID": 104,
        "Entity": "Line",
        "Handle": "3495B",
        "Layer": "0",
        "LyrFrzn": 0,
        "LyrOn": 1,
        "Color": 7,
        "Linetype": "Continuous",
        "Elevation": -1.9900000001376696,
        "LineWt": 25,
        "RefName": "",
        "DocUpdate": 1783359710000,
        "DocId": 1.1061215596273316e+19,
        "t0": null,
        "t00": null,
        "Shape_Length": 0.40003942313124363
      }
    },
    {
      "type": "Feature",
      "id": 105,
      "geometry": {
        "type": "LineString",
        "coordinates": [
          [
            80.33992988890549,
            7.058948636156426
          ],
          [
            80.33992919313245,
            7.058945084870229
          ]
        ]
      },
      "properties": {
        "OBJECTID": 105,
        "Entity": "Line",
        "Handle": "3495C",
        "Layer": "0",
        "LyrFrzn": 0,
        "LyrOn": 1,
        "Color": 7,
        "Linetype": "Continuous",
        "Elevation": -1.9900000001376696,
        "LineWt": 25,
        "RefName": "",
        "DocUpdate": 1783359710000,
        "DocId": 1.1061215596273316e+19,
        "t0": null,
        "t00": null,
        "Shape_Length": 0.400058758225442
      }
    },
    {
      "type": "Feature",
      "id": 106,
      "geometry": {
        "type": "LineString",
        "coordinates": [
          [
            80.33992855573744,
            7.058948896586108
          ],
          [
            80.33992786086985,
            7.058945345301189
          ]
        ]
      },
      "properties": {
        "OBJECTID": 106,
        "Entity": "Line",
        "Handle": "3495D",
        "Layer": "0",
        "LyrFrzn": 0,
        "LyrOn": 1,
        "Color": 7,
        "Linetype": "Continuous",
        "Elevation": -1.9900000001376696,
        "LineWt": 25,
        "RefName": "",
        "DocUpdate": 1783359710000,
        "DocId": 1.1061215596273316e+19,
        "t0": null,
        "t00": null,
        "Shape_Length": 0.40003942313124363
      }
    },
    {
      "type": "Feature",
      "id": 107,
      "geometry": {
        "type": "LineString",
        "coordinates": [
          [
            80.33992325298368,
            7.058938410945838
          ],
          [
            80.3399229653285,
            7.058936940668685
          ]
        ]
      },
      "properties": {
        "OBJECTID": 107,
        "Entity": "Line",
        "Handle": "3495E",
        "Layer": "0",
        "LyrFrzn": 0,
        "LyrOn": 1,
        "Color": 7,
        "Linetype": "Continuous",
        "Elevation": -1.9900000001376696,
        "LineWt": 25,
        "RefName": "",
        "DocUpdate": 1783359710000,
        "DocId": 1.1061215596273316e+19,
        "t0": null,
        "t00": null,
        "Shape_Length": 0.1656208014018576
      }
    },
    {
      "type": "Feature",
      "id": 108,
      "geometry": {
        "type": "LineString",
        "coordinates": [
          [
            80.33993080639347,
            7.05893693638207
          ],
          [
            80.33993040097528,
            7.0589348671358
          ]
        ]
      },
      "properties": {
        "OBJECTID": 108,
        "Entity": "Line",
        "Handle": "3495F",
        "Layer": "0",
        "LyrFrzn": 0,
        "LyrOn": 1,
        "Color": 7,
        "Linetype": "Continuous",
        "Elevation": -1.9900000001376696,
        "LineWt": 25,
        "RefName": "",
        "DocUpdate": 1783359710000,
        "DocId": 1.1061215596273316e+19,
        "t0": null,
        "t00": null,
        "Shape_Length": 0.23310448374185577
      }
    },
    {
      "type": "Feature",
      "id": 109,
      "geometry": {
        "type": "LineString",
        "coordinates": [
          [
            80.33992447927993,
            7.058938172073876
          ],
          [
            80.33992473996955,
            7.058939503014411
          ]
        ]
      },
      "properties": {
        "OBJECTID": 109,
        "Entity": "Line",
        "Handle": "34960",
        "Layer": "0",
        "LyrFrzn": 0,
        "LyrOn": 1,
        "Color": 7,
        "Linetype": "Continuous",
        "Elevation": -1.9900000001376696,
        "LineWt": 25,
        "RefName": "",
        "DocUpdate": 1783359710000,
        "DocId": 1.1061215596273316e+19,
        "t0": null,
        "t00": null,
        "Shape_Length": 0.1499313506928076
      }
    },
    {
      "type": "Feature",
      "id": 110,
      "geometry": {
        "type": "LineString",
        "coordinates": [
          [
            80.33992952032204,
            7.058937186928461
          ],
          [
            80.33992978101041,
            7.058938518773527
          ]
        ]
      },
      "properties": {
        "OBJECTID": 110,
        "Entity": "Line",
        "Handle": "34961",
        "Layer": "0",
        "LyrFrzn": 0,
        "LyrOn": 1,
        "Color": 7,
        "Linetype": "Continuous",
        "Elevation": -1.9900000001376696,
        "LineWt": 25,
        "RefName": "",
        "DocUpdate": 1783359710000,
        "DocId": 1.1061215596273316e+19,
        "t0": null,
        "t00": null,
        "Shape_Length": 0.1500294633413756
      }
    },
    {
      "type": "Feature",
      "id": 111,
      "geometry": {
        "type": "LineString",
        "coordinates": [
          [
            80.33992978101041,
            7.058938518773527
          ],
          [
            80.33992473996955,
            7.058939503014411
          ]
        ]
      },
      "properties": {
        "OBJECTID": 111,
        "Entity": "Line",
        "Handle": "34962",
        "Layer": "0",
        "LyrFrzn": 0,
        "LyrOn": 1,
        "Color": 7,
        "Linetype": "Continuous",
        "Elevation": -1.9900000001376696,
        "LineWt": 25,
        "RefName": "",
        "DocUpdate": 1783359710000,
        "DocId": 1.1061215596273316e+19,
        "t0": null,
        "t00": null,
        "Shape_Length": 0.5672880395100276
      }
    },
    {
      "type": "Feature",
      "id": 112,
      "geometry": {
        "type": "LineString",
        "coordinates": [
          [
            80.33993080639347,
            7.05893693638207
          ],
          [
            80.33992325298368,
            7.058938410945838
          ]
        ]
      },
      "properties": {
        "OBJECTID": 112,
        "Entity": "Line",
        "Handle": "34963",
        "Layer": "0",
        "LyrFrzn": 0,
        "LyrOn": 1,
        "Color": 7,
        "Linetype": "Continuous",
        "Elevation": -1.9900000001376696,
        "LineWt": 25,
        "RefName": "",
        "DocUpdate": 1783359710000,
        "DocId": 1.1061215596273316e+19,
        "t0": null,
        "t00": null,
        "Shape_Length": 0.8500103759398714
      }
    },
    {
      "type": "Feature",
      "id": 113,
      "geometry": {
        "type": "LineString",
        "coordinates": [
          [
            80.33993678977058,
            7.0589329133299
          ],
          [
            80.33991563553006,
            7.058939075859592
          ]
        ]
      },
      "properties": {
        "OBJECTID": 113,
        "Entity": "Line",
        "Handle": "34964",
        "Layer": "0",
        "LyrFrzn": 0,
        "LyrOn": 1,
        "Color": 7,
        "Linetype": "Continuous",
        "Elevation": -1.9900000015403734,
        "LineWt": 25,
        "RefName": "",
        "DocUpdate": 1783359710000,
        "DocId": 1.1061215596273316e+19,
        "t0": null,
        "t00": null,
        "Shape_Length": 2.4336742433297642
      }
    },
    {
      "type": "Feature",
      "id": 114,
      "geometry": {
        "type": "LineString",
        "coordinates": [
          [
            80.33993491282013,
            7.058923319884549
          ],
          [
            80.33991299269368,
            7.058925571023651
          ]
        ]
      },
      "properties": {
        "OBJECTID": 114,
        "Entity": "Line",
        "Handle": "34965",
        "Layer": "0",
        "LyrFrzn": 0,
        "LyrOn": 1,
        "Color": 7,
        "Linetype": "Continuous",
        "Elevation": -1.9900000015403734,
        "LineWt": 25,
        "RefName": "",
        "DocUpdate": 1783359710000,
        "DocId": 1.1061215596273316e+19,
        "t0": null,
        "t00": null,
        "Shape_Length": 2.4337131402698113
      }
    },
    {
      "type": "Feature",
      "id": 115,
      "geometry": {
        "type": "LineString",
        "coordinates": [
          [
            80.33995195304799,
            7.0589175983758325
          ],
          [
            80.33993175504304,
            7.058923054007439
          ]
        ]
      },
      "properties": {
        "OBJECTID": 115,
        "Entity": "Line",
        "Handle": "34966",
        "Layer": "0",
        "LyrFrzn": 0,
        "LyrOn": 1,
        "Color": 7,
        "Linetype": "Continuous",
        "Elevation": -1.9900000001388065,
        "LineWt": 25,
        "RefName": "",
        "DocUpdate": 1783359710000,
        "DocId": 1.1061215596273316e+19,
        "t0": null,
        "t00": null,
        "Shape_Length": 2.3108556204836
      }
    },
    {
      "type": "Feature",
      "id": 116,
      "geometry": {
        "type": "LineString",
        "coordinates": [
          [
            80.33996387269201,
            7.058930016416939
          ],
          [
            80.34002803230233,
            7.058917485265824
          ]
        ]
      },
      "properties": {
        "OBJECTID": 116,
        "Entity": "Line",
        "Handle": "34967",
        "Layer": "0",
        "LyrFrzn": 0,
        "LyrOn": 1,
        "Color": 7,
        "Linetype": "Continuous",
        "Elevation": -1.9900000001388065,
        "LineWt": 25,
        "RefName": "",
        "DocUpdate": 1783359710000,
        "DocId": 1.1061215596273316e+19,
        "t0": null,
        "t00": null,
        "Shape_Length": 7.220222570087374
      }
    },
    {
      "type": "Feature",
      "id": 117,
      "geometry": {
        "type": "LineString",
        "coordinates": [
          [
            80.33996109321812,
            7.058915813086453
          ],
          [
            80.34003346104757,
            7.058901678042898
          ]
        ]
      },
      "properties": {
        "OBJECTID": 117,
        "Entity": "Line",
        "Handle": "34968",
        "Layer": "0",
        "LyrFrzn": 0,
        "LyrOn": 1,
        "Color": 7,
        "Linetype": "Continuous",
        "Elevation": -1.9900000001388065,
        "LineWt": 25,
        "RefName": "",
        "DocUpdate": 1783359710000,
        "DocId": 1.1061215596273316e+19,
        "t0": null,
        "t00": null,
        "Shape_Length": 8.143952858146669
      }
    },
    {
      "type": "Feature",
      "id": 118,
      "geometry": {
        "type": "LineString",
        "coordinates": [
          [
            80.33995473252159,
            7.058931801706364
          ],
          [
            80.3399303431353,
            7.058934791072997
          ]
        ]
      },
      "properties": {
        "OBJECTID": 118,
        "Entity": "Line",
        "Handle": "34969",
        "Layer": "0",
        "LyrFrzn": 0,
        "LyrOn": 1,
        "Color": 7,
        "Linetype": "Continuous",
        "Elevation": -1.9900000001388065,
        "LineWt": 25,
        "RefName": "",
        "DocUpdate": 1783359710000,
        "DocId": 1.1061215596273316e+19,
        "t0": null,
        "t00": null,
        "Shape_Length": 2.7138685914996006
      }
    },
    {
      "type": "Feature",
      "id": 119,
      "geometry": {
        "type": "LineString",
        "coordinates": [
          [
            80.33991563553006,
            7.058939075859592
          ],
          [
            80.33991451150489,
            7.058939305713064
          ],
          [
            80.33991336494063,
            7.058939346402486
          ],
          [
            80.33991222744947,
            7.058939196805995
          ],
          [
            80.33991113039347,
            7.0589388610481505
          ],
          [
            80.33991010401978,
            7.058938348386207
          ],
          [
            80.33990917662679,
            7.058937672954888
          ],
          [
            80.33990837378387,
            7.058936853376662
          ],
          [
            80.33990771762639,
            7.058935912248309
          ],
          [
            80.3399072262454,
            7.0589348755178944
          ],
          [
            80.3399069131889,
            7.05893377176935
          ],
          [
            80.33990678708822,
            7.058932631434381
          ],
          [
            80.33990685142014,
            7.058931485953423
          ],
          [
            80.33990710441094,
            7.058930366908792
          ],
          [
            80.33990753908533,
            7.058929305153928
          ],
          [
            80.33990814345883,
            7.058928329962715
          ],
          [
            80.3399089008681,
            7.0589274682223735
          ],
          [
            80.33990979043044,
            7.058926743692145
          ],
          [
            80.33991078761953,
            7.058926176348217
          ],
          [
            80.33991186494164,
            7.0589257818329605
          ],
          [
            80.33991299269368,
            7.058925571023651
          ]
        ]
      },
      "properties": {
        "OBJECTID": 119,
        "Entity": "Arc",
        "Handle": "3496A",
        "Layer": "0",
        "LyrFrzn": 0,
        "LyrOn": 1,
        "Color": 7,
        "Linetype": "Continuous",
        "Elevation": -1.9900000001388065,
        "LineWt": 25,
        "RefName": "",
        "DocUpdate": 1783359710000,
        "DocId": 1.1061215596273316e+19,
        "t0": null,
        "t00": null,
        "Shape_Length": 2.537961861175711
      }
    },
    {
      "type": "Feature",
      "id": 120,
      "geometry": {
        "type": "LineString",
        "coordinates": [
          [
            80.33993491282013,
            7.058923319884549
          ],
          [
            80.33993576670002,
            7.058923305927447
          ],
          [
            80.33993661007038,
            7.058923440211276
          ],
          [
            80.33993741739108,
            7.058923718669465
          ],
          [
            80.33993816421378,
            7.058924132869365
          ],
          [
            80.33993882792217,
            7.058924670267612
          ],
          [
            80.33993938841691,
            7.058925314589988
          ],
          [
            80.33993982872438,
            7.05892604632425
          ],
          [
            80.33994013551056,
            7.058926843311029
          ],
          [
            80.33994029948497,
            7.058927681414894
          ],
          [
            80.33994031568187,
            7.058928535255249
          ],
          [
            80.3399401836108,
            7.058929378974944
          ],
          [
            80.33993990727132,
            7.058930187023318
          ],
          [
            80.33993949503187,
            7.058930934929956
          ],
          [
            80.3399389593765,
            7.058931600045737
          ],
          [
            80.3399383165266,
            7.058932162228725
          ],
          [
            80.33993758594985,
            7.0589326044541325
          ],
          [
            80.33993678977058,
            7.0589329133299
          ]
        ]
      },
      "properties": {
        "OBJECTID": 120,
        "Entity": "Arc",
        "Handle": "3496B",
        "Layer": "0",
        "LyrFrzn": 0,
        "LyrOn": 1,
        "Color": 7,
        "Linetype": "Continuous",
        "Elevation": -1.9900000003512233,
        "LineWt": 25,
        "RefName": "",
        "DocUpdate": 1783359710000,
        "DocId": 1.1061215596273316e+19,
        "t0": null,
        "t00": null,
        "Shape_Length": 1.6061254030102705
      }
    },
    {
      "type": "Feature",
      "id": 121,
      "geometry": {
        "type": "LineString",
        "coordinates": [
          [
            80.33989897105785,
            7.059077037378623
          ],
          [
            80.33990785763967,
            7.059075301481359
          ]
        ]
      },
      "properties": {
        "OBJECTID": 121,
        "Entity": "Line",
        "Handle": "3498E",
        "Layer": "0",
        "LyrFrzn": 0,
        "LyrOn": 1,
        "Color": 7,
        "Linetype": "Continuous",
        "Elevation": -1.9900000001388065,
        "LineWt": 25,
        "RefName": "",
        "DocUpdate": 1783359710000,
        "DocId": 1.1061215596273316e+19,
        "t0": null,
        "t00": null,
        "Shape_Length": 1.0000591634116776
      }
    },
    {
      "type": "Feature",
      "id": 122,
      "geometry": {
        "type": "LineString",
        "coordinates": [
          [
            80.33990239843713,
            7.0590851233472796
          ],
          [
            80.3399077302055,
            7.059084081627741
          ]
        ]
      },
      "properties": {
        "OBJECTID": 122,
        "Entity": "Line",
        "Handle": "3498F",
        "Layer": "0",
        "LyrFrzn": 0,
        "LyrOn": 1,
        "Color": 7,
        "Linetype": "Continuous",
        "Elevation": -1.9900000001388065,
        "LineWt": 25,
        "RefName": "",
        "DocUpdate": 1783359710000,
        "DocId": 1.1061215596273316e+19,
        "t0": null,
        "t00": null,
        "Shape_Length": 0.6000197416097848
      }
    },
    {
      "type": "Feature",
      "id": 123,
      "geometry": {
        "type": "LineString",
        "coordinates": [
          [
            80.33990758643881,
            7.059076276187075
          ],
          [
            80.33990836850512,
            7.059080270817777
          ]
        ]
      },
      "properties": {
        "OBJECTID": 123,
        "Entity": "Line",
        "Handle": "34990",
        "Layer": "0",
        "LyrFrzn": 0,
        "LyrOn": 1,
        "Color": 7,
        "Linetype": "Continuous",
        "Elevation": -1.9900000001388065,
        "LineWt": 25,
        "RefName": "",
        "DocUpdate": 1783359710000,
        "DocId": 1.1061215596273316e+19,
        "t0": null,
        "t00": null,
        "Shape_Length": 0.449990278192151
      }
    },
    {
      "type": "Feature",
      "id": 124,
      "geometry": {
        "type": "LineString",
        "coordinates": [
          [
            80.33989897105785,
            7.059077037378623
          ],
          [
            80.33990785763967,
            7.059075301481359
          ]
        ]
      },
      "properties": {
        "OBJECTID": 124,
        "Entity": "Line",
        "Handle": "34991",
        "Layer": "0",
        "LyrFrzn": 0,
        "LyrOn": 1,
        "Color": 7,
        "Linetype": "Continuous",
        "Elevation": -1.9900000001388065,
        "LineWt": 25,
        "RefName": "",
        "DocUpdate": 1783359710000,
        "DocId": 1.1061215596273316e+19,
        "t0": null,
        "t00": null,
        "Shape_Length": 1.0000591634116776
      }
    },
    {
      "type": "Feature",
      "id": 125,
      "geometry": {
        "type": "LineString",
        "coordinates": [
          [
            80.33989905825662,
            7.059077480724392
          ],
          [
            80.33990794393303,
            7.05907574482583
          ]
        ]
      },
      "properties": {
        "OBJECTID": 125,
        "Entity": "Line",
        "Handle": "34992",
        "Layer": "0",
        "LyrFrzn": 0,
        "LyrOn": 1,
        "Color": 7,
        "Linetype": "Continuous",
        "Elevation": -1.9900000001388065,
        "LineWt": 25,
        "RefName": "",
        "DocUpdate": 1783359710000,
        "DocId": 1.1061215596273316e+19,
        "t0": null,
        "t00": null,
        "Shape_Length": 0.999961049016207
      }
    },
    {
      "type": "Feature",
      "id": 126,
      "geometry": {
        "type": "LineString",
        "coordinates": [
          [
            80.33989914454868,
            7.059077924973397
          ],
          [
            80.33990803113052,
            7.059076189076131
          ]
        ]
      },
      "properties": {
        "OBJECTID": 126,
        "Entity": "Line",
        "Handle": "34993",
        "Layer": "0",
        "LyrFrzn": 0,
        "LyrOn": 1,
        "Color": 7,
        "Linetype": "Continuous",
        "Elevation": -1.9900000001388065,
        "LineWt": 25,
        "RefName": "",
        "DocUpdate": 1783359710000,
        "DocId": 1.1061215596273316e+19,
        "t0": null,
        "t00": null,
        "Shape_Length": 1.0000591634116776
      }
    },
    {
      "type": "Feature",
      "id": 127,
      "geometry": {
        "type": "LineString",
        "coordinates": [
          [
            80.33990037130663,
            7.059081832493168
          ],
          [
            80.33990836850512,
            7.059080270817777
          ]
        ]
      },
      "properties": {
        "OBJECTID": 127,
        "Entity": "Line",
        "Handle": "34994",
        "Layer": "0",
        "LyrFrzn": 0,
        "LyrOn": 1,
        "Color": 7,
        "Linetype": "Continuous",
        "Elevation": -1.9900000001388065,
        "LineWt": 25,
        "RefName": "",
        "DocUpdate": 1783359710000,
        "DocId": 1.1061215596273316e+19,
        "t0": null,
        "t00": null,
        "Shape_Length": 0.8999612261868312
      }
    },
    {
      "type": "Feature",
      "id": 128,
      "geometry": {
        "type": "LineString",
        "coordinates": [
          [
            80.33989907837504,
            7.059072868526059
          ],
          [
            80.33989985953583,
            7.05907686315547
          ]
        ]
      },
      "properties": {
        "OBJECTID": 128,
        "Entity": "Line",
        "Handle": "34995",
        "Layer": "0",
        "LyrFrzn": 0,
        "LyrOn": 1,
        "Color": 7,
        "Linetype": "Continuous",
        "Elevation": -1.9900000001388065,
        "LineWt": 25,
        "RefName": "",
        "DocUpdate": 1783359710000,
        "DocId": 1.1061215596273316e+19,
        "t0": null,
        "t00": null,
        "Shape_Length": 0.4499709533429751
      }
    },
    {
      "type": "Feature",
      "id": 129,
      "geometry": {
        "type": "LineString",
        "coordinates": [
          [
            80.33990618709667,
            7.059071480169294
          ],
          [
            80.33990696825754,
            7.0590754747987
          ]
        ]
      },
      "properties": {
        "OBJECTID": 129,
        "Entity": "Line",
        "Handle": "34996",
        "Layer": "0",
        "LyrFrzn": 0,
        "LyrOn": 1,
        "Color": 7,
        "Linetype": "Continuous",
        "Elevation": -1.9900000001388065,
        "LineWt": 25,
        "RefName": "",
        "DocUpdate": 1783359710000,
        "DocId": 1.1061215596273316e+19,
        "t0": null,
        "t00": null,
        "Shape_Length": 0.44997095352283545
      }
    },
    {
      "type": "Feature",
      "id": 130,
      "geometry": {
        "type": "LineString",
        "coordinates": [
          [
            80.33990785763967,
            7.059075301481359
          ],
          [
            80.33990803113052,
            7.059076189076131
          ]
        ]
      },
      "properties": {
        "OBJECTID": 130,
        "Entity": "Line",
        "Handle": "34997",
        "Layer": "0",
        "LyrFrzn": 0,
        "LyrOn": 1,
        "Color": 7,
        "Linetype": "Continuous",
        "Elevation": -1.9900000001388065,
        "LineWt": 25,
        "RefName": "",
        "DocUpdate": 1783359710000,
        "DocId": 1.1061215596273316e+19,
        "t0": null,
        "t00": null,
        "Shape_Length": 0.0999804972079878
      }
    },
    {
      "type": "Feature",
      "id": 131,
      "geometry": {
        "type": "LineString",
        "coordinates": [
          [
            80.33989897105785,
            7.059077037378623
          ],
          [
            80.33989914454868,
            7.059077924973397
          ]
        ]
      },
      "properties": {
        "OBJECTID": 131,
        "Entity": "Line",
        "Handle": "34998",
        "Layer": "0",
        "LyrFrzn": 0,
        "LyrOn": 1,
        "Color": 7,
        "Linetype": "Continuous",
        "Elevation": -1.9900000001388065,
        "LineWt": 25,
        "RefName": "",
        "DocUpdate": 1783359710000,
        "DocId": 1.1061215596273316e+19,
        "t0": null,
        "t00": null,
        "Shape_Length": 0.0999804972079878
      }
    },
    {
      "type": "Feature",
      "id": 132,
      "geometry": {
        "type": "LineString",
        "coordinates": [
          [
            80.33989958924039,
            7.0590778378624774
          ],
          [
            80.33990037130663,
            7.059081832493168
          ]
        ]
      },
      "properties": {
        "OBJECTID": 132,
        "Entity": "Line",
        "Handle": "34999",
        "Layer": "0",
        "LyrFrzn": 0,
        "LyrOn": 1,
        "Color": 7,
        "Linetype": "Continuous",
        "Elevation": -1.9900000001388065,
        "LineWt": 25,
        "RefName": "",
        "DocUpdate": 1783359710000,
        "DocId": 1.1061215596273316e+19,
        "t0": null,
        "t00": null,
        "Shape_Length": 0.44999027654470924
      }
    },
    {
      "type": "Feature",
      "id": 133,
      "geometry": {
        "type": "LineString",
        "coordinates": [
          [
            80.33990792381469,
            7.059080357024172
          ],
          [
            80.33990844519137,
            7.059083020714332
          ]
        ]
      },
      "properties": {
        "OBJECTID": 133,
        "Entity": "Line",
        "Handle": "3499A",
        "Layer": "0",
        "LyrFrzn": 0,
        "LyrOn": 1,
        "Color": 7,
        "Linetype": "Continuous",
        "Elevation": -1.9900000001388065,
        "LineWt": 25,
        "RefName": "",
        "DocUpdate": 1783359710000,
        "DocId": 1.1061215596273316e+19,
        "t0": null,
        "t00": null,
        "Shape_Length": 0.3000589283302476
      }
    },
    {
      "type": "Feature",
      "id": 134,
      "geometry": {
        "type": "LineString",
        "coordinates": [
          [
            80.33990081509164,
            7.059081746285482
          ],
          [
            80.33990133646958,
            7.059084409071115
          ]
        ]
      },
      "properties": {
        "OBJECTID": 134,
        "Entity": "Line",
        "Handle": "3499B",
        "Layer": "0",
        "LyrFrzn": 0,
        "LyrOn": 1,
        "Color": 7,
        "Linetype": "Continuous",
        "Elevation": -1.9900000001388065,
        "LineWt": 25,
        "RefName": "",
        "DocUpdate": 1783359710000,
        "DocId": 1.1061215596273316e+19,
        "t0": null,
        "t00": null,
        "Shape_Length": 0.2999608152384717
      }
    },
    {
      "type": "Feature",
      "id": 135,
      "geometry": {
        "type": "LineString",
        "coordinates": [
          [
            80.33990844519137,
            7.059083020714332
          ],
          [
            80.33990133646958,
            7.059084409071115
          ]
        ]
      },
      "properties": {
        "OBJECTID": 135,
        "Entity": "Line",
        "Handle": "3499C",
        "Layer": "0",
        "LyrFrzn": 0,
        "LyrOn": 1,
        "Color": 7,
        "Linetype": "Continuous",
        "Elevation": -1.9900000001388065,
        "LineWt": 25,
        "RefName": "",
        "DocUpdate": 1783359710000,
        "DocId": 1.1061215596273316e+19,
        "t0": null,
        "t00": null,
        "Shape_Length": 0.7999807304187768
      }
    },
    {
      "type": "Feature",
      "id": 136,
      "geometry": {
        "type": "LineString",
        "coordinates": [
          [
            80.33990755671465,
            7.059083194032953
          ],
          [
            80.3399077302055,
            7.059084081627741
          ]
        ]
      },
      "properties": {
        "OBJECTID": 136,
        "Entity": "Line",
        "Handle": "3499D",
        "Layer": "0",
        "LyrFrzn": 0,
        "LyrOn": 1,
        "Color": 7,
        "Linetype": "Continuous",
        "Elevation": -1.9900000001388065,
        "LineWt": 25,
        "RefName": "",
        "DocUpdate": 1783359710000,
        "DocId": 1.1061215596273316e+19,
        "t0": null,
        "t00": null,
        "Shape_Length": 0.09998049903559911
      }
    },
    {
      "type": "Feature",
      "id": 137,
      "geometry": {
        "type": "LineString",
        "coordinates": [
          [
            80.3399022249463,
            7.05908423575249
          ],
          [
            80.33990239843713,
            7.0590851233472796
          ]
        ]
      },
      "properties": {
        "OBJECTID": 137,
        "Entity": "Line",
        "Handle": "3499E",
        "Layer": "0",
        "LyrFrzn": 0,
        "LyrOn": 1,
        "Color": 7,
        "Linetype": "Continuous",
        "Elevation": -1.9900000001388065,
        "LineWt": 25,
        "RefName": "",
        "DocUpdate": 1783359710000,
        "DocId": 1.1061215596273316e+19,
        "t0": null,
        "t00": null,
        "Shape_Length": 0.09998049903559911
      }
    },
    {
      "type": "Feature",
      "id": 138,
      "geometry": {
        "type": "LineString",
        "coordinates": [
          [
            80.33989975888802,
            7.059038634626941
          ],
          [
            80.33989265016689,
            7.0590400229836545
          ]
        ]
      },
      "properties": {
        "OBJECTID": 138,
        "Entity": "Line",
        "Handle": "3499F",
        "Layer": "0",
        "LyrFrzn": 0,
        "LyrOn": 1,
        "Color": 7,
        "Linetype": "Continuous",
        "Elevation": -1.9900000001376696,
        "LineWt": 25,
        "RefName": "",
        "DocUpdate": 1783359710000,
        "DocId": 1.1061215596273316e+19,
        "t0": null,
        "t00": null,
        "Shape_Length": 0.7999807313325428
      }
    },
    {
      "type": "Feature",
      "id": 139,
      "geometry": {
        "type": "LineString",
        "coordinates": [
          [
            80.3398936555666,
            7.059033375164921
          ],
          [
            80.33989487090643,
            7.059039589234221
          ]
        ]
      },
      "properties": {
        "OBJECTID": 139,
        "Entity": "Line",
        "Handle": "349A0",
        "Layer": "0",
        "LyrFrzn": 0,
        "LyrOn": 1,
        "Color": 7,
        "Linetype": "Continuous",
        "Elevation": -1.9900000001376696,
        "LineWt": 25,
        "RefName": "",
        "DocUpdate": 1783359710000,
        "DocId": 1.1061215596273316e+19,
        "t0": null,
        "t00": null,
        "Shape_Length": 0.6999809152633293
      }
    },
    {
      "type": "Feature",
      "id": 140,
      "geometry": {
        "type": "LineString",
        "coordinates": [
          [
            80.33989632099777,
            7.05903285430456
          ],
          [
            80.33989753724306,
            7.059039068375119
          ]
        ]
      },
      "properties": {
        "OBJECTID": 140,
        "Entity": "Line",
        "Handle": "349A1",
        "Layer": "0",
        "LyrFrzn": 0,
        "LyrOn": 1,
        "Color": 7,
        "Linetype": "Continuous",
        "Elevation": -1.9900000001376696,
        "LineWt": 25,
        "RefName": "",
        "DocUpdate": 1783359710000,
        "DocId": 1.1061215596273316e+19,
        "t0": null,
        "t00": null,
        "Shape_Length": 0.7000002349117097
      }
    },
    {
      "type": "Feature",
      "id": 141,
      "geometry": {
        "type": "LineString",
        "coordinates": [
          [
            80.33989975888802,
            7.059038634626941
          ],
          [
            80.33990045375674,
            7.05904218500735
          ]
        ]
      },
      "properties": {
        "OBJECTID": 141,
        "Entity": "Line",
        "Handle": "349A2",
        "Layer": "0",
        "LyrFrzn": 0,
        "LyrOn": 1,
        "Color": 7,
        "Linetype": "Continuous",
        "Elevation": -1.9900000001376696,
        "LineWt": 25,
        "RefName": "",
        "DocUpdate": 1783359710000,
        "DocId": 1.1061215596273316e+19,
        "t0": null,
        "t00": null,
        "Shape_Length": 0.3999413084347249
      }
    },
    {
      "type": "Feature",
      "id": 142,
      "geometry": {
        "type": "LineString",
        "coordinates": [
          [
            80.33989265016689,
            7.0590400229836545
          ],
          [
            80.33989334503555,
            7.059043573364067
          ]
        ]
      },
      "properties": {
        "OBJECTID": 142,
        "Entity": "Line",
        "Handle": "349A3",
        "Layer": "0",
        "LyrFrzn": 0,
        "LyrOn": 1,
        "Color": 7,
        "Linetype": "Continuous",
        "Elevation": -1.9900000001376696,
        "LineWt": 25,
        "RefName": "",
        "DocUpdate": 1783359710000,
        "DocId": 1.1061215596273316e+19,
        "t0": null,
        "t00": null,
        "Shape_Length": 0.3999413084347249
      }
    },
    {
      "type": "Feature",
      "id": 143,
      "geometry": {
        "type": "LineString",
        "coordinates": [
          [
            80.3398975655276,
            7.059042748970301
          ],
          [
            80.3398968706589,
            7.059039198589892
          ]
        ]
      },
      "properties": {
        "OBJECTID": 143,
        "Entity": "Line",
        "Handle": "349A4",
        "Layer": "0",
        "LyrFrzn": 0,
        "LyrOn": 1,
        "Color": 7,
        "Linetype": "Continuous",
        "Elevation": -1.9900000001376696,
        "LineWt": 25,
        "RefName": "",
        "DocUpdate": 1783359710000,
        "DocId": 1.1061215596273316e+19,
        "t0": null,
        "t00": null,
        "Shape_Length": 0.3999413084347249
      }
    },
    {
      "type": "Feature",
      "id": 144,
      "geometry": {
        "type": "LineString",
        "coordinates": [
          [
            80.33989623235928,
            7.059043009399844
          ],
          [
            80.33989553749058,
            7.059039459019452
          ]
        ]
      },
      "properties": {
        "OBJECTID": 144,
        "Entity": "Line",
        "Handle": "349A5",
        "Layer": "0",
        "LyrFrzn": 0,
        "LyrOn": 1,
        "Color": 7,
        "Linetype": "Continuous",
        "Elevation": -1.9900000001376696,
        "LineWt": 25,
        "RefName": "",
        "DocUpdate": 1783359710000,
        "DocId": 1.1061215596273316e+19,
        "t0": null,
        "t00": null,
        "Shape_Length": 0.3999413066072019
      }
    },
    {
      "type": "Feature",
      "id": 145,
      "geometry": {
        "type": "LineString",
        "coordinates": [
          [
            80.33989093050955,
            7.059032524665048
          ],
          [
            80.33989064195029,
            7.059031053482072
          ]
        ]
      },
      "properties": {
        "OBJECTID": 145,
        "Entity": "Line",
        "Handle": "349A6",
        "Layer": "0",
        "LyrFrzn": 0,
        "LyrOn": 1,
        "Color": 7,
        "Linetype": "Continuous",
        "Elevation": -1.9900000001376696,
        "LineWt": 25,
        "RefName": "",
        "DocUpdate": 1783359710000,
        "DocId": 1.1061215596273316e+19,
        "t0": null,
        "t00": null,
        "Shape_Length": 0.16573825705157144
      }
    },
    {
      "type": "Feature",
      "id": 146,
      "geometry": {
        "type": "LineString",
        "coordinates": [
          [
            80.33989848301681,
            7.05903104919613
          ],
          [
            80.33989807850286,
            7.059028980855675
          ]
        ]
      },
      "properties": {
        "OBJECTID": 146,
        "Entity": "Line",
        "Handle": "349A7",
        "Layer": "0",
        "LyrFrzn": 0,
        "LyrOn": 1,
        "Color": 7,
        "Linetype": "Continuous",
        "Elevation": -1.9900000001376696,
        "LineWt": 25,
        "RefName": "",
        "DocUpdate": 1783359710000,
        "DocId": 1.1061215596273316e+19,
        "t0": null,
        "t00": null,
        "Shape_Length": 0.23298703736860704
      }
    },
    {
      "type": "Feature",
      "id": 147,
      "geometry": {
        "type": "LineString",
        "coordinates": [
          [
            80.33989215680734,
            7.059032284888664
          ],
          [
            80.33989241749563,
            7.059033616733741
          ]
        ]
      },
      "properties": {
        "OBJECTID": 147,
        "Entity": "Line",
        "Handle": "349A8",
        "Layer": "0",
        "LyrFrzn": 0,
        "LyrOn": 1,
        "Color": 7,
        "Linetype": "Continuous",
        "Elevation": -1.9900000001376696,
        "LineWt": 25,
        "RefName": "",
        "DocUpdate": 1783359710000,
        "DocId": 1.1061215596273316e+19,
        "t0": null,
        "t00": null,
        "Shape_Length": 0.1500294633413756
      }
    },
    {
      "type": "Feature",
      "id": 148,
      "geometry": {
        "type": "LineString",
        "coordinates": [
          [
            80.33989719784924,
            7.059031300648236
          ],
          [
            80.33989745853883,
            7.059032631588779
          ]
        ]
      },
      "properties": {
        "OBJECTID": 148,
        "Entity": "Line",
        "Handle": "349A9",
        "Layer": "0",
        "LyrFrzn": 0,
        "LyrOn": 1,
        "Color": 7,
        "Linetype": "Continuous",
        "Elevation": -1.9900000001376696,
        "LineWt": 25,
        "RefName": "",
        "DocUpdate": 1783359710000,
        "DocId": 1.1061215596273316e+19,
        "t0": null,
        "t00": null,
        "Shape_Length": 0.1499313506928076
      }
    },
    {
      "type": "Feature",
      "id": 149,
      "geometry": {
        "type": "LineString",
        "coordinates": [
          [
            80.33989745853883,
            7.059032631588779
          ],
          [
            80.33989241749563,
            7.059033616733741
          ]
        ]
      },
      "properties": {
        "OBJECTID": 149,
        "Entity": "Line",
        "Handle": "349AA",
        "Layer": "0",
        "LyrFrzn": 0,
        "LyrOn": 1,
        "Color": 7,
        "Linetype": "Continuous",
        "Elevation": -1.9900000001376696,
        "LineWt": 25,
        "RefName": "",
        "DocUpdate": 1783359710000,
        "DocId": 1.1061215596273316e+19,
        "t0": null,
        "t00": null,
        "Shape_Length": 0.5673073679531028
      }
    },
    {
      "type": "Feature",
      "id": 150,
      "geometry": {
        "type": "LineString",
        "coordinates": [
          [
            80.33989848301681,
            7.05903104919613
          ],
          [
            80.33989093050955,
            7.059032524665048
          ]
        ]
      },
      "properties": {
        "OBJECTID": 150,
        "Entity": "Line",
        "Handle": "349AB",
        "Layer": "0",
        "LyrFrzn": 0,
        "LyrOn": 1,
        "Color": 7,
        "Linetype": "Continuous",
        "Elevation": -1.9900000001376696,
        "LineWt": 25,
        "RefName": "",
        "DocUpdate": 1783359710000,
        "DocId": 1.1061215596273316e+19,
        "t0": null,
        "t00": null,
        "Shape_Length": 0.8499315855083641
      }
    },
    {
      "type": "Feature",
      "id": 151,
      "geometry": {
        "type": "LineString",
        "coordinates": [
          [
            80.33990446730085,
            7.059027026145826
          ],
          [
            80.33988331305567,
            7.059033188673576
          ]
        ]
      },
      "properties": {
        "OBJECTID": 151,
        "Entity": "Line",
        "Handle": "349AC",
        "Layer": "0",
        "LyrFrzn": 0,
        "LyrOn": 1,
        "Color": 7,
        "Linetype": "Continuous",
        "Elevation": -1.9900000015403734,
        "LineWt": 25,
        "RefName": "",
        "DocUpdate": 1783359710000,
        "DocId": 1.1061215596273316e+19,
        "t0": null,
        "t00": null,
        "Shape_Length": 2.4336742428057963
      }
    },
    {
      "type": "Feature",
      "id": 152,
      "geometry": {
        "type": "LineString",
        "coordinates": [
          [
            80.33990258944418,
            7.059017433603663
          ],
          [
            80.33988067021996,
            7.059019683837559
          ]
        ]
      },
      "properties": {
        "OBJECTID": 152,
        "Entity": "Line",
        "Handle": "349AD",
        "Layer": "0",
        "LyrFrzn": 0,
        "LyrOn": 1,
        "Color": 7,
        "Linetype": "Continuous",
        "Elevation": -1.9900000015403734,
        "LineWt": 25,
        "RefName": "",
        "DocUpdate": 1783359710000,
        "DocId": 1.1061215596273316e+19,
        "t0": null,
        "t00": null,
        "Shape_Length": 2.4336033140242996
      }
    },
    {
      "type": "Feature",
      "id": 153,
      "geometry": {
        "type": "LineString",
        "coordinates": [
          [
            80.33991962967714,
            7.059011711191957
          ],
          [
            80.33989943257194,
            7.05901716772754
          ]
        ]
      },
      "properties": {
        "OBJECTID": 153,
        "Entity": "Line",
        "Handle": "349AE",
        "Layer": "0",
        "LyrFrzn": 0,
        "LyrOn": 1,
        "Color": 7,
        "Linetype": "Continuous",
        "Elevation": -1.9900000001388065,
        "LineWt": 25,
        "RefName": "",
        "DocUpdate": 1783359710000,
        "DocId": 1.1061215596273316e+19,
        "t0": null,
        "t00": null,
        "Shape_Length": 2.3107853641721623
      }
    },
    {
      "type": "Feature",
      "id": 154,
      "geometry": {
        "type": "LineString",
        "coordinates": [
          [
            80.33993155022657,
            7.059024130139812
          ],
          [
            80.33999570894639,
            7.059011598088646
          ]
        ]
      },
      "properties": {
        "OBJECTID": 154,
        "Entity": "Line",
        "Handle": "349AF",
        "Layer": "0",
        "LyrFrzn": 0,
        "LyrOn": 1,
        "Color": 7,
        "Linetype": "Continuous",
        "Elevation": -1.9900000001388065,
        "LineWt": 25,
        "RefName": "",
        "DocUpdate": 1783359710000,
        "DocId": 1.1061215596273316e+19,
        "t0": null,
        "t00": null,
        "Shape_Length": 7.220143783106419
      }
    },
    {
      "type": "Feature",
      "id": 155,
      "geometry": {
        "type": "LineString",
        "coordinates": [
          [
            80.33992876984924,
            7.059009925903401
          ],
          [
            80.34000113769409,
            7.05899579086638
          ]
        ]
      },
      "properties": {
        "OBJECTID": 155,
        "Entity": "Line",
        "Handle": "349B0",
        "Layer": "0",
        "LyrFrzn": 0,
        "LyrOn": 1,
        "Color": 7,
        "Linetype": "Continuous",
        "Elevation": -1.9900000001388065,
        "LineWt": 25,
        "RefName": "",
        "DocUpdate": 1783359710000,
        "DocId": 1.1061215596273316e+19,
        "t0": null,
        "t00": null,
        "Shape_Length": 8.143952857786672
      }
    },
    {
      "type": "Feature",
      "id": 156,
      "geometry": {
        "type": "LineString",
        "coordinates": [
          [
            80.33992240914877,
            7.0590259154271155
          ],
          [
            80.33989802066415,
            7.059028903888338
          ]
        ]
      },
      "properties": {
        "OBJECTID": 156,
        "Entity": "Line",
        "Handle": "349B1",
        "Layer": "0",
        "LyrFrzn": 0,
        "LyrOn": 1,
        "Color": 7,
        "Linetype": "Continuous",
        "Elevation": -1.9900000001388065,
        "LineWt": 25,
        "RefName": "",
        "DocUpdate": 1783359710000,
        "DocId": 1.1061215596273316e+19,
        "t0": null,
        "t00": null,
        "Shape_Length": 2.7137570357689462
      }
    },
    {
      "type": "Feature",
      "id": 157,
      "geometry": {
        "type": "LineString",
        "coordinates": [
          [
            80.33988331305567,
            7.059033188673576
          ],
          [
            80.33988218903038,
            7.059033418527235
          ],
          [
            80.33988104246599,
            7.0590334592167885
          ],
          [
            80.33987990497468,
            7.059033309620383
          ],
          [
            80.33987880791851,
            7.059032973862576
          ],
          [
            80.33987778154466,
            7.0590324612006246
          ],
          [
            80.33987685415153,
            7.059031785769253
          ],
          [
            80.3398760513085,
            7.059030966190938
          ],
          [
            80.33987539515093,
            7.059030025062466
          ],
          [
            80.33987490376991,
            7.059028988331912
          ],
          [
            80.3398745907134,
            7.059027884583218
          ],
          [
            80.33987446461279,
            7.059026744248098
          ],
          [
            80.3398745289448,
            7.0590255987670005
          ],
          [
            80.33987478193573,
            7.059024479722255
          ],
          [
            80.3398752166103,
            7.059023417967307
          ],
          [
            80.33987582098399,
            7.059022442776052
          ],
          [
            80.3398765783935,
            7.059021581035717
          ],
          [
            80.33987746795607,
            7.059020856505549
          ],
          [
            80.3398784651454,
            7.0590202891617375
          ],
          [
            80.33987954246773,
            7.059019894646655
          ],
          [
            80.33988067021996,
            7.059019683837559
          ]
        ]
      },
      "properties": {
        "OBJECTID": 157,
        "Entity": "Arc",
        "Handle": "349B2",
        "Layer": "0",
        "LyrFrzn": 0,
        "LyrOn": 1,
        "Color": 7,
        "Linetype": "Continuous",
        "Elevation": -1.9900000001388065,
        "LineWt": 25,
        "RefName": "",
        "DocUpdate": 1783359710000,
        "DocId": 1.1061215596273316e+19,
        "t0": null,
        "t00": null,
        "Shape_Length": 2.53796185805541
      }
    },
    {
      "type": "Feature",
      "id": 158,
      "geometry": {
        "type": "LineString",
        "coordinates": [
          [
            80.33990258944418,
            7.059017433603663
          ],
          [
            80.3399034432604,
            7.05901741955466
          ],
          [
            80.33990428658394,
            7.059017553736942
          ],
          [
            80.33990509387617,
            7.05901783208702
          ],
          [
            80.33990584068955,
            7.0590182461755155
          ],
          [
            80.33990650440806,
            7.059018783462442
          ],
          [
            80.33990706493208,
            7.059019427676946
          ],
          [
            80.33990750528706,
            7.059020159310047
          ],
          [
            80.33990781213757,
            7.05902095620544
          ],
          [
            80.33990797619116,
            7.059021794230455
          ],
          [
            80.33990799247971,
            7.059022648006882
          ],
          [
            80.33990786050997,
            7.059023491679502
          ],
          [
            80.33990758427841,
            7.059024299699075
          ],
          [
            80.33990717215026,
            7.059025047596056
          ],
          [
            80.33990663660614,
            7.0590257127216125
          ],
          [
            80.33990599386414,
            7.059026274933507
          ],
          [
            80.33990526338863,
            7.059026717206079
          ],
          [
            80.33990446730085,
            7.059027026145826
          ]
        ]
      },
      "properties": {
        "OBJECTID": 158,
        "Entity": "Arc",
        "Handle": "349B3",
        "Layer": "0",
        "LyrFrzn": 0,
        "LyrOn": 1,
        "Color": 7,
        "Linetype": "Continuous",
        "Elevation": -1.9900000003512233,
        "LineWt": 25,
        "RefName": "",
        "DocUpdate": 1783359710000,
        "DocId": 1.1061215596273316e+19,
        "t0": null,
        "t00": null,
        "Shape_Length": 1.606008305793216
      }
    },
    {
      "type": "Feature",
      "id": 159,
      "geometry": {
        "type": "LineString",
        "coordinates": [
          [
            80.3398905377914,
            7.059109653856158
          ],
          [
            80.33990422655071,
            7.0591074534887515
          ]
        ]
      },
      "properties": {
        "OBJECTID": 159,
        "Entity": "Line",
        "Handle": "349B5",
        "Layer": "0",
        "LyrFrzn": 0,
        "LyrOn": 1,
        "Color": 7,
        "Linetype": "Continuous",
        "Elevation": -1.990000000136682,
        "LineWt": 25,
        "RefName": "",
        "DocUpdate": 1783359710000,
        "DocId": 1.1061215596273316e+19,
        "t0": null,
        "t00": null,
        "Shape_Length": 1.5312914191119922
      }
    },
    {
      "type": "Feature",
      "id": 160,
      "geometry": {
        "type": "LineString",
        "coordinates": [
          [
            80.3399076518697,
            7.059106771791341
          ],
          [
            80.33996700322463,
            7.059095179089507
          ]
        ]
      },
      "properties": {
        "OBJECTID": 160,
        "Entity": "Line",
        "Handle": "349B6",
        "Layer": "0",
        "LyrFrzn": 0,
        "LyrOn": 1,
        "Color": 7,
        "Linetype": "Continuous",
        "Elevation": -1.990000000136682,
        "LineWt": 25,
        "RefName": "",
        "DocUpdate": 1783359710000,
        "DocId": 1.1061215596273316e+19,
        "t0": null,
        "t00": null,
        "Shape_Length": 6.679135651632871
      }
    },
    {
      "type": "Feature",
      "id": 161,
      "geometry": {
        "type": "LineString",
        "coordinates": [
          [
            80.33990660911502,
            7.0591014453155685
          ],
          [
            80.33996903889206,
            7.059089251833485
          ]
        ]
      },
      "properties": {
        "OBJECTID": 161,
        "Entity": "Line",
        "Handle": "349B7",
        "Layer": "0",
        "LyrFrzn": 0,
        "LyrOn": 1,
        "Color": 7,
        "Linetype": "Continuous",
        "Elevation": -1.990000000136682,
        "LineWt": 25,
        "RefName": "",
        "DocUpdate": 1783359710000,
        "DocId": 1.1061215596273316e+19,
        "t0": null,
        "t00": null,
        "Shape_Length": 7.025556807348942
      }
    },
    {
      "type": "Feature",
      "id": 162,
      "geometry": {
        "type": "LineString",
        "coordinates": [
          [
            80.33989068838069,
            7.059104979429426
          ],
          [
            80.33990317930352,
            7.059102102584166
          ]
        ]
      },
      "properties": {
        "OBJECTID": 162,
        "Entity": "Line",
        "Handle": "349B8",
        "Layer": "0",
        "LyrFrzn": 0,
        "LyrOn": 1,
        "Color": 7,
        "Linetype": "Continuous",
        "Elevation": -1.990000000136682,
        "LineWt": 25,
        "RefName": "",
        "DocUpdate": 1783359710000,
        "DocId": 1.1061215596273316e+19,
        "t0": null,
        "t00": null,
        "Shape_Length": 1.4157389617333207
      }
    },
    {
      "type": "Feature",
      "id": 163,
      "geometry": {
        "type": "LineString",
        "coordinates": [
          [
            80.3398898046804,
            7.059134362921329
          ],
          [
            80.33989527320813,
            7.059133294259387
          ]
        ]
      },
      "properties": {
        "OBJECTID": 163,
        "Entity": "Line",
        "Handle": "349C9",
        "Layer": "0",
        "LyrFrzn": 0,
        "LyrOn": 1,
        "Color": 7,
        "Linetype": "Continuous",
        "Elevation": -1.9900000001372788,
        "LineWt": 25,
        "RefName": "",
        "DocUpdate": 1783359710000,
        "DocId": 1.1061215596273316e+19,
        "t0": null,
        "t00": null,
        "Shape_Length": 0.6154148514566767
      }
    },
    {
      "type": "Feature",
      "id": 164,
      "geometry": {
        "type": "LineString",
        "coordinates": [
          [
            80.33989191453325,
            7.059139339042222
          ],
          [
            80.33989519492557,
            7.059138697844024
          ]
        ]
      },
      "properties": {
        "OBJECTID": 164,
        "Entity": "Line",
        "Handle": "349CA",
        "Layer": "0",
        "LyrFrzn": 0,
        "LyrOn": 1,
        "Color": 7,
        "Linetype": "Continuous",
        "Elevation": -1.9900000001372788,
        "LineWt": 25,
        "RefName": "",
        "DocUpdate": 1783359710000,
        "DocId": 1.1061215596273316e+19,
        "t0": null,
        "t00": null,
        "Shape_Length": 0.3691704216255297
      }
    },
    {
      "type": "Feature",
      "id": 165,
      "geometry": {
        "type": "LineString",
        "coordinates": [
          [
            80.3398951066627,
            7.059133894635401
          ],
          [
            80.3398955875859,
            7.059136352938772
          ]
        ]
      },
      "properties": {
        "OBJECTID": 165,
        "Entity": "Line",
        "Handle": "349CB",
        "Layer": "0",
        "LyrFrzn": 0,
        "LyrOn": 1,
        "Color": 7,
        "Linetype": "Continuous",
        "Elevation": -1.9900000001372788,
        "LineWt": 25,
        "RefName": "",
        "DocUpdate": 1783359710000,
        "DocId": 1.1061215596273316e+19,
        "t0": null,
        "t00": null,
        "Shape_Length": 0.2769172083016945
      }
    },
    {
      "type": "Feature",
      "id": 166,
      "geometry": {
        "type": "LineString",
        "coordinates": [
          [
            80.3398898046804,
            7.059134362921329
          ],
          [
            80.33989527320813,
            7.059133294259387
          ]
        ]
      },
      "properties": {
        "OBJECTID": 166,
        "Entity": "Line",
        "Handle": "349CC",
        "Layer": "0",
        "LyrFrzn": 0,
        "LyrOn": 1,
        "Color": 7,
        "Linetype": "Continuous",
        "Elevation": -1.9900000001372788,
        "LineWt": 25,
        "RefName": "",
        "DocUpdate": 1783359710000,
        "DocId": 1.1061215596273316e+19,
        "t0": null,
        "t00": null,
        "Shape_Length": 0.6154148514566767
      }
    },
    {
      "type": "Feature",
      "id": 167,
      "geometry": {
        "type": "LineString",
        "coordinates": [
          [
            80.33988985861917,
            7.0591346361673715
          ],
          [
            80.33989532624149,
            7.059133567504131
          ]
        ]
      },
      "properties": {
        "OBJECTID": 167,
        "Entity": "Line",
        "Handle": "349CD",
        "Layer": "0",
        "LyrFrzn": 0,
        "LyrOn": 1,
        "Color": 7,
        "Linetype": "Continuous",
        "Elevation": -1.9900000001372788,
        "LineWt": 25,
        "RefName": "",
        "DocUpdate": 1783359710000,
        "DocId": 1.1061215596273316e+19,
        "t0": null,
        "t00": null,
        "Shape_Length": 0.6153167396080815
      }
    },
    {
      "type": "Feature",
      "id": 168,
      "geometry": {
        "type": "LineString",
        "coordinates": [
          [
            80.33988991165381,
            7.059134908507584
          ],
          [
            80.33989538018027,
            7.059133840750171
          ]
        ]
      },
      "properties": {
        "OBJECTID": 168,
        "Entity": "Line",
        "Handle": "349CE",
        "Layer": "0",
        "LyrFrzn": 0,
        "LyrOn": 1,
        "Color": 7,
        "Linetype": "Continuous",
        "Elevation": -1.9900000001372788,
        "LineWt": 25,
        "RefName": "",
        "DocUpdate": 1783359710000,
        "DocId": 1.1061215596273316e+19,
        "t0": null,
        "t00": null,
        "Shape_Length": 0.6153955227607981
      }
    },
    {
      "type": "Feature",
      "id": 169,
      "geometry": {
        "type": "LineString",
        "coordinates": [
          [
            80.33989066609325,
            7.059137313830245
          ],
          [
            80.3398955875859,
            7.059136352938772
          ]
        ]
      },
      "properties": {
        "OBJECTID": 169,
        "Entity": "Line",
        "Handle": "349CF",
        "Layer": "0",
        "LyrFrzn": 0,
        "LyrOn": 1,
        "Color": 7,
        "Linetype": "Continuous",
        "Elevation": -1.9900000001372788,
        "LineWt": 25,
        "RefName": "",
        "DocUpdate": 1783359710000,
        "DocId": 1.1061215596273316e+19,
        "t0": null,
        "t00": null,
        "Shape_Length": 0.5538344162435287
      }
    },
    {
      "type": "Feature",
      "id": 170,
      "geometry": {
        "type": "LineString",
        "coordinates": [
          [
            80.33988990315204,
            7.059131963327804
          ],
          [
            80.33989035171425,
            7.0591342560553905
          ]
        ]
      },
      "properties": {
        "OBJECTID": 170,
        "Entity": "Line",
        "Handle": "349D0",
        "Layer": "0",
        "LyrFrzn": 0,
        "LyrOn": 1,
        "Color": 7,
        "Linetype": "Continuous",
        "Elevation": -1.9900000001372788,
        "LineWt": 25,
        "RefName": "",
        "DocUpdate": 1783359710000,
        "DocId": 1.1061215596273316e+19,
        "t0": null,
        "t00": null,
        "Shape_Length": 0.258266470729768
      }
    },
    {
      "type": "Feature",
      "id": 171,
      "geometry": {
        "type": "LineString",
        "coordinates": [
          [
            80.33989427761077,
            7.059131109302262
          ],
          [
            80.33989472617428,
            7.0591334011253135
          ]
        ]
      },
      "properties": {
        "OBJECTID": 171,
        "Entity": "Line",
        "Handle": "349D1",
        "Layer": "0",
        "LyrFrzn": 0,
        "LyrOn": 1,
        "Color": 7,
        "Linetype": "Continuous",
        "Elevation": -1.9900000001372788,
        "LineWt": 25,
        "RefName": "",
        "DocUpdate": 1783359710000,
        "DocId": 1.1061215596273316e+19,
        "t0": null,
        "t00": null,
        "Shape_Length": 0.25816835590231707
      }
    },
    {
      "type": "Feature",
      "id": 172,
      "geometry": {
        "type": "LineString",
        "coordinates": [
          [
            80.33989527320813,
            7.059133294259387
          ],
          [
            80.33989538018027,
            7.059133840750171
          ]
        ]
      },
      "properties": {
        "OBJECTID": 172,
        "Entity": "Line",
        "Handle": "349D2",
        "Layer": "0",
        "LyrFrzn": 0,
        "LyrOn": 1,
        "Color": 7,
        "Linetype": "Continuous",
        "Elevation": -1.9900000001372788,
        "LineWt": 25,
        "RefName": "",
        "DocUpdate": 1783359710000,
        "DocId": 1.1061215596273316e+19,
        "t0": null,
        "t00": null,
        "Shape_Length": 0.06156110775030675
      }
    },
    {
      "type": "Feature",
      "id": 173,
      "geometry": {
        "type": "LineString",
        "coordinates": [
          [
            80.3398898046804,
            7.059134362921329
          ],
          [
            80.33988991165381,
            7.059134908507584
          ]
        ]
      },
      "properties": {
        "OBJECTID": 173,
        "Entity": "Line",
        "Handle": "349D3",
        "Layer": "0",
        "LyrFrzn": 0,
        "LyrOn": 1,
        "Color": 7,
        "Linetype": "Continuous",
        "Elevation": -1.9900000001372788,
        "LineWt": 25,
        "RefName": "",
        "DocUpdate": 1783359710000,
        "DocId": 1.1061215596273316e+19,
        "t0": null,
        "t00": null,
        "Shape_Length": 0.06146299706297424
      }
    },
    {
      "type": "Feature",
      "id": 174,
      "geometry": {
        "type": "LineString",
        "coordinates": [
          [
            80.3398901851701,
            7.059134855526889
          ],
          [
            80.33989066609325,
            7.059137313830245
          ]
        ]
      },
      "properties": {
        "OBJECTID": 174,
        "Entity": "Line",
        "Handle": "349D4",
        "Layer": "0",
        "LyrFrzn": 0,
        "LyrOn": 1,
        "Color": 7,
        "Linetype": "Continuous",
        "Elevation": -1.9900000001372788,
        "LineWt": 25,
        "RefName": "",
        "DocUpdate": 1783359710000,
        "DocId": 1.1061215596273316e+19,
        "t0": null,
        "t00": null,
        "Shape_Length": 0.276917206294212
      }
    },
    {
      "type": "Feature",
      "id": 175,
      "geometry": {
        "type": "LineString",
        "coordinates": [
          [
            80.33989531406961,
            7.05913640591947
          ],
          [
            80.33989563498731,
            7.059138044487295
          ]
        ]
      },
      "properties": {
        "OBJECTID": 175,
        "Entity": "Line",
        "Handle": "349D5",
        "Layer": "0",
        "LyrFrzn": 0,
        "LyrOn": 1,
        "Color": 7,
        "Linetype": "Continuous",
        "Elevation": -1.9900000001372788,
        "LineWt": 25,
        "RefName": "",
        "DocUpdate": 1783359710000,
        "DocId": 1.1061215596273316e+19,
        "t0": null,
        "t00": null,
        "Shape_Length": 0.1845852105360198
      }
    },
    {
      "type": "Feature",
      "id": 176,
      "geometry": {
        "type": "LineString",
        "coordinates": [
          [
            80.33989093960955,
            7.05913726084955
          ],
          [
            80.33989126052725,
            7.059138899417376
          ]
        ]
      },
      "properties": {
        "OBJECTID": 176,
        "Entity": "Line",
        "Handle": "349D6",
        "Layer": "0",
        "LyrFrzn": 0,
        "LyrOn": 1,
        "Color": 7,
        "Linetype": "Continuous",
        "Elevation": -1.9900000001372788,
        "LineWt": 25,
        "RefName": "",
        "DocUpdate": 1783359710000,
        "DocId": 1.1061215596273316e+19,
        "t0": null,
        "t00": null,
        "Shape_Length": 0.1845852105360198
      }
    },
    {
      "type": "Feature",
      "id": 177,
      "geometry": {
        "type": "LineString",
        "coordinates": [
          [
            80.33989563498731,
            7.059138044487295
          ],
          [
            80.33989126052725,
            7.059138899417376
          ]
        ]
      },
      "properties": {
        "OBJECTID": 177,
        "Entity": "Line",
        "Handle": "349D7",
        "Layer": "0",
        "LyrFrzn": 0,
        "LyrOn": 1,
        "Color": 7,
        "Linetype": "Continuous",
        "Elevation": -1.9900000001372788,
        "LineWt": 25,
        "RefName": "",
        "DocUpdate": 1783359710000,
        "DocId": 1.1061215596273316e+19,
        "t0": null,
        "t00": null,
        "Shape_Length": 0.4922926366199099
      }
    },
    {
      "type": "Feature",
      "id": 178,
      "geometry": {
        "type": "LineString",
        "coordinates": [
          [
            80.33989508795344,
            7.059138151353239
          ],
          [
            80.33989519492557,
            7.059138697844024
          ]
        ]
      },
      "properties": {
        "OBJECTID": 178,
        "Entity": "Line",
        "Handle": "349D8",
        "Layer": "0",
        "LyrFrzn": 0,
        "LyrOn": 1,
        "Color": 7,
        "Linetype": "Continuous",
        "Elevation": -1.9900000001372788,
        "LineWt": 25,
        "RefName": "",
        "DocUpdate": 1783359710000,
        "DocId": 1.1061215596273316e+19,
        "t0": null,
        "t00": null,
        "Shape_Length": 0.06156110775030675
      }
    },
    {
      "type": "Feature",
      "id": 179,
      "geometry": {
        "type": "LineString",
        "coordinates": [
          [
            80.33989180756112,
            7.059138792551436
          ],
          [
            80.33989191453325,
            7.059139339042222
          ]
        ]
      },
      "properties": {
        "OBJECTID": 179,
        "Entity": "Line",
        "Handle": "349D9",
        "Layer": "0",
        "LyrFrzn": 0,
        "LyrOn": 1,
        "Color": 7,
        "Linetype": "Continuous",
        "Elevation": -1.9900000001372788,
        "LineWt": 25,
        "RefName": "",
        "DocUpdate": 1783359710000,
        "DocId": 1.1061215596273316e+19,
        "t0": null,
        "t00": null,
        "Shape_Length": 0.0615611075702785
      }
    },
    {
      "type": "Feature",
      "id": 180,
      "geometry": {
        "type": "LineString",
        "coordinates": [
          [
            80.33989168196526,
            7.059116250443323
          ],
          [
            80.3398867061315,
            7.059117222112331
          ]
        ]
      },
      "properties": {
        "OBJECTID": 180,
        "Entity": "Line",
        "Handle": "349DA",
        "Layer": "0",
        "LyrFrzn": 0,
        "LyrOn": 1,
        "Color": 7,
        "Linetype": "Continuous",
        "Elevation": -1.9900000001374565,
        "LineWt": 25,
        "RefName": "",
        "DocUpdate": 1783359710000,
        "DocId": 1.1061215596273316e+19,
        "t0": null,
        "t00": null,
        "Shape_Length": 0.5599532119905095
      }
    },
    {
      "type": "Feature",
      "id": 181,
      "geometry": {
        "type": "LineString",
        "coordinates": [
          [
            80.33988740991063,
            7.059112569272445
          ],
          [
            80.33988826119256,
            7.059116918578993
          ]
        ]
      },
      "properties": {
        "OBJECTID": 181,
        "Entity": "Line",
        "Handle": "349DB",
        "Layer": "0",
        "LyrFrzn": 0,
        "LyrOn": 1,
        "Color": 7,
        "Linetype": "Continuous",
        "Elevation": -1.9900000001374565,
        "LineWt": 25,
        "RefName": "",
        "DocUpdate": 1783359710000,
        "DocId": 1.1061215596273316e+19,
        "t0": null,
        "t00": null,
        "Shape_Length": 0.4899393629151453
      }
    },
    {
      "type": "Feature",
      "id": 182,
      "geometry": {
        "type": "LineString",
        "coordinates": [
          [
            80.33988927562224,
            7.05911220467011
          ],
          [
            80.33989012690418,
            7.059116553976657
          ]
        ]
      },
      "properties": {
        "OBJECTID": 182,
        "Entity": "Line",
        "Handle": "349DC",
        "Layer": "0",
        "LyrFrzn": 0,
        "LyrOn": 1,
        "Color": 7,
        "Linetype": "Continuous",
        "Elevation": -1.9900000001374565,
        "LineWt": 25,
        "RefName": "",
        "DocUpdate": 1783359710000,
        "DocId": 1.1061215596273316e+19,
        "t0": null,
        "t00": null,
        "Shape_Length": 0.4899393629151453
      }
    },
    {
      "type": "Feature",
      "id": 183,
      "geometry": {
        "type": "LineString",
        "coordinates": [
          [
            80.33989168196526,
            7.059116250443323
          ],
          [
            80.33989212154107,
            7.059118495217811
          ]
        ]
      },
      "properties": {
        "OBJECTID": 183,
        "Entity": "Line",
        "Handle": "349DD",
        "Layer": "0",
        "LyrFrzn": 0,
        "LyrOn": 1,
        "Color": 7,
        "Linetype": "Continuous",
        "Elevation": -1.9900000001374565,
        "LineWt": 25,
        "RefName": "",
        "DocUpdate": 1783359710000,
        "DocId": 1.1061215596273316e+19,
        "t0": null,
        "t00": null,
        "Shape_Length": 0.25287312972201714
      }
    },
    {
      "type": "Feature",
      "id": 184,
      "geometry": {
        "type": "LineString",
        "coordinates": [
          [
            80.3398867061315,
            7.059117222112331
          ],
          [
            80.33988714480186,
            7.059119466885558
          ]
        ]
      },
      "properties": {
        "OBJECTID": 184,
        "Entity": "Line",
        "Handle": "349DE",
        "Layer": "0",
        "LyrFrzn": 0,
        "LyrOn": 1,
        "Color": 7,
        "Linetype": "Continuous",
        "Elevation": -1.9900000001374565,
        "LineWt": 25,
        "RefName": "",
        "DocUpdate": 1783359710000,
        "DocId": 1.1061215596273316e+19,
        "t0": null,
        "t00": null,
        "Shape_Length": 0.25285381285689235
      }
    },
    {
      "type": "Feature",
      "id": 185,
      "geometry": {
        "type": "LineString",
        "coordinates": [
          [
            80.33989010005146,
            7.059118890354009
          ],
          [
            80.33988966047563,
            7.05911664557952
          ]
        ]
      },
      "properties": {
        "OBJECTID": 185,
        "Entity": "Line",
        "Handle": "349DF",
        "Layer": "0",
        "LyrFrzn": 0,
        "LyrOn": 1,
        "Color": 7,
        "Linetype": "Continuous",
        "Elevation": -1.9900000001374565,
        "LineWt": 25,
        "RefName": "",
        "DocUpdate": 1783359710000,
        "DocId": 1.1061215596273316e+19,
        "t0": null,
        "t00": null,
        "Shape_Length": 0.25287312972201714
      }
    },
    {
      "type": "Feature",
      "id": 186,
      "geometry": {
        "type": "LineString",
        "coordinates": [
          [
            80.33988916719564,
            7.059119072655186
          ],
          [
            80.33988872761982,
            7.05911682788068
          ]
        ]
      },
      "properties": {
        "OBJECTID": 186,
        "Entity": "Line",
        "Handle": "349E0",
        "Layer": "0",
        "LyrFrzn": 0,
        "LyrOn": 1,
        "Color": 7,
        "Linetype": "Continuous",
        "Elevation": -1.9900000001374565,
        "LineWt": 25,
        "RefName": "",
        "DocUpdate": 1783359710000,
        "DocId": 1.1061215596273316e+19,
        "t0": null,
        "t00": null,
        "Shape_Length": 0.2528731315495038
      }
    },
    {
      "type": "Feature",
      "id": 187,
      "geometry": {
        "type": "LineString",
        "coordinates": [
          [
            80.33988550209853,
            7.059111974102995
          ],
          [
            80.3398853438898,
            7.059111164319895
          ]
        ]
      },
      "properties": {
        "OBJECTID": 187,
        "Entity": "Line",
        "Handle": "349E1",
        "Layer": "0",
        "LyrFrzn": 0,
        "LyrOn": 1,
        "Color": 7,
        "Linetype": "Continuous",
        "Elevation": -1.9900000001374565,
        "LineWt": 25,
        "RefName": "",
        "DocUpdate": 1783359710000,
        "DocId": 1.1061215596273316e+19,
        "t0": null,
        "t00": null,
        "Shape_Length": 0.09121408766519049
      }
    },
    {
      "type": "Feature",
      "id": 188,
      "geometry": {
        "type": "LineString",
        "coordinates": [
          [
            80.3398907894882,
            7.059110941366265
          ],
          [
            80.33989053688981,
            7.059109651141264
          ]
        ]
      },
      "properties": {
        "OBJECTID": 188,
        "Entity": "Line",
        "Handle": "349E2",
        "Layer": "0",
        "LyrFrzn": 0,
        "LyrOn": 1,
        "Color": 7,
        "Linetype": "Continuous",
        "Elevation": -1.9900000001374565,
        "LineWt": 25,
        "RefName": "",
        "DocUpdate": 1783359710000,
        "DocId": 1.1061215596273316e+19,
        "t0": null,
        "t00": null,
        "Shape_Length": 0.1453422512961257
      }
    },
    {
      "type": "Feature",
      "id": 189,
      "geometry": {
        "type": "LineString",
        "coordinates": [
          [
            80.33988636068833,
            7.05911180616935
          ],
          [
            80.33988654317066,
            7.0591127380990955
          ]
        ]
      },
      "properties": {
        "OBJECTID": 189,
        "Entity": "Line",
        "Handle": "349E3",
        "Layer": "0",
        "LyrFrzn": 0,
        "LyrOn": 1,
        "Color": 7,
        "Linetype": "Continuous",
        "Elevation": -1.9900000001374565,
        "LineWt": 25,
        "RefName": "",
        "DocUpdate": 1783359710000,
        "DocId": 1.1061215596273316e+19,
        "t0": null,
        "t00": null,
        "Shape_Length": 0.1049813794133447
      }
    },
    {
      "type": "Feature",
      "id": 190,
      "geometry": {
        "type": "LineString",
        "coordinates": [
          [
            80.33988988923822,
            7.059111116477277
          ],
          [
            80.33989007171927,
            7.059112049311554
          ]
        ]
      },
      "properties": {
        "OBJECTID": 190,
        "Entity": "Line",
        "Handle": "349E4",
        "Layer": "0",
        "LyrFrzn": 0,
        "LyrOn": 1,
        "Color": 7,
        "Linetype": "Continuous",
        "Elevation": -1.9900000001374565,
        "LineWt": 25,
        "RefName": "",
        "DocUpdate": 1783359710000,
        "DocId": 1.1061215596273316e+19,
        "t0": null,
        "t00": null,
        "Shape_Length": 0.10507949366324819
      }
    },
    {
      "type": "Feature",
      "id": 191,
      "geometry": {
        "type": "LineString",
        "coordinates": [
          [
            80.33989007171927,
            7.059112049311554
          ],
          [
            80.33988654317066,
            7.0591127380990955
          ]
        ]
      },
      "properties": {
        "OBJECTID": 191,
        "Entity": "Line",
        "Handle": "349E5",
        "Layer": "0",
        "LyrFrzn": 0,
        "LyrOn": 1,
        "Color": 7,
        "Linetype": "Continuous",
        "Elevation": -1.9900000001374565,
        "LineWt": 25,
        "RefName": "",
        "DocUpdate": 1783359710000,
        "DocId": 1.1061215596273316e+19,
        "t0": null,
        "t00": null,
        "Shape_Length": 0.3970781403662249
      }
    },
    {
      "type": "Feature",
      "id": 192,
      "geometry": {
        "type": "LineString",
        "coordinates": [
          [
            80.3398907894882,
            7.059110941366265
          ],
          [
            80.33988550209853,
            7.059111974102995
          ]
        ]
      },
      "properties": {
        "OBJECTID": 192,
        "Entity": "Line",
        "Handle": "349E6",
        "Layer": "0",
        "LyrFrzn": 0,
        "LyrOn": 1,
        "Color": 7,
        "Linetype": "Continuous",
        "Elevation": -1.9900000001374565,
        "LineWt": 25,
        "RefName": "",
        "DocUpdate": 1783359710000,
        "DocId": 1.1061215596273316e+19,
        "t0": null,
        "t00": null,
        "Shape_Length": 0.5950188570232173
      }
    },
    {
      "type": "Feature",
      "id": 193,
      "geometry": {
        "type": "LineString",
        "coordinates": [
          [
            80.33989221263492,
            7.0591091632533765
          ],
          [
            80.33988321523994,
            7.059111784533843
          ]
        ]
      },
      "properties": {
        "OBJECTID": 193,
        "Entity": "Line",
        "Handle": "349E8",
        "Layer": "0",
        "LyrFrzn": 0,
        "LyrOn": 1,
        "Color": 7,
        "Linetype": "Continuous",
        "Elevation": -1.9900000007343053,
        "LineWt": 25,
        "RefName": "",
        "DocUpdate": 1783359710000,
        "DocId": 1.1061215596273316e+19,
        "t0": null,
        "t00": null,
        "Shape_Length": 1.035104985433946
      }
    },
    {
      "type": "Feature",
      "id": 194,
      "geometry": {
        "type": "LineString",
        "coordinates": [
          [
            80.33989140630538,
            7.059105039239758
          ],
          [
            80.3398819159722,
            7.0591060135682335
          ]
        ]
      },
      "properties": {
        "OBJECTID": 194,
        "Entity": "Line",
        "Handle": "349E9",
        "Layer": "0",
        "LyrFrzn": 0,
        "LyrOn": 1,
        "Color": 7,
        "Linetype": "Continuous",
        "Elevation": -1.9900000007343053,
        "LineWt": 25,
        "RefName": "",
        "DocUpdate": 1783359710000,
        "DocId": 1.1061215596273316e+19,
        "t0": null,
        "t00": null,
        "Shape_Length": 1.053673877008011
      }
    },
    {
      "type": "Feature",
      "id": 195,
      "geometry": {
        "type": "LineString",
        "coordinates": [
          [
            80.33988379507616,
            7.059104504747381
          ],
          [
            80.33988958421514,
            7.05910337412604
          ]
        ]
      },
      "properties": {
        "OBJECTID": 195,
        "Entity": "Line",
        "Handle": "349EA",
        "Layer": "0",
        "LyrFrzn": 0,
        "LyrOn": 1,
        "Color": 7,
        "Linetype": "Continuous",
        "Elevation": -1.9900000001374565,
        "LineWt": 25,
        "RefName": "",
        "DocUpdate": 1783359710000,
        "DocId": 1.1061215596273316e+19,
        "t0": null,
        "t00": null,
        "Shape_Length": 0.6514809665163988
      }
    },
    {
      "type": "Feature",
      "id": 196,
      "geometry": {
        "type": "LineString",
        "coordinates": [
          [
            80.33988349468697,
            7.059104991867146
          ],
          [
            80.33989004550756,
            7.059103712170308
          ]
        ]
      },
      "properties": {
        "OBJECTID": 196,
        "Entity": "Line",
        "Handle": "349EB",
        "Layer": "0",
        "LyrFrzn": 0,
        "LyrOn": 1,
        "Color": 7,
        "Linetype": "Continuous",
        "Elevation": -1.9900000001374565,
        "LineWt": 25,
        "RefName": "",
        "DocUpdate": 1783359710000,
        "DocId": 1.1061215596273316e+19,
        "t0": null,
        "t00": null,
        "Shape_Length": 0.7372035953285822
      }
    },
    {
      "type": "Feature",
      "id": 197,
      "geometry": {
        "type": "LineString",
        "coordinates": [
          [
            80.3398831952032,
            7.059105478988174
          ],
          [
            80.33989050679868,
            7.0591040511191085
          ]
        ]
      },
      "properties": {
        "OBJECTID": 197,
        "Entity": "Line",
        "Handle": "349EC",
        "Layer": "0",
        "LyrFrzn": 0,
        "LyrOn": 1,
        "Color": 7,
        "Linetype": "Continuous",
        "Elevation": -1.9900000001374565,
        "LineWt": 25,
        "RefName": "",
        "DocUpdate": 1783359710000,
        "DocId": 1.1061215596273316e+19,
        "t0": null,
        "t00": null,
        "Shape_Length": 0.8228087813849958
      }
    },
    {
      "type": "Feature",
      "id": 198,
      "geometry": {
        "type": "LineString",
        "coordinates": [
          [
            80.33988357559129,
            7.059105404449789
          ],
          [
            80.33988349468697,
            7.059104991867146
          ]
        ]
      },
      "properties": {
        "OBJECTID": 198,
        "Entity": "Line",
        "Handle": "349ED",
        "Layer": "0",
        "LyrFrzn": 0,
        "LyrOn": 1,
        "Color": 7,
        "Linetype": "Continuous",
        "Elevation": -1.9900000001374565,
        "LineWt": 25,
        "RefName": "",
        "DocUpdate": 1783359710000,
        "DocId": 1.1061215596273316e+19,
        "t0": null,
        "t00": null,
        "Shape_Length": 0.046479672008744845
      }
    },
    {
      "type": "Feature",
      "id": 199,
      "geometry": {
        "type": "LineString",
        "coordinates": [
          [
            80.33988387598049,
            7.059104917330041
          ],
          [
            80.33988379507616,
            7.059104504747381
          ]
        ]
      },
      "properties": {
        "OBJECTID": 199,
        "Entity": "Line",
        "Handle": "349EE",
        "Layer": "0",
        "LyrFrzn": 0,
        "LyrOn": 1,
        "Color": 7,
        "Linetype": "Continuous",
        "Elevation": -1.9900000001374565,
        "LineWt": 25,
        "RefName": "",
        "DocUpdate": 1783359710000,
        "DocId": 1.1061215596273316e+19,
        "t0": null,
        "t00": null,
        "Shape_Length": 0.04647967365580281
      }
    },
    {
      "type": "Feature",
      "id": 200,
      "geometry": {
        "type": "LineString",
        "coordinates": [
          [
            80.33988327251016,
            7.059105874379566
          ],
          [
            80.3398831952032,
            7.059105478988174
          ]
        ]
      },
      "properties": {
        "OBJECTID": 200,
        "Entity": "Line",
        "Handle": "349EF",
        "Layer": "0",
        "LyrFrzn": 0,
        "LyrOn": 1,
        "Color": 7,
        "Linetype": "Continuous",
        "Elevation": -1.9900000001374565,
        "LineWt": 25,
        "RefName": "",
        "DocUpdate": 1783359710000,
        "DocId": 1.1061215596273316e+19,
        "t0": null,
        "t00": null,
        "Shape_Length": 0.04453818618586144
      }
    },
    {
      "type": "Feature",
      "id": 201,
      "geometry": {
        "type": "LineString",
        "coordinates": [
          [
            80.33988321523994,
            7.059111784533843
          ],
          [
            80.339882733504,
            7.059111883042722
          ],
          [
            80.33988224210857,
            7.059111900479473
          ],
          [
            80.33988175460202,
            7.0591118363633445
          ],
          [
            80.33988128442552,
            7.059111692462096
          ],
          [
            80.3398808445424,
            7.059111472743266
          ],
          [
            80.33988044708083,
            7.059111183264773
          ],
          [
            80.33988010299926,
            7.059110832007899
          ],
          [
            80.33987982178449,
            7.059110428657231
          ],
          [
            80.33987961118993,
            7.05910998433365
          ],
          [
            80.33987947702195,
            7.059109511287705
          ],
          [
            80.33987942297973,
            7.059109022561862
          ],
          [
            80.33987945055327,
            7.059108531630898
          ],
          [
            80.33987955898235,
            7.059108052030388
          ],
          [
            80.33987974527741,
            7.059107596983515
          ],
          [
            80.3398800043021,
            7.059107179036484
          ],
          [
            80.33988032891479,
            7.059106809712614
          ],
          [
            80.33988071016547,
            7.059106499194622
          ],
          [
            80.33988113754262,
            7.059106256043876
          ],
          [
            80.33988159926291,
            7.0591060869643405
          ],
          [
            80.33988208259613,
            7.05910599661775
          ]
        ]
      },
      "properties": {
        "OBJECTID": 201,
        "Entity": "Arc",
        "Handle": "349F0",
        "Layer": "0",
        "LyrFrzn": 0,
        "LyrOn": 1,
        "Color": 7,
        "Linetype": "Continuous",
        "Elevation": -1.9900000001374565,
        "LineWt": 25,
        "RefName": "",
        "DocUpdate": 1783359710000,
        "DocId": 1.1061215596273316e+19,
        "t0": null,
        "t00": null,
        "Shape_Length": 1.0877213250319082
      }
    },
    {
      "type": "Feature",
      "id": 202,
      "geometry": {
        "type": "LineString",
        "coordinates": [
          [
            80.33989140630538,
            7.059105039239758
          ],
          [
            80.33989177336173,
            7.059105033285387
          ],
          [
            80.33989213589248,
            7.059105091054498
          ],
          [
            80.33989248291898,
            7.059105210797649
          ],
          [
            80.3398928039321,
            7.0591053888886135
          ],
          [
            80.33989308921049,
            7.059105619934197
          ],
          [
            80.33989333011493,
            7.0591058969375595
          ],
          [
            80.33989351935006,
            7.059106211510105
          ],
          [
            80.33989365118516,
            7.059106554125518
          ],
          [
            80.33989372162786,
            7.059106914408246
          ],
          [
            80.33989372854488,
            7.059107281447714
          ],
          [
            80.33989367172677,
            7.059107644128729
          ],
          [
            80.33989355289417,
            7.059107991468088
          ],
          [
            80.33989337564574,
            7.059108312947183
          ],
          [
            80.33989314534915,
            7.0591085988305435
          ],
          [
            80.33989286897855,
            7.059108840460658
          ],
          [
            80.3398925549034,
            7.059109030520149
          ],
          [
            80.33989221263492,
            7.0591091632533765
          ]
        ]
      },
      "properties": {
        "OBJECTID": 202,
        "Entity": "Arc",
        "Handle": "349F1",
        "Layer": "0",
        "LyrFrzn": 0,
        "LyrOn": 1,
        "Color": 7,
        "Linetype": "Continuous",
        "Elevation": -1.9900000002284912,
        "LineWt": 25,
        "RefName": "",
        "DocUpdate": 1783359710000,
        "DocId": 1.1061215596273316e+19,
        "t0": null,
        "t00": null,
        "Shape_Length": 0.6904216953165778
      }
    },
    {
      "type": "Feature",
      "id": 203,
      "geometry": {
        "type": "LineString",
        "coordinates": [
          [
            80.33989012641058,
            7.059104125657483
          ],
          [
            80.33989004550756,
            7.059103712170308
          ]
        ]
      },
      "properties": {
        "OBJECTID": 203,
        "Entity": "Line",
        "Handle": "349F3",
        "Layer": "0",
        "LyrFrzn": 0,
        "LyrOn": 1,
        "Color": 7,
        "Linetype": "Continuous",
        "Elevation": -1.9900000001374565,
        "LineWt": 25,
        "RefName": "",
        "DocUpdate": 1783359710000,
        "DocId": 1.1061215596273316e+19,
        "t0": null,
        "t00": null,
        "Shape_Length": 0.04657778308948946
      }
    },
    {
      "type": "Feature",
      "id": 204,
      "geometry": {
        "type": "LineString",
        "coordinates": [
          [
            80.33988966421403,
            7.059103786707402
          ],
          [
            80.33988958421514,
            7.05910337412604
          ]
        ]
      },
      "properties": {
        "OBJECTID": 204,
        "Entity": "Line",
        "Handle": "349F4",
        "Layer": "0",
        "LyrFrzn": 0,
        "LyrOn": 1,
        "Color": 7,
        "Linetype": "Continuous",
        "Elevation": -1.9900000001374565,
        "LineWt": 25,
        "RefName": "",
        "DocUpdate": 1783359710000,
        "DocId": 1.1061215596273316e+19,
        "t0": null,
        "t00": null,
        "Shape_Length": 0.046460412141713966
      }
    },
    {
      "type": "Feature",
      "id": 205,
      "geometry": {
        "type": "LineString",
        "coordinates": [
          [
            80.33989071445235,
            7.059105110623974
          ],
          [
            80.33989050679868,
            7.0591040511191085
          ]
        ]
      },
      "properties": {
        "OBJECTID": 205,
        "Entity": "Line",
        "Handle": "349F5",
        "Layer": "0",
        "LyrFrzn": 0,
        "LyrOn": 1,
        "Color": 7,
        "Linetype": "Continuous",
        "Elevation": -1.9900000001374565,
        "LineWt": 25,
        "RefName": "",
        "DocUpdate": 1783359710000,
        "DocId": 1.1061215596273316e+19,
        "t0": null,
        "t00": null,
        "Shape_Length": 0.11935669266345045
      }
    },
    {
      "type": "Feature",
      "id": 206,
      "geometry": {
        "type": "LineString",
        "coordinates": [
          [
            80.33987290684742,
            7.059160988444851
          ],
          [
            80.33988659560828,
            7.059158788078113
          ]
        ]
      },
      "properties": {
        "OBJECTID": 206,
        "Entity": "Line",
        "Handle": "349F7",
        "Layer": "0",
        "LyrFrzn": 0,
        "LyrOn": 1,
        "Color": 7,
        "Linetype": "Continuous",
        "Elevation": -1.990000000136682,
        "LineWt": 25,
        "RefName": "",
        "DocUpdate": 1783359710000,
        "DocId": 1.1061215596273316e+19,
        "t0": null,
        "t00": null,
        "Shape_Length": 1.5312914181927064
      }
    },
    {
      "type": "Feature",
      "id": 207,
      "geometry": {
        "type": "LineString",
        "coordinates": [
          [
            80.33989002092767,
            7.059158106380872
          ],
          [
            80.33994937319494,
            7.059146513683252
          ]
        ]
      },
      "properties": {
        "OBJECTID": 207,
        "Entity": "Line",
        "Handle": "349F8",
        "Layer": "0",
        "LyrFrzn": 0,
        "LyrOn": 1,
        "Color": 7,
        "Linetype": "Continuous",
        "Elevation": -1.990000000136682,
        "LineWt": 25,
        "RefName": "",
        "DocUpdate": 1783359710000,
        "DocId": 1.1061215596273316e+19,
        "t0": null,
        "t00": null,
        "Shape_Length": 6.679233766539712
      }
    },
    {
      "type": "Feature",
      "id": 208,
      "geometry": {
        "type": "LineString",
        "coordinates": [
          [
            80.33988897817315,
            7.05915277990508
          ],
          [
            80.33995140886287,
            7.059140586427361
          ]
        ]
      },
      "properties": {
        "OBJECTID": 208,
        "Entity": "Line",
        "Handle": "349F9",
        "Layer": "0",
        "LyrFrzn": 0,
        "LyrOn": 1,
        "Color": 7,
        "Linetype": "Continuous",
        "Elevation": -1.990000000136682,
        "LineWt": 25,
        "RefName": "",
        "DocUpdate": 1783359710000,
        "DocId": 1.1061215596273316e+19,
        "t0": null,
        "t00": null,
        "Shape_Length": 7.025654921492154
      }
    },
    {
      "type": "Feature",
      "id": 209,
      "geometry": {
        "type": "LineString",
        "coordinates": [
          [
            80.33987305834238,
            7.059156314019451
          ],
          [
            80.33988554836124,
            7.059153437173509
          ]
        ]
      },
      "properties": {
        "OBJECTID": 209,
        "Entity": "Line",
        "Handle": "349FA",
        "Layer": "0",
        "LyrFrzn": 0,
        "LyrOn": 1,
        "Color": 7,
        "Linetype": "Continuous",
        "Elevation": -1.990000000136682,
        "LineWt": 25,
        "RefName": "",
        "DocUpdate": 1783359710000,
        "DocId": 1.1061215596273316e+19,
        "t0": null,
        "t00": null,
        "Shape_Length": 1.415641550474707
      }
    },
    {
      "type": "Feature",
      "id": 210,
      "geometry": {
        "type": "LineString",
        "coordinates": [
          [
            80.33987217373513,
            7.059185697509847
          ],
          [
            80.3398776422635,
            7.059184628848172
          ]
        ]
      },
      "properties": {
        "OBJECTID": 210,
        "Entity": "Line",
        "Handle": "34A0B",
        "Layer": "0",
        "LyrFrzn": 0,
        "LyrOn": 1,
        "Color": 7,
        "Linetype": "Continuous",
        "Elevation": -1.9900000001372788,
        "LineWt": 25,
        "RefName": "",
        "DocUpdate": 1783359710000,
        "DocId": 1.1061215596273316e+19,
        "t0": null,
        "t00": null,
        "Shape_Length": 0.6154148514566767
      }
    },
    {
      "type": "Feature",
      "id": 211,
      "geometry": {
        "type": "LineString",
        "coordinates": [
          [
            80.33987428358797,
            7.0591906736308285
          ],
          [
            80.33987756488612,
            7.059190032434073
          ]
        ]
      },
      "properties": {
        "OBJECTID": 211,
        "Entity": "Line",
        "Handle": "34A0C",
        "Layer": "0",
        "LyrFrzn": 0,
        "LyrOn": 1,
        "Color": 7,
        "Linetype": "Continuous",
        "Elevation": -1.9900000001372788,
        "LineWt": 25,
        "RefName": "",
        "DocUpdate": 1783359710000,
        "DocId": 1.1061215596273316e+19,
        "t0": null,
        "t00": null,
        "Shape_Length": 0.36926853383431674
      }
    },
    {
      "type": "Feature",
      "id": 212,
      "geometry": {
        "type": "LineString",
        "coordinates": [
          [
            80.33987747571803,
            7.059185229224176
          ],
          [
            80.33987795754659,
            7.059187687528836
          ]
        ]
      },
      "properties": {
        "OBJECTID": 212,
        "Entity": "Line",
        "Handle": "34A0D",
        "Layer": "0",
        "LyrFrzn": 0,
        "LyrOn": 1,
        "Color": 7,
        "Linetype": "Continuous",
        "Elevation": -1.9900000001372788,
        "LineWt": 25,
        "RefName": "",
        "DocUpdate": 1783359710000,
        "DocId": 1.1061215596273316e+19,
        "t0": null,
        "t00": null,
        "Shape_Length": 0.2769365455036065
      }
    },
    {
      "type": "Feature",
      "id": 213,
      "geometry": {
        "type": "LineString",
        "coordinates": [
          [
            80.33987217373513,
            7.059185697509847
          ],
          [
            80.3398776422635,
            7.059184628848172
          ]
        ]
      },
      "properties": {
        "OBJECTID": 213,
        "Entity": "Line",
        "Handle": "34A0E",
        "Layer": "0",
        "LyrFrzn": 0,
        "LyrOn": 1,
        "Color": 7,
        "Linetype": "Continuous",
        "Elevation": -1.9900000001372788,
        "LineWt": 25,
        "RefName": "",
        "DocUpdate": 1783359710000,
        "DocId": 1.1061215596273316e+19,
        "t0": null,
        "t00": null,
        "Shape_Length": 0.6154148514566767
      }
    },
    {
      "type": "Feature",
      "id": 214,
      "geometry": {
        "type": "LineString",
        "coordinates": [
          [
            80.33987222767392,
            7.059185970755889
          ],
          [
            80.33987769620228,
            7.059184902094198
          ]
        ]
      },
      "properties": {
        "OBJECTID": 214,
        "Entity": "Line",
        "Handle": "34A0F",
        "Layer": "0",
        "LyrFrzn": 0,
        "LyrOn": 1,
        "Color": 7,
        "Linetype": "Continuous",
        "Elevation": -1.9900000001372788,
        "LineWt": 25,
        "RefName": "",
        "DocUpdate": 1783359710000,
        "DocId": 1.1061215596273316e+19,
        "t0": null,
        "t00": null,
        "Shape_Length": 0.6154148518168481
      }
    },
    {
      "type": "Feature",
      "id": 215,
      "geometry": {
        "type": "LineString",
        "coordinates": [
          [
            80.33987228070853,
            7.059186243096102
          ],
          [
            80.33987774923563,
            7.05918517533896
          ]
        ]
      },
      "properties": {
        "OBJECTID": 215,
        "Entity": "Line",
        "Handle": "34A10",
        "Layer": "0",
        "LyrFrzn": 0,
        "LyrOn": 1,
        "Color": 7,
        "Linetype": "Continuous",
        "Elevation": -1.9900000001372788,
        "LineWt": 25,
        "RefName": "",
        "DocUpdate": 1783359710000,
        "DocId": 1.1061215596273316e+19,
        "t0": null,
        "t00": null,
        "Shape_Length": 0.6153955227607981
      }
    },
    {
      "type": "Feature",
      "id": 216,
      "geometry": {
        "type": "LineString",
        "coordinates": [
          [
            80.33987303514796,
            7.059188648418804
          ],
          [
            80.33987795754659,
            7.059187687528836
          ]
        ]
      },
      "properties": {
        "OBJECTID": 216,
        "Entity": "Line",
        "Handle": "34A11",
        "Layer": "0",
        "LyrFrzn": 0,
        "LyrOn": 1,
        "Color": 7,
        "Linetype": "Continuous",
        "Elevation": -1.9900000001372788,
        "LineWt": 25,
        "RefName": "",
        "DocUpdate": 1783359710000,
        "DocId": 1.1061215596273316e+19,
        "t0": null,
        "t00": null,
        "Shape_Length": 0.5539325327419579
      }
    },
    {
      "type": "Feature",
      "id": 217,
      "geometry": {
        "type": "LineString",
        "coordinates": [
          [
            80.33987227220692,
            7.05918329791634
          ],
          [
            80.33987272076907,
            7.059185590643952
          ]
        ]
      },
      "properties": {
        "OBJECTID": 217,
        "Entity": "Line",
        "Handle": "34A12",
        "Layer": "0",
        "LyrFrzn": 0,
        "LyrOn": 1,
        "Color": 7,
        "Linetype": "Continuous",
        "Elevation": -1.9900000001372788,
        "LineWt": 25,
        "RefName": "",
        "DocUpdate": 1783359710000,
        "DocId": 1.1061215596273316e+19,
        "t0": null,
        "t00": null,
        "Shape_Length": 0.25826647255731566
      }
    },
    {
      "type": "Feature",
      "id": 218,
      "geometry": {
        "type": "LineString",
        "coordinates": [
          [
            80.33987664666742,
            7.059182442986497
          ],
          [
            80.33987709522958,
            7.05918473571409
          ]
        ]
      },
      "properties": {
        "OBJECTID": 218,
        "Entity": "Line",
        "Handle": "34A13",
        "Layer": "0",
        "LyrFrzn": 0,
        "LyrOn": 1,
        "Color": 7,
        "Linetype": "Continuous",
        "Elevation": -1.9900000001372788,
        "LineWt": 25,
        "RefName": "",
        "DocUpdate": 1783359710000,
        "DocId": 1.1061215596273316e+19,
        "t0": null,
        "t00": null,
        "Shape_Length": 0.258266470729768
      }
    },
    {
      "type": "Feature",
      "id": 219,
      "geometry": {
        "type": "LineString",
        "coordinates": [
          [
            80.3398776422635,
            7.059184628848172
          ],
          [
            80.33987774923563,
            7.05918517533896
          ]
        ]
      },
      "properties": {
        "OBJECTID": 219,
        "Entity": "Line",
        "Handle": "34A14",
        "Layer": "0",
        "LyrFrzn": 0,
        "LyrOn": 1,
        "Color": 7,
        "Linetype": "Continuous",
        "Elevation": -1.9900000001372788,
        "LineWt": 25,
        "RefName": "",
        "DocUpdate": 1783359710000,
        "DocId": 1.1061215596273316e+19,
        "t0": null,
        "t00": null,
        "Shape_Length": 0.06156110775030675
      }
    },
    {
      "type": "Feature",
      "id": 220,
      "geometry": {
        "type": "LineString",
        "coordinates": [
          [
            80.33987217373513,
            7.059185697509847
          ],
          [
            80.33987228070853,
            7.059186243096102
          ]
        ]
      },
      "properties": {
        "OBJECTID": 220,
        "Entity": "Line",
        "Handle": "34A15",
        "Layer": "0",
        "LyrFrzn": 0,
        "LyrOn": 1,
        "Color": 7,
        "Linetype": "Continuous",
        "Elevation": -1.9900000001372788,
        "LineWt": 25,
        "RefName": "",
        "DocUpdate": 1783359710000,
        "DocId": 1.1061215596273316e+19,
        "t0": null,
        "t00": null,
        "Shape_Length": 0.06146299706297424
      }
    },
    {
      "type": "Feature",
      "id": 221,
      "geometry": {
        "type": "LineString",
        "coordinates": [
          [
            80.33987255422487,
            7.059186190115422
          ],
          [
            80.33987303514796,
            7.059188648418804
          ]
        ]
      },
      "properties": {
        "OBJECTID": 221,
        "Entity": "Line",
        "Handle": "34A16",
        "Layer": "0",
        "LyrFrzn": 0,
        "LyrOn": 1,
        "Color": 7,
        "Linetype": "Continuous",
        "Elevation": -1.9900000001372788,
        "LineWt": 25,
        "RefName": "",
        "DocUpdate": 1783359710000,
        "DocId": 1.1061215596273316e+19,
        "t0": null,
        "t00": null,
        "Shape_Length": 0.27691720812176435
      }
    },
    {
      "type": "Feature",
      "id": 222,
      "geometry": {
        "type": "LineString",
        "coordinates": [
          [
            80.33987768403028,
            7.059187740509538
          ],
          [
            80.33987800404249,
            7.059189379076087
          ]
        ]
      },
      "properties": {
        "OBJECTID": 222,
        "Entity": "Line",
        "Handle": "34A17",
        "Layer": "0",
        "LyrFrzn": 0,
        "LyrOn": 1,
        "Color": 7,
        "Linetype": "Continuous",
        "Elevation": -1.9900000001372788,
        "LineWt": 25,
        "RefName": "",
        "DocUpdate": 1783359710000,
        "DocId": 1.1061215596273316e+19,
        "t0": null,
        "t00": null,
        "Shape_Length": 0.18456589562521264
      }
    },
    {
      "type": "Feature",
      "id": 223,
      "geometry": {
        "type": "LineString",
        "coordinates": [
          [
            80.33987330866428,
            7.059188595438105
          ],
          [
            80.33987362958193,
            7.059190234005953
          ]
        ]
      },
      "properties": {
        "OBJECTID": 223,
        "Entity": "Line",
        "Handle": "34A18",
        "Layer": "0",
        "LyrFrzn": 0,
        "LyrOn": 1,
        "Color": 7,
        "Linetype": "Continuous",
        "Elevation": -1.9900000001372788,
        "LineWt": 25,
        "RefName": "",
        "DocUpdate": 1783359710000,
        "DocId": 1.1061215596273316e+19,
        "t0": null,
        "t00": null,
        "Shape_Length": 0.18458521218337182
      }
    },
    {
      "type": "Feature",
      "id": 224,
      "geometry": {
        "type": "LineString",
        "coordinates": [
          [
            80.33987800404249,
            7.059189379076087
          ],
          [
            80.33987362958193,
            7.059190234005953
          ]
        ]
      },
      "properties": {
        "OBJECTID": 224,
        "Entity": "Line",
        "Handle": "34A19",
        "Layer": "0",
        "LyrFrzn": 0,
        "LyrOn": 1,
        "Color": 7,
        "Linetype": "Continuous",
        "Elevation": -1.9900000001372788,
        "LineWt": 25,
        "RefName": "",
        "DocUpdate": 1783359710000,
        "DocId": 1.1061215596273316e+19,
        "t0": null,
        "t00": null,
        "Shape_Length": 0.4922926366199099
      }
    },
    {
      "type": "Feature",
      "id": 225,
      "geometry": {
        "type": "LineString",
        "coordinates": [
          [
            80.339877457914,
            7.0591894859432855
          ],
          [
            80.33987756488612,
            7.059190032434073
          ]
        ]
      },
      "properties": {
        "OBJECTID": 225,
        "Entity": "Line",
        "Handle": "34A1A",
        "Layer": "0",
        "LyrFrzn": 0,
        "LyrOn": 1,
        "Color": 7,
        "Linetype": "Continuous",
        "Elevation": -1.9900000001372788,
        "LineWt": 25,
        "RefName": "",
        "DocUpdate": 1783359710000,
        "DocId": 1.1061215596273316e+19,
        "t0": null,
        "t00": null,
        "Shape_Length": 0.06156110775030675
      }
    },
    {
      "type": "Feature",
      "id": 226,
      "geometry": {
        "type": "LineString",
        "coordinates": [
          [
            80.33987417661585,
            7.059190127140041
          ],
          [
            80.33987428358797,
            7.0591906736308285
          ]
        ]
      },
      "properties": {
        "OBJECTID": 226,
        "Entity": "Line",
        "Handle": "34A1B",
        "Layer": "0",
        "LyrFrzn": 0,
        "LyrOn": 1,
        "Color": 7,
        "Linetype": "Continuous",
        "Elevation": -1.9900000001372788,
        "LineWt": 25,
        "RefName": "",
        "DocUpdate": 1783359710000,
        "DocId": 1.1061215596273316e+19,
        "t0": null,
        "t00": null,
        "Shape_Length": 0.0615611075702785
      }
    },
    {
      "type": "Feature",
      "id": 227,
      "geometry": {
        "type": "LineString",
        "coordinates": [
          [
            80.33987405102107,
            7.059167585032034
          ],
          [
            80.33986907518673,
            7.059168556700815
          ]
        ]
      },
      "properties": {
        "OBJECTID": 227,
        "Entity": "Line",
        "Handle": "34A1C",
        "Layer": "0",
        "LyrFrzn": 0,
        "LyrOn": 1,
        "Color": 7,
        "Linetype": "Continuous",
        "Elevation": -1.9900000001374565,
        "LineWt": 25,
        "RefName": "",
        "DocUpdate": 1783359710000,
        "DocId": 1.1061215596273316e+19,
        "t0": null,
        "t00": null,
        "Shape_Length": 0.5599532123504293
      }
    },
    {
      "type": "Feature",
      "id": 228,
      "geometry": {
        "type": "LineString",
        "coordinates": [
          [
            80.33986977896747,
            7.0591639029564375
          ],
          [
            80.33987063024799,
            7.0591682531675515
          ]
        ]
      },
      "properties": {
        "OBJECTID": 228,
        "Entity": "Line",
        "Handle": "34A1D",
        "Layer": "0",
        "LyrFrzn": 0,
        "LyrOn": 1,
        "Color": 7,
        "Linetype": "Continuous",
        "Elevation": -1.9900000001374565,
        "LineWt": 25,
        "RefName": "",
        "DocUpdate": 1783359710000,
        "DocId": 1.1061215596273316e+19,
        "t0": null,
        "t00": null,
        "Shape_Length": 0.490037479139422
      }
    },
    {
      "type": "Feature",
      "id": 229,
      "geometry": {
        "type": "LineString",
        "coordinates": [
          [
            80.339871644678,
            7.059163539258727
          ],
          [
            80.33987249595982,
            7.059167888565308
          ]
        ]
      },
      "properties": {
        "OBJECTID": 229,
        "Entity": "Line",
        "Handle": "34A1E",
        "Layer": "0",
        "LyrFrzn": 0,
        "LyrOn": 1,
        "Color": 7,
        "Linetype": "Continuous",
        "Elevation": -1.9900000001374565,
        "LineWt": 25,
        "RefName": "",
        "DocUpdate": 1783359710000,
        "DocId": 1.1061215596273316e+19,
        "t0": null,
        "t00": null,
        "Shape_Length": 0.48993936474266436
      }
    },
    {
      "type": "Feature",
      "id": 230,
      "geometry": {
        "type": "LineString",
        "coordinates": [
          [
            80.33987405102107,
            7.059167585032034
          ],
          [
            80.33987449059683,
            7.059169829806529
          ]
        ]
      },
      "properties": {
        "OBJECTID": 230,
        "Entity": "Line",
        "Handle": "34A1F",
        "Layer": "0",
        "LyrFrzn": 0,
        "LyrOn": 1,
        "Color": 7,
        "Linetype": "Continuous",
        "Elevation": -1.9900000001374565,
        "LineWt": 25,
        "RefName": "",
        "DocUpdate": 1783359710000,
        "DocId": 1.1061215596273316e+19,
        "t0": null,
        "t00": null,
        "Shape_Length": 0.25287312972201714
      }
    },
    {
      "type": "Feature",
      "id": 231,
      "geometry": {
        "type": "LineString",
        "coordinates": [
          [
            80.33986907518673,
            7.059168556700815
          ],
          [
            80.33986951476247,
            7.059170801475313
          ]
        ]
      },
      "properties": {
        "OBJECTID": 231,
        "Entity": "Line",
        "Handle": "34A20",
        "Layer": "0",
        "LyrFrzn": 0,
        "LyrOn": 1,
        "Color": 7,
        "Linetype": "Continuous",
        "Elevation": -1.9900000001374565,
        "LineWt": 25,
        "RefName": "",
        "DocUpdate": 1783359710000,
        "DocId": 1.1061215596273316e+19,
        "t0": null,
        "t00": null,
        "Shape_Length": 0.25287312972201714
      }
    },
    {
      "type": "Feature",
      "id": 232,
      "geometry": {
        "type": "LineString",
        "coordinates": [
          [
            80.33987246910698,
            7.059170224942628
          ],
          [
            80.33987202953122,
            7.059167980168132
          ]
        ]
      },
      "properties": {
        "OBJECTID": 232,
        "Entity": "Line",
        "Handle": "34A21",
        "Layer": "0",
        "LyrFrzn": 0,
        "LyrOn": 1,
        "Color": 7,
        "Linetype": "Continuous",
        "Elevation": -1.9900000001374565,
        "LineWt": 25,
        "RefName": "",
        "DocUpdate": 1783359710000,
        "DocId": 1.1061215596273316e+19,
        "t0": null,
        "t00": null,
        "Shape_Length": 0.25287312972201714
      }
    },
    {
      "type": "Feature",
      "id": 233,
      "geometry": {
        "type": "LineString",
        "coordinates": [
          [
            80.33987153625233,
            7.059170406339227
          ],
          [
            80.3398710966753,
            7.059168162469263
          ]
        ]
      },
      "properties": {
        "OBJECTID": 233,
        "Entity": "Line",
        "Handle": "34A22",
        "Layer": "0",
        "LyrFrzn": 0,
        "LyrOn": 1,
        "Color": 7,
        "Linetype": "Continuous",
        "Elevation": -1.9900000001374565,
        "LineWt": 25,
        "RefName": "",
        "DocUpdate": 1783359710000,
        "DocId": 1.1061215596273316e+19,
        "t0": null,
        "t00": null,
        "Shape_Length": 0.25277501818764603
      }
    },
    {
      "type": "Feature",
      "id": 234,
      "geometry": {
        "type": "LineString",
        "coordinates": [
          [
            80.33986787115516,
            7.059163307786917
          ],
          [
            80.33986771294519,
            7.05916249890833
          ]
        ]
      },
      "properties": {
        "OBJECTID": 234,
        "Entity": "Line",
        "Handle": "34A23",
        "Layer": "0",
        "LyrFrzn": 0,
        "LyrOn": 1,
        "Color": 7,
        "Linetype": "Continuous",
        "Elevation": -1.9900000001374565,
        "LineWt": 25,
        "RefName": "",
        "DocUpdate": 1783359710000,
        "DocId": 1.1061215596273316e+19,
        "t0": null,
        "t00": null,
        "Shape_Length": 0.09111597089555595
      }
    },
    {
      "type": "Feature",
      "id": 235,
      "geometry": {
        "type": "LineString",
        "coordinates": [
          [
            80.33987315854546,
            7.059162275050448
          ],
          [
            80.33987290594582,
            7.0591609857299735
          ]
        ]
      },
      "properties": {
        "OBJECTID": 235,
        "Entity": "Line",
        "Handle": "34A24",
        "Layer": "0",
        "LyrFrzn": 0,
        "LyrOn": 1,
        "Color": 7,
        "Linetype": "Continuous",
        "Elevation": -1.9900000001374565,
        "LineWt": 25,
        "RefName": "",
        "DocUpdate": 1783359710000,
        "DocId": 1.1061215596273316e+19,
        "t0": null,
        "t00": null,
        "Shape_Length": 0.14524413950400583
      }
    },
    {
      "type": "Feature",
      "id": 236,
      "geometry": {
        "type": "LineString",
        "coordinates": [
          [
            80.3398687297438,
            7.059163140757848
          ],
          [
            80.33986891222608,
            7.059164072687596
          ]
        ]
      },
      "properties": {
        "OBJECTID": 236,
        "Entity": "Line",
        "Handle": "34A25",
        "Layer": "0",
        "LyrFrzn": 0,
        "LyrOn": 1,
        "Color": 7,
        "Linetype": "Continuous",
        "Elevation": -1.9900000001374565,
        "LineWt": 25,
        "RefName": "",
        "DocUpdate": 1783359710000,
        "DocId": 1.1061215596273316e+19,
        "t0": null,
        "t00": null,
        "Shape_Length": 0.1049813794133447
      }
    },
    {
      "type": "Feature",
      "id": 237,
      "geometry": {
        "type": "LineString",
        "coordinates": [
          [
            80.3398722582941,
            7.059162451065947
          ],
          [
            80.3398724407764,
            7.0591633829956795
          ]
        ]
      },
      "properties": {
        "OBJECTID": 237,
        "Entity": "Line",
        "Handle": "34A26",
        "Layer": "0",
        "LyrFrzn": 0,
        "LyrOn": 1,
        "Color": 7,
        "Linetype": "Continuous",
        "Elevation": -1.9900000001374565,
        "LineWt": 25,
        "RefName": "",
        "DocUpdate": 1783359710000,
        "DocId": 1.1061215596273316e+19,
        "t0": null,
        "t00": null,
        "Shape_Length": 0.10498137758585442
      }
    },
    {
      "type": "Feature",
      "id": 238,
      "geometry": {
        "type": "LineString",
        "coordinates": [
          [
            80.3398724407764,
            7.0591633829956795
          ],
          [
            80.33986891222608,
            7.059164072687596
          ]
        ]
      },
      "properties": {
        "OBJECTID": 238,
        "Entity": "Line",
        "Handle": "34A27",
        "Layer": "0",
        "LyrFrzn": 0,
        "LyrOn": 1,
        "Color": 7,
        "Linetype": "Continuous",
        "Elevation": -1.9900000001374565,
        "LineWt": 25,
        "RefName": "",
        "DocUpdate": 1783359710000,
        "DocId": 1.1061215596273316e+19,
        "t0": null,
        "t00": null,
        "Shape_Length": 0.3970974689125173
      }
    },
    {
      "type": "Feature",
      "id": 239,
      "geometry": {
        "type": "LineString",
        "coordinates": [
          [
            80.33987315854546,
            7.059162275050448
          ],
          [
            80.33986787115516,
            7.059163307786917
          ]
        ]
      },
      "properties": {
        "OBJECTID": 239,
        "Entity": "Line",
        "Handle": "34A28",
        "Layer": "0",
        "LyrFrzn": 0,
        "LyrOn": 1,
        "Color": 7,
        "Linetype": "Continuous",
        "Elevation": -1.9900000001374565,
        "LineWt": 25,
        "RefName": "",
        "DocUpdate": 1783359710000,
        "DocId": 1.1061215596273316e+19,
        "t0": null,
        "t00": null,
        "Shape_Length": 0.5950188570232173
      }
    },
    {
      "type": "Feature",
      "id": 240,
      "geometry": {
        "type": "LineString",
        "coordinates": [
          [
            80.33987458259656,
            7.059160497843433
          ],
          [
            80.33986558429507,
            7.0591631191221715
          ]
        ]
      },
      "properties": {
        "OBJECTID": 240,
        "Entity": "Line",
        "Handle": "34A2A",
        "Layer": "0",
        "LyrFrzn": 0,
        "LyrOn": 1,
        "Color": 7,
        "Linetype": "Continuous",
        "Elevation": -1.9900000007343053,
        "LineWt": 25,
        "RefName": "",
        "DocUpdate": 1783359710000,
        "DocId": 1.1061215596273316e+19,
        "t0": null,
        "t00": null,
        "Shape_Length": 1.0352009469338532
      }
    },
    {
      "type": "Feature",
      "id": 241,
      "geometry": {
        "type": "LineString",
        "coordinates": [
          [
            80.3398737753617,
            7.059156373828536
          ],
          [
            80.33986428593288,
            7.0591573481578145
          ]
        ]
      },
      "properties": {
        "OBJECTID": 241,
        "Entity": "Line",
        "Handle": "34A2B",
        "Layer": "0",
        "LyrFrzn": 0,
        "LyrOn": 1,
        "Color": 7,
        "Linetype": "Continuous",
        "Elevation": -1.9900000007343053,
        "LineWt": 25,
        "RefName": "",
        "DocUpdate": 1783359710000,
        "DocId": 1.1061215596273316e+19,
        "t0": null,
        "t00": null,
        "Shape_Length": 1.05357441552005
      }
    },
    {
      "type": "Feature",
      "id": 242,
      "geometry": {
        "type": "LineString",
        "coordinates": [
          [
            80.3398661641317,
            7.059155839335796
          ],
          [
            80.33987195327136,
            7.059154708714723
          ]
        ]
      },
      "properties": {
        "OBJECTID": 242,
        "Entity": "Line",
        "Handle": "34A2C",
        "Layer": "0",
        "LyrFrzn": 0,
        "LyrOn": 1,
        "Color": 7,
        "Linetype": "Continuous",
        "Elevation": -1.9900000001374565,
        "LineWt": 25,
        "RefName": "",
        "DocUpdate": 1783359710000,
        "DocId": 1.1061215596273316e+19,
        "t0": null,
        "t00": null,
        "Shape_Length": 0.6514809668763586
      }
    },
    {
      "type": "Feature",
      "id": 243,
      "geometry": {
        "type": "LineString",
        "coordinates": [
          [
            80.33986586464789,
            7.059156326456808
          ],
          [
            80.3398724145638,
            7.059155046759011
          ]
        ]
      },
      "properties": {
        "OBJECTID": 243,
        "Entity": "Line",
        "Handle": "34A2D",
        "Layer": "0",
        "LyrFrzn": 0,
        "LyrOn": 1,
        "Color": 7,
        "Linetype": "Continuous",
        "Elevation": -1.9900000001374565,
        "LineWt": 25,
        "RefName": "",
        "DocUpdate": 1783359710000,
        "DocId": 1.1061215596273316e+19,
        "t0": null,
        "t00": null,
        "Shape_Length": 0.7371054808261143
      }
    },
    {
      "type": "Feature",
      "id": 244,
      "geometry": {
        "type": "LineString",
        "coordinates": [
          [
            80.33986556425863,
            7.059156813576538
          ],
          [
            80.33987287676038,
            7.059155385709113
          ]
        ]
      },
      "properties": {
        "OBJECTID": 244,
        "Entity": "Line",
        "Handle": "34A2E",
        "Layer": "0",
        "LyrFrzn": 0,
        "LyrOn": 1,
        "Color": 7,
        "Linetype": "Continuous",
        "Elevation": -1.9900000001374565,
        "LineWt": 25,
        "RefName": "",
        "DocUpdate": 1783359710000,
        "DocId": 1.1061215596273316e+19,
        "t0": null,
        "t00": null,
        "Shape_Length": 0.8229068965867529
      }
    },
    {
      "type": "Feature",
      "id": 245,
      "geometry": {
        "type": "LineString",
        "coordinates": [
          [
            80.33986594555219,
            7.059156739039469
          ],
          [
            80.33986586464789,
            7.059156326456808
          ]
        ]
      },
      "properties": {
        "OBJECTID": 245,
        "Entity": "Line",
        "Handle": "34A2F",
        "Layer": "0",
        "LyrFrzn": 0,
        "LyrOn": 1,
        "Color": 7,
        "Linetype": "Continuous",
        "Elevation": -1.9900000001374565,
        "LineWt": 25,
        "RefName": "",
        "DocUpdate": 1783359710000,
        "DocId": 1.1061215596273316e+19,
        "t0": null,
        "t00": null,
        "Shape_Length": 0.04647967365580281
      }
    },
    {
      "type": "Feature",
      "id": 246,
      "geometry": {
        "type": "LineString",
        "coordinates": [
          [
            80.33986624503602,
            7.0591562519184405
          ],
          [
            80.3398661641317,
            7.059155839335796
          ]
        ]
      },
      "properties": {
        "OBJECTID": 246,
        "Entity": "Line",
        "Handle": "34A30",
        "Layer": "0",
        "LyrFrzn": 0,
        "LyrOn": 1,
        "Color": 7,
        "Linetype": "Continuous",
        "Elevation": -1.9900000001374565,
        "LineWt": 25,
        "RefName": "",
        "DocUpdate": 1783359710000,
        "DocId": 1.1061215596273316e+19,
        "t0": null,
        "t00": null,
        "Shape_Length": 0.04647967182841003
      }
    },
    {
      "type": "Feature",
      "id": 247,
      "geometry": {
        "type": "LineString",
        "coordinates": [
          [
            80.33986564156558,
            7.059157208967932
          ],
          [
            80.33986556425863,
            7.059156813576538
          ]
        ]
      },
      "properties": {
        "OBJECTID": 247,
        "Entity": "Line",
        "Handle": "34A31",
        "Layer": "0",
        "LyrFrzn": 0,
        "LyrOn": 1,
        "Color": 7,
        "Linetype": "Continuous",
        "Elevation": -1.9900000001374565,
        "LineWt": 25,
        "RefName": "",
        "DocUpdate": 1783359710000,
        "DocId": 1.1061215596273316e+19,
        "t0": null,
        "t00": null,
        "Shape_Length": 0.04453818618586144
      }
    },
    {
      "type": "Feature",
      "id": 248,
      "geometry": {
        "type": "LineString",
        "coordinates": [
          [
            80.33986558429507,
            7.0591631191221715
          ],
          [
            80.3398651025591,
            7.0591632176311
          ],
          [
            80.33986461116363,
            7.059163235067887
          ],
          [
            80.33986412365705,
            7.0591631709517815
          ],
          [
            80.3398636534805,
            7.059163027050545
          ],
          [
            80.33986321359735,
            7.059162807331713
          ],
          [
            80.33986281613572,
            7.059162517853207
          ],
          [
            80.33986247205414,
            7.059162166596311
          ],
          [
            80.33986219083934,
            7.059161763245613
          ],
          [
            80.33986198024476,
            7.059161318921995
          ],
          [
            80.33986184607679,
            7.059160845876011
          ],
          [
            80.33986179203458,
            7.0591603571501285
          ],
          [
            80.33986181960815,
            7.059159866219128
          ],
          [
            80.33986192803725,
            7.059159386618587
          ],
          [
            80.33986211433236,
            7.059158931571691
          ],
          [
            80.33986237335711,
            7.059158513624648
          ],
          [
            80.33986269796985,
            7.0591581443007785
          ],
          [
            80.33986307922059,
            7.059157833782801
          ],
          [
            80.33986350659781,
            7.059157590632084
          ],
          [
            80.33986396831816,
            7.059157421552593
          ],
          [
            80.33986445165142,
            7.059157331206058
          ]
        ]
      },
      "properties": {
        "OBJECTID": 248,
        "Entity": "Arc",
        "Handle": "34A32",
        "Layer": "0",
        "LyrFrzn": 0,
        "LyrOn": 1,
        "Color": 7,
        "Linetype": "Continuous",
        "Elevation": -1.9900000001374565,
        "LineWt": 25,
        "RefName": "",
        "DocUpdate": 1783359710000,
        "DocId": 1.1061215596273316e+19,
        "t0": null,
        "t00": null,
        "Shape_Length": 1.0877213250319082
      }
    },
    {
      "type": "Feature",
      "id": 249,
      "geometry": {
        "type": "LineString",
        "coordinates": [
          [
            80.3398737753617,
            7.059156373828536
          ],
          [
            80.33987414243205,
            7.05915636779634
          ],
          [
            80.3398745049901,
            7.059156425491234
          ],
          [
            80.33987485205635,
            7.059156545166023
          ],
          [
            80.33987517312048,
            7.0591567231965495
          ],
          [
            80.33987545845957,
            7.05915695419145
          ],
          [
            80.3398756994326,
            7.05915723115542
          ],
          [
            80.33987588874209,
            7.059157545701058
          ],
          [
            80.3398760206551,
            7.05915788830286
          ],
          [
            80.33987609117688,
            7.05915824858569
          ],
          [
            80.33987609817177,
            7.05915861563897
          ],
          [
            80.33987604142797,
            7.05915897834709
          ],
          [
            80.33987592266386,
            7.059159325726024
          ],
          [
            80.33987574547601,
            7.059159647255969
          ],
          [
            80.33987551523028,
            7.059159933199913
          ],
          [
            80.33987523889927,
            7.059160174898511
          ],
          [
            80.33987492485122,
            7.059160365032315
          ],
          [
            80.33987458259656,
            7.059160497843433
          ]
        ]
      },
      "properties": {
        "OBJECTID": 249,
        "Entity": "Arc",
        "Handle": "34A33",
        "Layer": "0",
        "LyrFrzn": 0,
        "LyrOn": 1,
        "Color": 7,
        "Linetype": "Continuous",
        "Elevation": -1.9900000002284912,
        "LineWt": 25,
        "RefName": "",
        "DocUpdate": 1783359710000,
        "DocId": 1.1061215596273316e+19,
        "t0": null,
        "t00": null,
        "Shape_Length": 0.6904504064926461
      }
    },
    {
      "type": "Feature",
      "id": 250,
      "geometry": {
        "type": "LineString",
        "coordinates": [
          [
            80.33987249546682,
            7.059155460246205
          ],
          [
            80.3398724145638,
            7.059155046759011
          ]
        ]
      },
      "properties": {
        "OBJECTID": 250,
        "Entity": "Line",
        "Handle": "34A35",
        "Layer": "0",
        "LyrFrzn": 0,
        "LyrOn": 1,
        "Color": 7,
        "Linetype": "Continuous",
        "Elevation": -1.9900000001374565,
        "LineWt": 25,
        "RefName": "",
        "DocUpdate": 1783359710000,
        "DocId": 1.1061215596273316e+19,
        "t0": null,
        "t00": null,
        "Shape_Length": 0.046577784917032024
      }
    },
    {
      "type": "Feature",
      "id": 251,
      "geometry": {
        "type": "LineString",
        "coordinates": [
          [
            80.33987203417566,
            7.059155121297383
          ],
          [
            80.33987195327136,
            7.059154708714723
          ]
        ]
      },
      "properties": {
        "OBJECTID": 251,
        "Entity": "Line",
        "Handle": "34A36",
        "Layer": "0",
        "LyrFrzn": 0,
        "LyrOn": 1,
        "Color": 7,
        "Linetype": "Continuous",
        "Elevation": -1.9900000001374565,
        "LineWt": 25,
        "RefName": "",
        "DocUpdate": 1783359710000,
        "DocId": 1.1061215596273316e+19,
        "t0": null,
        "t00": null,
        "Shape_Length": 0.04647967365580281
      }
    },
    {
      "type": "Feature",
      "id": 252,
      "geometry": {
        "type": "LineString",
        "coordinates": [
          [
            80.33987308350859,
            7.059156445212701
          ],
          [
            80.33987287676038,
            7.059155385709113
          ]
        ]
      },
      "properties": {
        "OBJECTID": 252,
        "Entity": "Line",
        "Handle": "34A37",
        "Layer": "0",
        "LyrFrzn": 0,
        "LyrOn": 1,
        "Color": 7,
        "Linetype": "Continuous",
        "Elevation": -1.9900000001374565,
        "LineWt": 25,
        "RefName": "",
        "DocUpdate": 1783359710000,
        "DocId": 1.1061215596273316e+19,
        "t0": null,
        "t00": null,
        "Shape_Length": 0.11933737927152821
      }
    },
    {
      "type": "Feature",
      "id": 253,
      "geometry": {
        "type": "LineString",
        "coordinates": [
          [
            80.3399032732751,
            7.059131625853008
          ],
          [
            80.33989821001504,
            7.059146368952248
          ]
        ]
      },
      "properties": {
        "OBJECTID": 253,
        "Entity": "Line",
        "Handle": "34A39",
        "Layer": "0",
        "LyrFrzn": 0,
        "LyrOn": 1,
        "Color": 7,
        "Linetype": "Continuous",
        "Elevation": -1.9900000001382168,
        "LineWt": 25,
        "RefName": "",
        "DocUpdate": 1783359710000,
        "DocId": 1.1061215596273316e+19,
        "t0": null,
        "t00": null,
        "Shape_Length": 1.7231715230875435
      }
    },
    {
      "type": "Feature",
      "id": 254,
      "geometry": {
        "type": "LineString",
        "coordinates": [
          [
            80.33989978180578,
            7.059130428736462
          ],
          [
            80.3399032732751,
            7.059131625853008
          ]
        ]
      },
      "properties": {
        "OBJECTID": 254,
        "Entity": "Line",
        "Handle": "34A3C",
        "Layer": "0",
        "LyrFrzn": 0,
        "LyrOn": 1,
        "Color": 7,
        "Linetype": "Continuous",
        "Elevation": -1.990000000138231,
        "LineWt": 25,
        "RefName": "",
        "DocUpdate": 1783359710000,
        "DocId": 1.1061215596273316e+19,
        "t0": null,
        "t00": null,
        "Shape_Length": 0.4076921380141696
      }
    },
    {
      "type": "Feature",
      "id": 255,
      "geometry": {
        "type": "LineString",
        "coordinates": [
          [
            80.33989717582408,
            7.0591171130005606
          ],
          [
            80.33990161820931,
            7.05911624550299
          ]
        ]
      },
      "properties": {
        "OBJECTID": 255,
        "Entity": "Line",
        "Handle": "34A40",
        "Layer": "0",
        "LyrFrzn": 0,
        "LyrOn": 1,
        "Color": 7,
        "Linetype": "Continuous",
        "Elevation": -1.990000000138231,
        "LineWt": 25,
        "RefName": "",
        "DocUpdate": 1783359710000,
        "DocId": 1.1061215596273316e+19,
        "t0": null,
        "t00": null,
        "Shape_Length": 0.4999218041493803
      }
    },
    {
      "type": "Feature",
      "id": 256,
      "geometry": {
        "type": "LineString",
        "coordinates": [
          [
            80.33990161820931,
            7.05911624550299
          ],
          [
            80.33990002981213,
            7.0591081277632055
          ]
        ]
      },
      "properties": {
        "OBJECTID": 256,
        "Entity": "Line",
        "Handle": "34A41",
        "Layer": "0",
        "LyrFrzn": 0,
        "LyrOn": 1,
        "Color": 7,
        "Linetype": "Continuous",
        "Elevation": -1.990000000138231,
        "LineWt": 25,
        "RefName": "",
        "DocUpdate": 1783359710000,
        "DocId": 1.1061215596273316e+19,
        "t0": null,
        "t00": null,
        "Shape_Length": 0.9144346519838952
      }
    },
    {
      "type": "Feature",
      "id": 257,
      "geometry": {
        "type": "LineString",
        "coordinates": [
          [
            80.33989903740024,
            7.059103056437664
          ],
          [
            80.33989710111474,
            7.059093164411578
          ]
        ]
      },
      "properties": {
        "OBJECTID": 257,
        "Entity": "Line",
        "Handle": "34A42",
        "Layer": "0",
        "LyrFrzn": 0,
        "LyrOn": 1,
        "Color": 7,
        "Linetype": "Continuous",
        "Elevation": -1.990000000138231,
        "LineWt": 25,
        "RefName": "",
        "DocUpdate": 1783359710000,
        "DocId": 1.1061215596273316e+19,
        "t0": null,
        "t00": null,
        "Shape_Length": 1.1143168533587589
      }
    },
    {
      "type": "Feature",
      "id": 258,
      "geometry": {
        "type": "LineString",
        "coordinates": [
          [
            80.33994682017821,
            7.058944406977583
          ],
          [
            80.33995126346714,
            7.0589435394806355
          ],
          [
            80.33994910155435,
            7.058932492043628
          ]
        ]
      },
      "properties": {
        "OBJECTID": 258,
        "Entity": "LWPolyline",
        "Handle": "34A47",
        "Layer": "0",
        "LyrFrzn": 0,
        "LyrOn": 1,
        "Color": 7,
        "Linetype": "Continuous",
        "Elevation": -1.9900000001393678,
        "LineWt": 25,
        "RefName": "",
        "DocUpdate": 1783359710000,
        "DocId": 1.1061215596273316e+19,
        "t0": null,
        "t00": null,
        "Shape_Length": 1.7444801423712013
      }
    },
    {
      "type": "Feature",
      "id": 259,
      "geometry": {
        "type": "LineString",
        "coordinates": [
          [
            80.33998594827148,
            7.0588909056705775
          ],
          [
            80.33998365530671,
            7.05889758151838
          ]
        ]
      },
      "properties": {
        "OBJECTID": 259,
        "Entity": "Line",
        "Handle": "34A49",
        "Layer": "0",
        "LyrFrzn": 0,
        "LyrOn": 1,
        "Color": 7,
        "Linetype": "Continuous",
        "Elevation": -1.9900000001393678,
        "LineWt": 25,
        "RefName": "",
        "DocUpdate": 1783359710000,
        "DocId": 1.1061215596273316e+19,
        "t0": null,
        "t00": null,
        "Shape_Length": 0.7802816150829582
      }
    },
    {
      "type": "Feature",
      "id": 260,
      "geometry": {
        "type": "LineString",
        "coordinates": [
          [
            80.33994647579202,
            7.058919077685507
          ],
          [
            80.3399437925013,
            7.058905367462877
          ],
          [
            80.33998365530671,
            7.05889758151838
          ]
        ]
      },
      "properties": {
        "OBJECTID": 260,
        "Entity": "LWPolyline",
        "Handle": "34A4C",
        "Layer": "0",
        "LyrFrzn": 0,
        "LyrOn": 1,
        "Color": 7,
        "Linetype": "Continuous",
        "Elevation": -1.9900000001393678,
        "LineWt": 25,
        "RefName": "",
        "DocUpdate": 1783359710000,
        "DocId": 1.1061215596273316e+19,
        "t0": null,
        "t00": null,
        "Shape_Length": 6.030400414002527
      }
    },
    {
      "type": "Feature",
      "id": 261,
      "geometry": {
        "type": "LineString",
        "coordinates": [
          [
            80.33991708485655,
            7.059282333776036
          ],
          [
            80.34005156071582,
            7.058890784989549
          ]
        ]
      },
      "properties": {
        "OBJECTID": 261,
        "Entity": "Line",
        "Handle": "34A54",
        "Layer": "0",
        "LyrFrzn": 0,
        "LyrOn": 1,
        "Color": 1,
        "Linetype": "Continuous",
        "Elevation": -1.989999997726727,
        "LineWt": 25,
        "RefName": "",
        "DocUpdate": 1783359710000,
        "DocId": 1.1061215596273316e+19,
        "t0": null,
        "t00": null,
        "Shape_Length": 45.76435964253284
      }
    },
    {
      "type": "Feature",
      "id": 262,
      "geometry": {
        "type": "LineString",
        "coordinates": [
          [
            80.33990423845174,
            7.059277930416305
          ],
          [
            80.33990539130338,
            7.059274571697477
          ]
        ]
      },
      "properties": {
        "OBJECTID": 262,
        "Entity": "Line",
        "Handle": "34A55",
        "Layer": "0",
        "LyrFrzn": 0,
        "LyrOn": 1,
        "Color": 7,
        "Linetype": "Continuous",
        "Elevation": -1.989999997726727,
        "LineWt": 25,
        "RefName": "",
        "DocUpdate": 1783359710000,
        "DocId": 1.1061215596273316e+19,
        "t0": null,
        "t00": null,
        "Shape_Length": 0.39254361566433654
      }
    },
    {
      "type": "Feature",
      "id": 263,
      "geometry": {
        "type": "LineString",
        "coordinates": [
          [
            80.33990982631609,
            7.059261658489644
          ],
          [
            80.33991687887566,
            7.059241124654067
          ]
        ]
      },
      "properties": {
        "OBJECTID": 263,
        "Entity": "Line",
        "Handle": "34A56",
        "Layer": "0",
        "LyrFrzn": 0,
        "LyrOn": 1,
        "Color": 3,
        "Linetype": "Continuous",
        "Elevation": -1.989999997726727,
        "LineWt": 25,
        "RefName": "",
        "DocUpdate": 1783359710000,
        "DocId": 1.1061215596273316e+19,
        "t0": null,
        "t00": null,
        "Shape_Length": 2.400012486594511
      }
    },
    {
      "type": "Feature",
      "id": 264,
      "geometry": {
        "type": "LineString",
        "coordinates": [
          [
            80.33992158027941,
            7.059227435731354
          ],
          [
            80.34003840792545,
            7.05888727307313
          ]
        ]
      },
      "properties": {
        "OBJECTID": 264,
        "Entity": "Line",
        "Handle": "34A57",
        "Layer": "0",
        "LyrFrzn": 0,
        "LyrOn": 1,
        "Color": 6,
        "Linetype": "Continuous",
        "Elevation": -1.989999997726727,
        "LineWt": 25,
        "RefName": "",
        "DocUpdate": 1783359710000,
        "DocId": 1.1061215596273316e+19,
        "t0": null,
        "t00": null,
        "Shape_Length": 39.758336425266265
      }
    },
    {
      "type": "Feature",
      "id": 265,
      "geometry": {
        "type": "LineString",
        "coordinates": [
          [
            80.33993207643476,
            7.059238683100323
          ],
          [
            80.33976178807426,
            7.059180314037089
          ]
        ]
      },
      "properties": {
        "OBJECTID": 265,
        "Entity": "Line",
        "Handle": "34A58",
        "Layer": "0",
        "LyrFrzn": 0,
        "LyrOn": 1,
        "Color": 1,
        "Linetype": "Continuous",
        "Elevation": -1.9900000003642617,
        "LineWt": 25,
        "RefName": "",
        "DocUpdate": 1783359710000,
        "DocId": 1.1061215596273316e+19,
        "t0": null,
        "t00": null,
        "Shape_Length": 19.883611440952027
      }
    },
    {
      "type": "Feature",
      "id": 266,
      "geometry": {
        "type": "LineString",
        "coordinates": [
          [
            80.33992158027941,
            7.059227435731354
          ],
          [
            80.33981623977873,
            7.059191328716506
          ]
        ]
      },
      "properties": {
        "OBJECTID": 266,
        "Entity": "Line",
        "Handle": "34A5A",
        "Layer": "0",
        "LyrFrzn": 0,
        "LyrOn": 1,
        "Color": 7,
        "Linetype": "Continuous",
        "Elevation": -1.9900000003642617,
        "LineWt": 25,
        "RefName": "",
        "DocUpdate": 1783359710000,
        "DocId": 1.1061215596273316e+19,
        "t0": null,
        "t00": null,
        "Shape_Length": 12.300011467634693
      }
    },
    {
      "type": "Feature",
      "id": 267,
      "geometry": {
        "type": "LineString",
        "coordinates": [
          [
            80.33991687887566,
            7.059241124654067
          ],
          [
            80.33981153837243,
            7.059205017637942
          ]
        ]
      },
      "properties": {
        "OBJECTID": 267,
        "Entity": "Line",
        "Handle": "34A5C",
        "Layer": "0",
        "LyrFrzn": 0,
        "LyrOn": 1,
        "Color": 7,
        "Linetype": "Continuous",
        "Elevation": -1.9900000003642617,
        "LineWt": 25,
        "RefName": "",
        "DocUpdate": 1783359710000,
        "DocId": 1.1061215596273316e+19,
        "t0": null,
        "t00": null,
        "Shape_Length": 12.300011467914038
      }
    },
    {
      "type": "Feature",
      "id": 268,
      "geometry": {
        "type": "LineString",
        "coordinates": [
          [
            80.33981976105824,
            7.059181077169595
          ],
          [
            80.33979243907382,
            7.059260630407077
          ]
        ]
      },
      "properties": {
        "OBJECTID": 268,
        "Entity": "Line",
        "Handle": "34A5D",
        "Layer": "0",
        "LyrFrzn": 0,
        "LyrOn": 1,
        "Color": 7,
        "Linetype": "Continuous",
        "Elevation": -1.9899999999017837,
        "LineWt": 25,
        "RefName": "",
        "DocUpdate": 1783359710000,
        "DocId": 1.1061215596273316e+19,
        "t0": null,
        "t00": null,
        "Shape_Length": 9.298201258983136
      }
    },
    {
      "type": "Feature",
      "id": 269,
      "geometry": {
        "type": "LineString",
        "coordinates": [
          [
            80.33980691465601,
            7.059176674712042
          ],
          [
            80.33979737001077,
            7.059204464822176
          ]
        ]
      },
      "properties": {
        "OBJECTID": 269,
        "Entity": "Line",
        "Handle": "34A5E",
        "Layer": "0",
        "LyrFrzn": 0,
        "LyrOn": 1,
        "Color": 7,
        "Linetype": "Continuous",
        "Elevation": -1.9899999999015918,
        "LineWt": 25,
        "RefName": "",
        "DocUpdate": 1783359710000,
        "DocId": 1.1061215596273316e+19,
        "t0": null,
        "t00": null,
        "Shape_Length": 3.248126610343705
      }
    },
    {
      "type": "Feature",
      "id": 270,
      "geometry": {
        "type": "LineString",
        "coordinates": [
          [
            80.33979737001077,
            7.059204464822176
          ],
          [
            80.33977959267108,
            7.059256227044075
          ]
        ]
      },
      "properties": {
        "OBJECTID": 270,
        "Entity": "Line",
        "Handle": "34A5F",
        "Layer": "0",
        "LyrFrzn": 0,
        "LyrOn": 1,
        "Color": 7,
        "Linetype": "Continuous",
        "Elevation": -1.9900000004017286,
        "LineWt": 25,
        "RefName": "",
        "DocUpdate": 1783359710000,
        "DocId": 1.1061215596273316e+19,
        "t0": null,
        "t00": null,
        "Shape_Length": 6.049980015630276
      }
    },
    {
      "type": "Feature",
      "id": 271,
      "geometry": {
        "type": "LineString",
        "coordinates": [
          [
            80.3398028087712,
            7.059188626863125
          ],
          [
            80.33979709915945,
            7.05918666951148
          ]
        ]
      },
      "properties": {
        "OBJECTID": 271,
        "Entity": "Line",
        "Handle": "34B66",
        "Layer": "0",
        "LyrFrzn": 0,
        "LyrOn": 1,
        "Color": 7,
        "Linetype": "Continuous",
        "Elevation": -1.99000000043322,
        "LineWt": 25,
        "RefName": "",
        "DocUpdate": 1783359710000,
        "DocId": 1.1061215596273316e+19,
        "t0": null,
        "t00": null,
        "Shape_Length": 0.6666896284273914
      }
    },
    {
      "type": "Feature",
      "id": 272,
      "geometry": {
        "type": "LineString",
        "coordinates": [
          [
            80.3397992829423,
            7.0591988937805255
          ],
          [
            80.33979357242501,
            7.059196936427563
          ]
        ]
      },
      "properties": {
        "OBJECTID": 272,
        "Entity": "Line",
        "Handle": "34B67",
        "Layer": "0",
        "LyrFrzn": 0,
        "LyrOn": 1,
        "Color": 7,
        "Linetype": "Continuous",
        "Elevation": -1.9900000004329002,
        "LineWt": 25,
        "RefName": "",
        "DocUpdate": 1783359710000,
        "DocId": 1.1061215596273316e+19,
        "t0": null,
        "t00": null,
        "Shape_Length": 0.6667842601887942
      }
    },
    {
      "type": "Feature",
      "id": 273,
      "geometry": {
        "type": "LineString",
        "coordinates": [
          [
            80.33981976105824,
            7.059181077169595
          ],
          [
            80.33980691465601,
            7.059176674712042
          ]
        ]
      },
      "properties": {
        "OBJECTID": 273,
        "Entity": "Line",
        "Handle": "34B68",
        "Layer": "0",
        "LyrFrzn": 0,
        "LyrOn": 1,
        "Color": 7,
        "Linetype": "Continuous",
        "Elevation": -1.9899999999353852,
        "LineWt": 25,
        "RefName": "",
        "DocUpdate": 1783359710000,
        "DocId": 1.1061215596273316e+19,
        "t0": null,
        "t00": null,
        "Shape_Length": 1.499971446218901
      }
    },
    {
      "type": "Feature",
      "id": 274,
      "geometry": {
        "type": "LineString",
        "coordinates": [
          [
            80.33987371594468,
            7.059199571648547
          ],
          [
            80.33984639306364,
            7.0592791239840675
          ]
        ]
      },
      "properties": {
        "OBJECTID": 274,
        "Entity": "Line",
        "Handle": "34B69",
        "Layer": "0",
        "LyrFrzn": 0,
        "LyrOn": 1,
        "Color": 7,
        "Linetype": "Continuous",
        "Elevation": -1.9899999999017837,
        "LineWt": 25,
        "RefName": "",
        "DocUpdate": 1783359710000,
        "DocId": 1.1061215596273316e+19,
        "t0": null,
        "t00": null,
        "Shape_Length": 9.29813894605375
      }
    },
    {
      "type": "Feature",
      "id": 275,
      "geometry": {
        "type": "LineString",
        "coordinates": [
          [
            80.33987371594468,
            7.059199571648547
          ],
          [
            80.3398951263136,
            7.059206910581873
          ]
        ]
      },
      "properties": {
        "OBJECTID": 275,
        "Entity": "Line",
        "Handle": "34B6A",
        "Layer": "0",
        "LyrFrzn": 0,
        "LyrOn": 1,
        "Color": 7,
        "Linetype": "Continuous",
        "Elevation": -1.9899999999017837,
        "LineWt": 25,
        "RefName": "",
        "DocUpdate": 1783359710000,
        "DocId": 1.1061215596273316e+19,
        "t0": null,
        "t00": null,
        "Shape_Length": 2.499974727741684
      }
    },
    {
      "type": "Feature",
      "id": 276,
      "geometry": {
        "type": "LineString",
        "coordinates": [
          [
            80.33979105570482,
            7.059222850523575
          ],
          [
            80.33978534518731,
            7.059220893170473
          ]
        ]
      },
      "properties": {
        "OBJECTID": 276,
        "Entity": "Line",
        "Handle": "34D58",
        "Layer": "0",
        "LyrFrzn": 0,
        "LyrOn": 1,
        "Color": 7,
        "Linetype": "Continuous",
        "Elevation": -1.99000000043322,
        "LineWt": 25,
        "RefName": "",
        "DocUpdate": 1783359710000,
        "DocId": 1.1061215596273316e+19,
        "t0": null,
        "t00": null,
        "Shape_Length": 0.666784260790788
      }
    },
    {
      "type": "Feature",
      "id": 277,
      "geometry": {
        "type": "LineString",
        "coordinates": [
          [
            80.33978752896991,
            7.059233117439558
          ],
          [
            80.33978181845228,
            7.059231160086404
          ]
        ]
      },
      "properties": {
        "OBJECTID": 277,
        "Entity": "Line",
        "Handle": "34D59",
        "Layer": "0",
        "LyrFrzn": 0,
        "LyrOn": 1,
        "Color": 7,
        "Linetype": "Continuous",
        "Elevation": -1.9900000004329002,
        "LineWt": 25,
        "RefName": "",
        "DocUpdate": 1783359710000,
        "DocId": 1.1061215596273316e+19,
        "t0": null,
        "t00": null,
        "Shape_Length": 0.666784260790788
      }
    },
    {
      "type": "Feature",
      "id": 278,
      "geometry": {
        "type": "LineString",
        "coordinates": [
          [
            80.33981623977873,
            7.059191328716506
          ],
          [
            80.3398028087712,
            7.059188626863125
          ]
        ]
      },
      "properties": {
        "OBJECTID": 278,
        "Entity": "Line",
        "Handle": "34C4E",
        "Layer": "0",
        "LyrFrzn": 0,
        "LyrOn": 1,
        "Color": 7,
        "Linetype": "Continuous",
        "Elevation": -1.9899999999798226,
        "LineWt": 25,
        "RefName": "",
        "DocUpdate": 1783359710000,
        "DocId": 1.1061215596273316e+19,
        "t0": null,
        "t00": null,
        "Shape_Length": 1.513153660724909
      }
    },
    {
      "type": "Feature",
      "id": 279,
      "geometry": {
        "type": "LineString",
        "coordinates": [
          [
            80.33981153837243,
            7.059205017637942
          ],
          [
            80.3397992829423,
            7.0591988937805255
          ]
        ]
      },
      "properties": {
        "OBJECTID": 279,
        "Entity": "Line",
        "Handle": "34C4F",
        "Layer": "0",
        "LyrFrzn": 0,
        "LyrOn": 1,
        "Color": 7,
        "Linetype": "Continuous",
        "Elevation": -1.990000000084045,
        "LineWt": 25,
        "RefName": "",
        "DocUpdate": 1783359710000,
        "DocId": 1.1061215596273316e+19,
        "t0": null,
        "t00": null,
        "Shape_Length": 1.5134167500205153
      }
    },
    {
      "type": "Feature",
      "id": 280,
      "geometry": {
        "type": "LineString",
        "coordinates": [
          [
            80.33990982631609,
            7.059261658489644
          ],
          [
            80.3398044867145,
            7.059225551472842
          ]
        ]
      },
      "properties": {
        "OBJECTID": 280,
        "Entity": "Line",
        "Handle": "34C50",
        "Layer": "0",
        "LyrFrzn": 0,
        "LyrOn": 1,
        "Color": 7,
        "Linetype": "Continuous",
        "Elevation": -1.9900000003642617,
        "LineWt": 25,
        "RefName": "",
        "DocUpdate": 1783359710000,
        "DocId": 1.1061215596273316e+19,
        "t0": null,
        "t00": null,
        "Shape_Length": 12.299916834592809
      }
    },
    {
      "type": "Feature",
      "id": 281,
      "geometry": {
        "type": "LineString",
        "coordinates": [
          [
            80.33990512491155,
            7.059275347412172
          ],
          [
            80.339799784402,
            7.059239240392795
          ]
        ]
      },
      "properties": {
        "OBJECTID": 281,
        "Entity": "Line",
        "Handle": "34C51",
        "Layer": "0",
        "LyrFrzn": 0,
        "LyrOn": 1,
        "Color": 7,
        "Linetype": "Continuous",
        "Elevation": -1.9900000003642617,
        "LineWt": 25,
        "RefName": "",
        "DocUpdate": 1783359710000,
        "DocId": 1.1061215596273316e+19,
        "t0": null,
        "t00": null,
        "Shape_Length": 12.300011467634693
      }
    },
    {
      "type": "Feature",
      "id": 282,
      "geometry": {
        "type": "LineString",
        "coordinates": [
          [
            80.3398044867145,
            7.059225551472842
          ],
          [
            80.33979105570482,
            7.059222850523575
          ]
        ]
      },
      "properties": {
        "OBJECTID": 282,
        "Entity": "Line",
        "Handle": "34E1E",
        "Layer": "0",
        "LyrFrzn": 0,
        "LyrOn": 1,
        "Color": 7,
        "Linetype": "Continuous",
        "Elevation": -1.9899999999798226,
        "LineWt": 25,
        "RefName": "",
        "DocUpdate": 1783359710000,
        "DocId": 1.1061215596273316e+19,
        "t0": null,
        "t00": null,
        "Shape_Length": 1.5131340624895449
      }
    },
    {
      "type": "Feature",
      "id": 283,
      "geometry": {
        "type": "LineString",
        "coordinates": [
          [
            80.33992032247053,
            7.059272906763439
          ],
          [
            80.3397500340998,
            7.059214537694994
          ]
        ]
      },
      "properties": {
        "OBJECTID": 283,
        "Entity": "Line",
        "Handle": "34E21",
        "Layer": "0",
        "LyrFrzn": 0,
        "LyrOn": 1,
        "Color": 1,
        "Linetype": "Continuous",
        "Elevation": -1.9900000003642617,
        "LineWt": 25,
        "RefName": "",
        "DocUpdate": 1783359710000,
        "DocId": 1.1061215596273316e+19,
        "t0": null,
        "t00": null,
        "Shape_Length": 19.883611440350027
      }
    },
    {
      "type": "Feature",
      "id": 284,
      "geometry": {
        "type": "LineString",
        "coordinates": [
          [
            80.33990869380601,
            7.059292828087232
          ],
          [
            80.33974268786572,
            7.059235926802509
          ]
        ]
      },
      "properties": {
        "OBJECTID": 284,
        "Entity": "Line",
        "Handle": "34E22",
        "Layer": "0",
        "LyrFrzn": 0,
        "LyrOn": 1,
        "Color": 1,
        "Linetype": "Continuous",
        "Elevation": -1.9900000003642617,
        "LineWt": 25,
        "RefName": "",
        "DocUpdate": 1783359710000,
        "DocId": 1.1061215596273316e+19,
        "t0": null,
        "t00": null,
        "Shape_Length": 19.383578642441922
      }
    },
    {
      "type": "Feature",
      "id": 285,
      "geometry": {
        "type": "LineString",
        "coordinates": [
          [
            80.33990795918294,
            7.059294967179186
          ],
          [
            80.33979405470204,
            7.059255924585371
          ]
        ]
      },
      "properties": {
        "OBJECTID": 285,
        "Entity": "Line",
        "Handle": "34E23",
        "Layer": "0",
        "LyrFrzn": 0,
        "LyrOn": 1,
        "Color": 7,
        "Linetype": "Continuous",
        "Elevation": -1.9900000003642617,
        "LineWt": 25,
        "RefName": "",
        "DocUpdate": 1783359710000,
        "DocId": 1.1061215596273316e+19,
        "t0": null,
        "t00": null,
        "Shape_Length": 13.29998243160197
      }
    },
    {
      "type": "Feature",
      "id": 286,
      "geometry": {
        "type": "LineString",
        "coordinates": [
          [
            80.3399094284291,
            7.059290688995259
          ],
          [
            80.33979552394906,
            7.059251646401881
          ]
        ]
      },
      "properties": {
        "OBJECTID": 286,
        "Entity": "Line",
        "Handle": "34E24",
        "Layer": "0",
        "LyrFrzn": 0,
        "LyrOn": 1,
        "Color": 7,
        "Linetype": "Continuous",
        "Elevation": -1.9900000003642617,
        "LineWt": 25,
        "RefName": "",
        "DocUpdate": 1783359710000,
        "DocId": 1.1061215596273316e+19,
        "t0": null,
        "t00": null,
        "Shape_Length": 13.29998243160197
      }
    },
    {
      "type": "Feature",
      "id": 287,
      "geometry": {
        "type": "LineString",
        "coordinates": [
          [
            80.33991444548899,
            7.059290017690275
          ],
          [
            80.33991412483677,
            7.059290738535838
          ],
          [
            80.33991368394517,
            7.059291392791732
          ],
          [
            80.3399131361958,
            7.059291960600498
          ],
          [
            80.33991249821351,
            7.0592924247284525
          ],
          [
            80.33991178936182,
            7.05929277108875
          ],
          [
            80.33991103115525,
            7.059292989168936
          ],
          [
            80.33991024660628,
            7.059293072350014
          ],
          [
            80.33990945952694,
            7.059293018107336
          ],
          [
            80.33990869380601,
            7.059292828087232
          ]
        ]
      },
      "properties": {
        "OBJECTID": 287,
        "Entity": "Arc",
        "Handle": "34E25",
        "Layer": "0",
        "LyrFrzn": 0,
        "LyrOn": 1,
        "Color": 1,
        "Linetype": "Continuous",
        "Elevation": -1.9900001787807398,
        "LineWt": 25,
        "RefName": "",
        "DocUpdate": 1783359710000,
        "DocId": 1.1061215596273316e+19,
        "t0": null,
        "t00": null,
        "Shape_Length": 0.785449684493806
      }
    },
    {
      "type": "Feature",
      "id": 288,
      "geometry": {
        "type": "LineString",
        "coordinates": [
          [
            80.33991658670743,
            7.059290751583766
          ],
          [
            80.3399161057291,
            7.059291832852114
          ],
          [
            80.33991544439172,
            7.059292814235959
          ],
          [
            80.33991462276765,
            7.0592936659491095
          ],
          [
            80.3399136657942,
            7.059294362141041
          ],
          [
            80.33991260251666,
            7.0592948816814864
          ],
          [
            80.3399114652068,
            7.059295208801762
          ],
          [
            80.33991028838335,
            7.059295333573373
          ],
          [
            80.33990910776433,
            7.059295252209349
          ],
          [
            80.33990795918294,
            7.059294967179186
          ]
        ]
      },
      "properties": {
        "OBJECTID": 288,
        "Entity": "Arc",
        "Handle": "34E26",
        "Layer": "0",
        "LyrFrzn": 0,
        "LyrOn": 1,
        "Color": 7,
        "Linetype": "Continuous",
        "Elevation": -1.9900001787807398,
        "LineWt": 25,
        "RefName": "",
        "DocUpdate": 1783359710000,
        "DocId": 1.1061215596273316e+19,
        "t0": null,
        "t00": null,
        "Shape_Length": 1.1781745255982996
      }
    },
    {
      "type": "Feature",
      "id": 289,
      "geometry": {
        "type": "LineString",
        "coordinates": [
          [
            80.33991230427057,
            7.059289283796794
          ],
          [
            80.33991214394446,
            7.0592896442195725
          ],
          [
            80.33991192349866,
            7.059289971347518
          ],
          [
            80.33991164962399,
            7.0592902552518995
          ],
          [
            80.33991133063283,
            7.0592904873158755
          ],
          [
            80.339910976207,
            7.059290660496023
          ],
          [
            80.33991059710371,
            7.059290769536115
          ],
          [
            80.33991020482922,
            7.059290811126653
          ],
          [
            80.33990981128956,
            7.059290784005313
          ],
          [
            80.3399094284291,
            7.059290688995259
          ]
        ]
      },
      "properties": {
        "OBJECTID": 289,
        "Entity": "Arc",
        "Handle": "34E27",
        "Layer": "0",
        "LyrFrzn": 0,
        "LyrOn": 1,
        "Color": 7,
        "Linetype": "Continuous",
        "Elevation": -1.9900001787807398,
        "LineWt": 25,
        "RefName": "",
        "DocUpdate": 1783359710000,
        "DocId": 1.1061215596273316e+19,
        "t0": null,
        "t00": null,
        "Shape_Length": 0.3927248419293392
      }
    },
    {
      "type": "Feature",
      "id": 290,
      "geometry": {
        "type": "LineString",
        "coordinates": [
          [
            80.3398497557713,
            7.059270235347693
          ],
          [
            80.33979552394906,
            7.059251646401881
          ]
        ]
      },
      "properties": {
        "OBJECTID": 290,
        "Entity": "Line",
        "Handle": "34E2A",
        "Layer": "0",
        "LyrFrzn": 0,
        "LyrOn": 1,
        "Color": 7,
        "Linetype": "Continuous",
        "Elevation": -1.9900000003642617,
        "LineWt": 25,
        "RefName": "",
        "DocUpdate": 1783359710000,
        "DocId": 1.1061215596273316e+19,
        "t0": null,
        "t00": null,
        "Shape_Length": 6.332347732288729
      }
    },
    {
      "type": "Feature",
      "id": 291,
      "geometry": {
        "type": "LineString",
        "coordinates": [
          [
            80.33984828652598,
            7.059274512626876
          ],
          [
            80.33979405470204,
            7.059255924585371
          ]
        ]
      },
      "properties": {
        "OBJECTID": 291,
        "Entity": "Line",
        "Handle": "34E2B",
        "Layer": "0",
        "LyrFrzn": 0,
        "LyrOn": 1,
        "Color": 7,
        "Linetype": "Continuous",
        "Elevation": -1.9900000003642617,
        "LineWt": 25,
        "RefName": "",
        "DocUpdate": 1783359710000,
        "DocId": 1.1061215596273316e+19,
        "t0": null,
        "t00": null,
        "Shape_Length": 6.332315413886257
      }
    },
    {
      "type": "Feature",
      "id": 292,
      "geometry": {
        "type": "LineString",
        "coordinates": [
          [
            80.33978681360513,
            7.059249135751684
          ],
          [
            80.33976968567232,
            7.059243264601622
          ]
        ]
      },
      "properties": {
        "OBJECTID": 292,
        "Entity": "Line",
        "Handle": "34F32",
        "Layer": "0",
        "LyrFrzn": 0,
        "LyrOn": 1,
        "Color": 7,
        "Linetype": "Continuous",
        "Elevation": -1.9900000001577425,
        "LineWt": 25,
        "RefName": "",
        "DocUpdate": 1783359710000,
        "DocId": 1.1061215596273316e+19,
        "t0": null,
        "t00": null,
        "Shape_Length": 1.9999419293575937
      }
    },
    {
      "type": "Feature",
      "id": 293,
      "geometry": {
        "type": "LineString",
        "coordinates": [
          [
            80.33978563893258,
            7.059252557756758
          ],
          [
            80.33976851009425,
            7.059246686605361
          ]
        ]
      },
      "properties": {
        "OBJECTID": 293,
        "Entity": "Line",
        "Handle": "34F33",
        "Layer": "0",
        "LyrFrzn": 0,
        "LyrOn": 1,
        "Color": 7,
        "Linetype": "Continuous",
        "Elevation": -1.9900000001567122,
        "LineWt": 25,
        "RefName": "",
        "DocUpdate": 1783359710000,
        "DocId": 1.1061215596273316e+19,
        "t0": null,
        "t00": null,
        "Shape_Length": 2.0000365630870216
      }
    },
    {
      "type": "Feature",
      "id": 294,
      "geometry": {
        "type": "LineString",
        "coordinates": [
          [
            80.33978605153938,
            7.059237420033916
          ],
          [
            80.33977959267108,
            7.059256227044075
          ]
        ]
      },
      "properties": {
        "OBJECTID": 294,
        "Entity": "Line",
        "Handle": "34FFC",
        "Layer": "0",
        "LyrFrzn": 0,
        "LyrOn": 1,
        "Color": 7,
        "Linetype": "Continuous",
        "Elevation": -1.9900000003642617,
        "LineWt": 25,
        "RefName": "",
        "DocUpdate": 1783359710000,
        "DocId": 1.1061215596273316e+19,
        "t0": null,
        "t00": null,
        "Shape_Length": 2.198158365058837
      }
    },
    {
      "type": "Feature",
      "id": 295,
      "geometry": {
        "type": "LineString",
        "coordinates": [
          [
            80.33979552394906,
            7.059251646401881
          ],
          [
            80.33978681360513,
            7.059249135751684
          ]
        ]
      },
      "properties": {
        "OBJECTID": 295,
        "Entity": "Line",
        "Handle": "34FFD",
        "Layer": "0",
        "LyrFrzn": 0,
        "LyrOn": 1,
        "Color": 7,
        "Linetype": "Continuous",
        "Elevation": -1.9900000003642617,
        "LineWt": 25,
        "RefName": "",
        "DocUpdate": 1783359710000,
        "DocId": 1.1061215596273316e+19,
        "t0": null,
        "t00": null,
        "Shape_Length": 1.0012493201758843
      }
    },
    {
      "type": "Feature",
      "id": 296,
      "geometry": {
        "type": "LineString",
        "coordinates": [
          [
            80.33979405470204,
            7.059255924585371
          ],
          [
            80.33978563893258,
            7.059252557756758
          ]
        ]
      },
      "properties": {
        "OBJECTID": 296,
        "Entity": "Line",
        "Handle": "34FFE",
        "Layer": "0",
        "LyrFrzn": 0,
        "LyrOn": 1,
        "Color": 7,
        "Linetype": "Continuous",
        "Elevation": -1.9900000003642617,
        "LineWt": 25,
        "RefName": "",
        "DocUpdate": 1783359710000,
        "DocId": 1.1061215596273316e+19,
        "t0": null,
        "t00": null,
        "Shape_Length": 1.0012326448360176
      }
    },
    {
      "type": "Feature",
      "id": 297,
      "geometry": {
        "type": "LineString",
        "coordinates": [
          [
            80.33991708485655,
            7.059282333776036
          ],
          [
            80.33991444548899,
            7.059290017690275
          ]
        ]
      },
      "properties": {
        "OBJECTID": 297,
        "Entity": "Line",
        "Handle": "34FFF",
        "Layer": "0",
        "LyrFrzn": 0,
        "LyrOn": 1,
        "Color": 1,
        "Linetype": "Continuous",
        "Elevation": -1.989999997726727,
        "LineWt": 25,
        "RefName": "",
        "DocUpdate": 1783359710000,
        "DocId": 1.1061215596273316e+19,
        "t0": null,
        "t00": null,
        "Shape_Length": 0.8981114072997822
      }
    },
    {
      "type": "Feature",
      "id": 298,
      "geometry": {
        "type": "LineString",
        "coordinates": [
          [
            80.33991820324385,
            7.059286043049212
          ],
          [
            80.33991658670743,
            7.059290751583766
          ]
        ]
      },
      "properties": {
        "OBJECTID": 298,
        "Entity": "Line",
        "Handle": "35000",
        "Layer": "0",
        "LyrFrzn": 0,
        "LyrOn": 1,
        "Color": 7,
        "Linetype": "Continuous",
        "Elevation": -1.9899999966334363,
        "LineWt": 25,
        "RefName": "",
        "DocUpdate": 1783359710000,
        "DocId": 1.1061215596273316e+19,
        "t0": null,
        "t00": null,
        "Shape_Length": 0.5503139830653425
      }
    },
    {
      "type": "Feature",
      "id": 299,
      "geometry": {
        "type": "LineString",
        "coordinates": [
          [
            80.33991392171245,
            7.059284575263539
          ],
          [
            80.33991230427057,
            7.059289283796794
          ]
        ]
      },
      "properties": {
        "OBJECTID": 299,
        "Entity": "Line",
        "Handle": "35001",
        "Layer": "0",
        "LyrFrzn": 0,
        "LyrOn": 1,
        "Color": 7,
        "Linetype": "Continuous",
        "Elevation": -1.9899999966334363,
        "LineWt": 25,
        "RefName": "",
        "DocUpdate": 1783359710000,
        "DocId": 1.1061215596273316e+19,
        "t0": null,
        "t00": null,
        "Shape_Length": 0.550346299975519
      }
    },
    {
      "type": "Feature",
      "id": 300,
      "geometry": {
        "type": "LineString",
        "coordinates": [
          [
            80.33990512491155,
            7.059275347412172
          ],
          [
            80.33990365566544,
            7.05927962559609
          ]
        ]
      },
      "properties": {
        "OBJECTID": 300,
        "Entity": "Line",
        "Handle": "35002",
        "Layer": "0",
        "LyrFrzn": 0,
        "LyrOn": 1,
        "Color": 7,
        "Linetype": "Continuous",
        "Elevation": -1.9900000003642617,
        "LineWt": 25,
        "RefName": "",
        "DocUpdate": 1783359710000,
        "DocId": 1.1061215596273316e+19,
        "t0": null,
        "t00": null,
        "Shape_Length": 0.5000327977116774
      }
    },
    {
      "type": "Feature",
      "id": 301,
      "geometry": {
        "type": "LineString",
        "coordinates": [
          [
            80.33992934847542,
            7.059288432315276
          ],
          [
            80.33992040967797,
            7.059286676150473
          ],
          [
            80.33991179218506,
            7.059283722334198
          ],
          [
            80.33990365566544,
            7.05927962559609
          ]
        ]
      },
      "properties": {
        "OBJECTID": 301,
        "Entity": "Arc",
        "Handle": "35003",
        "Layer": "0",
        "LyrFrzn": 0,
        "LyrOn": 1,
        "Color": 3,
        "Linetype": "Continuous",
        "Elevation": -1.9900000003642617,
        "LineWt": 25,
        "RefName": "",
        "DocUpdate": 1783359710000,
        "DocId": 1.1061215596273316e+19,
        "t0": null,
        "t00": null,
        "Shape_Length": 3.021019357179885
      }
    },
    {
      "type": "Feature",
      "id": 302,
      "geometry": {
        "type": "LineString",
        "coordinates": [
          [
            80.33992158027941,
            7.059227435731354
          ],
          [
            80.33992182871424,
            7.05922994289681
          ],
          [
            80.33992164478445,
            7.059232455618108
          ],
          [
            80.33992103390776,
            7.059234899882445
          ],
          [
            80.33992001407766,
            7.059237203693434
          ],
          [
            80.33991861533352,
            7.059239299191775
          ],
          [
            80.33991687887566,
            7.059241124654067
          ]
        ]
      },
      "properties": {
        "OBJECTID": 302,
        "Entity": "Arc",
        "Handle": "35004",
        "Layer": "0",
        "LyrFrzn": 0,
        "LyrOn": 1,
        "Color": 3,
        "Linetype": "Continuous",
        "Elevation": -1.9900000003642617,
        "LineWt": 25,
        "RefName": "",
        "DocUpdate": 1783359710000,
        "DocId": 1.1061215596273316e+19,
        "t0": null,
        "t00": null,
        "Shape_Length": 1.6729786271107268
      }
    },
    {
      "type": "Feature",
      "id": 303,
      "geometry": {
        "type": "LineString",
        "coordinates": [
          [
            80.33990974819596,
            7.059261197970539
          ],
          [
            80.33990999663072,
            7.059263705136027
          ],
          [
            80.33990981270084,
            7.059266217857344
          ],
          [
            80.33990920182401,
            7.059268662121676
          ],
          [
            80.33990818199378,
            7.059270965932628
          ],
          [
            80.33990678324948,
            7.059273061430893
          ],
          [
            80.33990504679144,
            7.059274886893066
          ]
        ]
      },
      "properties": {
        "OBJECTID": 303,
        "Entity": "Arc",
        "Handle": "35005",
        "Layer": "0",
        "LyrFrzn": 0,
        "LyrOn": 1,
        "Color": 3,
        "Linetype": "Continuous",
        "Elevation": -1.9900000003642617,
        "LineWt": 25,
        "RefName": "",
        "DocUpdate": 1783359710000,
        "DocId": 1.1061215596273316e+19,
        "t0": null,
        "t00": null,
        "Shape_Length": 1.672978628945358
      }
    },
    {
      "type": "Feature",
      "id": 304,
      "geometry": {
        "type": "LineString",
        "coordinates": [
          [
            80.339799784402,
            7.059239240392795
          ],
          [
            80.33978752260623,
            7.059233135521252
          ]
        ]
      },
      "properties": {
        "OBJECTID": 304,
        "Entity": "Line",
        "Handle": "35006",
        "Layer": "0",
        "LyrFrzn": 0,
        "LyrOn": 1,
        "Color": 7,
        "Linetype": "Continuous",
        "Elevation": -1.9899999999798226,
        "LineWt": 25,
        "RefName": "",
        "DocUpdate": 1783359710000,
        "DocId": 1.1061215596273316e+19,
        "t0": null,
        "t00": null,
        "Shape_Length": 1.5131080730907456
      }
    },
    {
      "type": "Feature",
      "id": 305,
      "geometry": {
        "type": "LineString",
        "coordinates": [
          [
            80.3400647135077,
            7.058894296001082
          ],
          [
            80.33989229819991,
            7.059396310897227
          ]
        ]
      },
      "properties": {
        "OBJECTID": 305,
        "Entity": "LWPolyline",
        "Handle": "35007",
        "Layer": "0",
        "LyrFrzn": 0,
        "LyrOn": 1,
        "Color": 3,
        "Linetype": "Continuous",
        "Elevation": -63.99,
        "LineWt": 25,
        "RefName": "",
        "DocUpdate": 1783359710000,
        "DocId": 1.1061215596273316e+19,
        "t0": null,
        "t00": null,
        "Shape_Length": 58.675687731136414
      }
    },
    {
      "type": "Feature",
      "id": 306,
      "geometry": {
        "type": "LineString",
        "coordinates": [
          [
            80.34016806440013,
            7.0581956160076444
          ],
          [
            80.34005168880414,
            7.058889848071821
          ]
        ]
      },
      "properties": {
        "OBJECTID": 306,
        "Entity": "Line",
        "Handle": "35008",
        "Layer": "0",
        "LyrFrzn": 0,
        "LyrOn": 1,
        "Color": 1,
        "Linetype": "Continuous",
        "Elevation": -64.49000000000001,
        "LineWt": 25,
        "RefName": "",
        "DocUpdate": 1783359710000,
        "DocId": 1.1061215596273316e+19,
        "t0": null,
        "t00": null,
        "Shape_Length": 77.81896694472279
      }
    },
    {
      "type": "Feature",
      "id": 307,
      "geometry": {
        "type": "LineString",
        "coordinates": [
          [
            80.3401814598176,
            7.058197857389252
          ],
          [
            80.3400647135077,
            7.058894296001082
          ]
        ]
      },
      "properties": {
        "OBJECTID": 307,
        "Entity": "LWPolyline",
        "Handle": "35009",
        "Layer": "0",
        "LyrFrzn": 0,
        "LyrOn": 1,
        "Color": 3,
        "Linetype": "Continuous",
        "Elevation": -64.49000000000001,
        "LineWt": 25,
        "RefName": "",
        "DocUpdate": 1783359710000,
        "DocId": 1.1061215596273316e+19,
        "t0": null,
        "t00": null,
        "Shape_Length": 78.06632165173009
      }
    },
    {
      "type": "Feature",
      "id": 308,
      "geometry": {
        "type": "LineString",
        "coordinates": [
          [
            80.33693600828107,
            7.062664672827995
          ],
          [
            80.33689674554499,
            7.06266118142356
          ],
          [
            80.3368586855741,
            7.062650925158832
          ],
          [
            80.33682298480137,
            7.062634215665225
          ],
          [
            80.33679072797672,
            7.062611560652247
          ],
          [
            80.33676289520744,
            7.062583648481003
          ],
          [
            80.33674033217812,
            7.062551327248692
          ],
          [
            80.33672372445501,
            7.062515579019603
          ],
          [
            80.33671357665538,
            7.062477489985587
          ],
          [
            80.33671019711497,
            7.0624382174626685
          ],
          [
            80.3367136885194,
            7.062398954726584
          ],
          [
            80.33672394478413,
            7.062360894755701
          ],
          [
            80.33674065427773,
            7.062325193982975
          ],
          [
            80.33676330929072,
            7.062292937158321
          ],
          [
            80.33679122146195,
            7.0622651043890325
          ],
          [
            80.33682354269426,
            7.062242541359721
          ],
          [
            80.33685929092336,
            7.062225933636615
          ],
          [
            80.33689737995738,
            7.062215785836975
          ],
          [
            80.33693665248029,
            7.0622124062965606
          ],
          [
            80.33697591521637,
            7.0622158977009954
          ],
          [
            80.33701397518726,
            7.062226153965724
          ],
          [
            80.33704967595999,
            7.06224286345933
          ],
          [
            80.33708193278464,
            7.062265518472309
          ],
          [
            80.33710976555392,
            7.062293430643552
          ],
          [
            80.33713232858324,
            7.062325751875863
          ],
          [
            80.33714893630635,
            7.062361500104952
          ],
          [
            80.33715908410598,
            7.062399589138969
          ],
          [
            80.3371624636464,
            7.062438861661887
          ],
          [
            80.33715897224197,
            7.0624781243979715
          ],
          [
            80.33714871597724,
            7.062516184368855
          ],
          [
            80.33713200648363,
            7.0625518851415805
          ],
          [
            80.33710935147064,
            7.0625841419662345
          ],
          [
            80.33708143929941,
            7.062611974735523
          ],
          [
            80.3370491180671,
            7.0626345377648345
          ],
          [
            80.337013369838,
            7.062651145487941
          ],
          [
            80.33697528080398,
            7.06266129328758
          ],
          [
            80.33693600828107,
            7.062664672827995
          ]
        ]
      },
      "properties": {
        "OBJECTID": 308,
        "Entity": "Circle",
        "Handle": "3500D",
        "Layer": "0",
        "LyrFrzn": 0,
        "LyrOn": 1,
        "Color": 7,
        "Linetype": "Continuous",
        "Elevation": -9.990000000000002,
        "LineWt": 25,
        "RefName": "",
        "DocUpdate": 1783359710000,
        "DocId": 1.1061215596273316e+19,
        "t0": null,
        "t00": null,
        "Shape_Length": 157.07963267948966
      }
    },
    {
      "type": "Feature",
      "id": 309,
      "geometry": {
        "type": "LineString",
        "coordinates": [
          [
            80.33795910159094,
            7.061134389061238
          ],
          [
            80.33791070459256,
            7.06113085846688
          ],
          [
            80.3378633026618,
            7.0611204761978845
          ],
          [
            80.3378178607653,
            7.061103453607308
          ],
          [
            80.337775303969,
            7.061080137226007
          ],
          [
            80.33773649860655,
            7.061051001708265
          ],
          [
            80.33770223464323,
            7.061016640169202
          ],
          [
            80.33767320959454,
            7.060977752110665
          ],
          [
            80.33765001432675,
            7.06093512918138
          ],
          [
            80.33763312102863,
            7.0608896390612745
          ],
          [
            80.33762287359902,
            7.06084220779801
          ],
          [
            80.33761948064601,
            7.060793800955327
          ],
          [
            80.33762301124037,
            7.060745403956949
          ],
          [
            80.33763339350936,
            7.060698002026196
          ],
          [
            80.33765041609995,
            7.060652560129683
          ],
          [
            80.33767373248125,
            7.060610003333379
          ],
          [
            80.33770286799898,
            7.060571197970935
          ],
          [
            80.33773722953805,
            7.060536934007623
          ],
          [
            80.33777611759659,
            7.060507908958927
          ],
          [
            80.33781874052588,
            7.060484713691138
          ],
          [
            80.33786423064598,
            7.0604678203930185
          ],
          [
            80.33791166190925,
            7.060457572963401
          ],
          [
            80.33796006875193,
            7.060454180010402
          ],
          [
            80.3380084657503,
            7.06045771060476
          ],
          [
            80.33805586768106,
            7.060468092873756
          ],
          [
            80.33810130957757,
            7.060485115464332
          ],
          [
            80.33814386637387,
            7.0605084318456335
          ],
          [
            80.33818267173632,
            7.060537567363376
          ],
          [
            80.33821693569963,
            7.060571928902439
          ],
          [
            80.33824596074832,
            7.060610816960976
          ],
          [
            80.33826915601611,
            7.0606534398902605
          ],
          [
            80.33828604931423,
            7.060698930010366
          ],
          [
            80.33829629674385,
            7.0607463612736305
          ],
          [
            80.33829968969685,
            7.060794768116313
          ],
          [
            80.3382961591025,
            7.060843165114692
          ],
          [
            80.3382857768335,
            7.060890567045445
          ],
          [
            80.33826875424292,
            7.060936008941957
          ],
          [
            80.33824543786162,
            7.060978565738261
          ],
          [
            80.33821630234388,
            7.061017371100705
          ],
          [
            80.33818194080482,
            7.061051635064017
          ],
          [
            80.33814305274628,
            7.061080660112713
          ],
          [
            80.33810042981699,
            7.061103855380503
          ],
          [
            80.33805493969689,
            7.061120748678622
          ],
          [
            80.33800750843362,
            7.06113099610824
          ],
          [
            80.33795910159094,
            7.061134389061238
          ]
        ]
      },
      "properties": {
        "OBJECTID": 309,
        "Entity": "Circle",
        "Handle": "3500F",
        "Layer": "0",
        "LyrFrzn": 0,
        "LyrOn": 1,
        "Color": 7,
        "Linetype": "Continuous",
        "Elevation": 26.410000000000004,
        "LineWt": 25,
        "RefName": "",
        "DocUpdate": 1783359710000,
        "DocId": 1.1061215596273316e+19,
        "t0": null,
        "t00": null,
        "Shape_Length": 236.24776754980616
      }
    },
    {
      "type": "Feature",
      "id": 310,
      "geometry": {
        "type": "LineString",
        "coordinates": [
          [
            80.33809826747871,
            7.060096089690284
          ],
          [
            80.33806519881173,
            7.060093149188541
          ],
          [
            80.33803314314488,
            7.060084511045868
          ],
          [
            80.33800307447336,
            7.060070437727858
          ],
          [
            80.33797590641856,
            7.060051356845158
          ],
          [
            80.33795246446807,
            7.0600278481607335
          ],
          [
            80.33793346089368,
            7.060000625974065
          ],
          [
            80.33791947310941,
            7.059970517417519
          ],
          [
            80.33791092612697,
            7.059938437324351
          ],
          [
            80.33790807964213,
            7.059905360431958
          ],
          [
            80.33791102014388,
            7.059872291764977
          ],
          [
            80.33791965828655,
            7.059840236098123
          ],
          [
            80.33793373160455,
            7.059810167426609
          ],
          [
            80.33795281248726,
            7.059782999371807
          ],
          [
            80.33797632117168,
            7.0597595574213114
          ],
          [
            80.33800354335834,
            7.059740553846928
          ],
          [
            80.3380336519149,
            7.059726566062648
          ],
          [
            80.33806573200806,
            7.059718019080217
          ],
          [
            80.33809880890045,
            7.059715172595372
          ],
          [
            80.33813187756743,
            7.059718113097116
          ],
          [
            80.33816393323428,
            7.059726751239789
          ],
          [
            80.3381940019058,
            7.059740824557799
          ],
          [
            80.3382211699606,
            7.059759905440498
          ],
          [
            80.3382446119111,
            7.059783414124923
          ],
          [
            80.33826361548549,
            7.059810636311592
          ],
          [
            80.33827760326976,
            7.059840744868137
          ],
          [
            80.3382861502522,
            7.059872824961306
          ],
          [
            80.33828899673703,
            7.059905901853699
          ],
          [
            80.33828605623529,
            7.05993897052068
          ],
          [
            80.33827741809262,
            7.059971026187534
          ],
          [
            80.33826334477462,
            7.0600010948590475
          ],
          [
            80.33824426389191,
            7.06002826291385
          ],
          [
            80.33822075520749,
            7.060051704864345
          ],
          [
            80.33819353302083,
            7.060070708438729
          ],
          [
            80.33816342446427,
            7.060084696223009
          ],
          [
            80.3381313443711,
            7.06009324320544
          ],
          [
            80.33809826747871,
            7.060096089690284
          ]
        ]
      },
      "properties": {
        "OBJECTID": 310,
        "Entity": "Circle",
        "Handle": "36611",
        "Layer": "0",
        "LyrFrzn": 0,
        "LyrOn": 1,
        "Color": 7,
        "Linetype": "Continuous",
        "Elevation": 34.829,
        "LineWt": 25,
        "RefName": "",
        "DocUpdate": 1783359710000,
        "DocId": 1.1061215596273316e+19,
        "t0": null,
        "t00": null,
        "Shape_Length": 132.2987498278622
      }
    },
    {
      "type": "Feature",
      "id": 311,
      "geometry": {
        "type": "MultiLineString",
        "coordinates": [
          [
            [
              80.35216219840653,
              7.064908774776559
            ],
            [
              80.3521058229611,
              7.064892841715563
            ]
          ],
          [
            [
              80.35211273724533,
              7.064899140571721
            ],
            [
              80.3521058229611,
              7.064892841715563
            ],
            [
              80.35211501568773,
              7.064891095162965
            ]
          ],
          [
            [
              80.35214495217369,
              7.0649082451789065
            ],
            [
              80.35213803788886,
              7.064901946323176
            ],
            [
              80.3521472306156,
              7.064900199769966
            ]
          ],
          [
            [
              80.35215300567964,
              7.064910521330053
            ],
            [
              80.35214609139466,
              7.06490422247443
            ],
            [
              80.35215528412142,
              7.0649024759210635
            ]
          ],
          [
            [
              80.35216105918568,
              7.064912797481085
            ],
            [
              80.35215414490055,
              7.064906498625569
            ],
            [
              80.35216333762736,
              7.064904752072028
            ]
          ]
        ]
      },
      "properties": {
        "OBJECTID": 311,
        "Entity": "Insert",
        "Handle": "3C9D6",
        "Layer": "0",
        "LyrFrzn": 0,
        "LyrOn": 1,
        "Color": 7,
        "Linetype": "Continuous",
        "Elevation": -11.610490836985207,
        "LineWt": 25,
        "RefName": "ARROW",
        "DocUpdate": 1783359710000,
        "DocId": 1.1061215596273316e+19,
        "t0": null,
        "t00": null,
        "Shape_Length": 14.73836750821382
      }
    },
    {
      "type": "Feature",
      "id": 312,
      "geometry": {
        "type": "MultiLineString",
        "coordinates": [
          [
            [
              80.35113915020473,
              7.064563954650035
            ],
            [
              80.35108277484635,
              7.064548021472091
            ]
          ],
          [
            [
              80.35108968911064,
              7.0645543203418
            ],
            [
              80.35108277484635,
              7.064548021472091
            ],
            [
              80.35109196756804,
              7.064546274939384
            ]
          ],
          [
            [
              80.35112190308381,
              7.064563425014544
            ],
            [
              80.3511149888189,
              7.064557126145281
            ],
            [
              80.35112418154074,
              7.064555379611944
            ]
          ],
          [
            [
              80.35112995748278,
              7.064565701183654
            ],
            [
              80.35112304231228,
              7.064559402313239
            ],
            [
              80.35113223593957,
              7.064557655781005
            ]
          ],
          [
            [
              80.3511380109764,
              7.064567977351392
            ],
            [
              80.35113109671119,
              7.064561678482341
            ],
            [
              80.35114028943306,
              7.064559931948673
            ]
          ]
        ]
      },
      "properties": {
        "OBJECTID": 312,
        "Entity": "Insert",
        "Handle": "3C9D7",
        "Layer": "0",
        "LyrFrzn": 0,
        "LyrOn": 1,
        "Color": 7,
        "Linetype": "Continuous",
        "Elevation": -100.1104908369852,
        "LineWt": 25,
        "RefName": "ARROW",
        "DocUpdate": 1783359710000,
        "DocId": 1.1061215596273316e+19,
        "t0": null,
        "t00": null,
        "Shape_Length": 14.738539712586997
      }
    },
    {
      "type": "Feature",
      "id": 313,
      "geometry": {
        "type": "MultiLineString",
        "coordinates": [
          [
            [
              80.35281507904688,
              7.060773862845653
            ],
            [
              80.35281513342927,
              7.060734736235676
            ]
          ],
          [
            [
              80.3527955234227,
              7.06075427237616
            ],
            [
              80.3528346890536,
              7.060754326704379
            ]
          ]
        ]
      },
      "properties": {
        "OBJECTID": 313,
        "Entity": "Insert",
        "Handle": "3D576",
        "Layer": "0",
        "LyrFrzn": 0,
        "LyrOn": 1,
        "Color": 7,
        "Linetype": "Continuous",
        "Elevation": -63.99,
        "LineWt": 25,
        "RefName": "A$C3536033B",
        "DocUpdate": 1783359710000,
        "DocId": 1.1061215596273316e+19,
        "t0": null,
        "t00": null,
        "Shape_Length": 8.651200000196695
      }
    },
    {
      "type": "Feature",
      "id": 314,
      "geometry": {
        "type": "LineString",
        "coordinates": [
          [
            80.34015558212094,
            7.058187935134791
          ],
          [
            80.34003829336805,
            7.058887606684764
          ]
        ]
      },
      "properties": {
        "OBJECTID": 314,
        "Entity": "LWPolyline",
        "Handle": "47B91",
        "Layer": "0",
        "LyrFrzn": 0,
        "LyrOn": 1,
        "Color": 3,
        "Linetype": "Continuous",
        "Elevation": -63.99,
        "LineWt": 25,
        "RefName": "",
        "DocUpdate": 1783359710000,
        "DocId": 1.1061215596273316e+19,
        "t0": null,
        "t00": null,
        "Shape_Length": 78.42872282276142
      }
    }
  ]
}