{
  "type": "FeatureCollection",
  "features": [
    {
      "type": "Feature",
      "id": 1,
      "geometry": {
        "type": "LineString",
        "coordinates": [
          [
            80.35595182869001,
            7.063780014909567
          ],
          [
            80.35589984755536,
            7.063858140446615
          ],
          [
            80.35590176765966,
            7.064106357418929
          ]
        ]
      },
      "properties": {
        "OBJECTID": 1,
        "Entity": "LWPolyline",
        "Handle": "18D1C",
        "Layer": "DN",
        "LyrFrzn": 0,
        "LyrOn": 1,
        "Color": 4,
        "Linetype": "Continuous",
        "Elevation": 52.32999999999999,
        "LineWt": 25,
        "RefName": "",
        "DocUpdate": 1783359710000,
        "DocId": 1.1061215596273316e+19,
        "t0": null,
        "t00": null,
        "Shape_Length": 37.81313034518591
      }
    },
    {
      "type": "Feature",
      "id": 2,
      "geometry": {
        "type": "LineString",
        "coordinates": [
          [
            80.35592612975151,
            7.064095789878978
          ],
          [
            80.35590652401665,
            7.063862283407063
          ],
          [
            80.35597117509151,
            7.063788716147736
          ]
        ]
      },
      "properties": {
        "OBJECTID": 2,
        "Entity": "LWPolyline",
        "Handle": "18D1D",
        "Layer": "DN",
        "LyrFrzn": 0,
        "LyrOn": 1,
        "Color": 4,
        "Linetype": "Continuous",
        "Elevation": 52.32999999999999,
        "LineWt": 25,
        "RefName": "",
        "DocUpdate": 1783359710000,
        "DocId": 1.1061215596273316e+19,
        "t0": null,
        "t00": null,
        "Shape_Length": 36.72838189919945
      }
    },
    {
      "type": "Feature",
      "id": 3,
      "geometry": {
        "type": "LineString",
        "coordinates": [
          [
            80.35545511580116,
            7.063677703830311
          ],
          [
            80.35544989692639,
            7.063667158748632
          ],
          [
            80.35542631924048,
            7.063647452458705
          ]
        ]
      },
      "properties": {
        "OBJECTID": 3,
        "Entity": "LWPolyline",
        "Handle": "18D1E",
        "Layer": "DN",
        "LyrFrzn": 0,
        "LyrOn": 1,
        "Color": 4,
        "Linetype": "Continuous",
        "Elevation": 52.32999999999999,
        "LineWt": 25,
        "RefName": "",
        "DocUpdate": 1783359710000,
        "DocId": 1.1061215596273316e+19,
        "t0": null,
        "t00": null,
        "Shape_Length": 4.6956578519149215
      }
    },
    {
      "type": "Feature",
      "id": 4,
      "geometry": {
        "type": "LineString",
        "coordinates": [
          [
            80.35537497367679,
            7.063704647798087
          ],
          [
            80.355362057225,
            7.0636688825991545
          ]
        ]
      },
      "properties": {
        "OBJECTID": 4,
        "Entity": "LWPolyline",
        "Handle": "18D1F",
        "Layer": "DN",
        "LyrFrzn": 0,
        "LyrOn": 1,
        "Color": 4,
        "Linetype": "Continuous",
        "Elevation": 52.32999999999999,
        "LineWt": 25,
        "RefName": "",
        "DocUpdate": 1783359710000,
        "DocId": 1.1061215596273316e+19,
        "t0": null,
        "t00": null,
        "Shape_Length": 4.20344239841437
      }
    },
    {
      "type": "Feature",
      "id": 5,
      "geometry": {
        "type": "LineString",
        "coordinates": [
          [
            80.35534893082337,
            7.063673568053208
          ],
          [
            80.35536762156924,
            7.063704565272768
          ]
        ]
      },
      "properties": {
        "OBJECTID": 5,
        "Entity": "LWPolyline",
        "Handle": "18D20",
        "Layer": "DN",
        "LyrFrzn": 0,
        "LyrOn": 1,
        "Color": 4,
        "Linetype": "Continuous",
        "Elevation": 52.32999999999999,
        "LineWt": 25,
        "RefName": "",
        "DocUpdate": 1783359710000,
        "DocId": 1.1061215596273316e+19,
        "t0": null,
        "t00": null,
        "Shape_Length": 4.000567085368602
      }
    },
    {
      "type": "Feature",
      "id": 6,
      "geometry": {
        "type": "LineString",
        "coordinates": [
          [
            80.35542900810101,
            7.063739212520187
          ],
          [
            80.35548375264226,
            7.063705603180614
          ],
          [
            80.35552727574056,
            7.063674131127987
          ],
          [
            80.35559960385658,
            7.06363410575994
          ]
        ]
      },
      "properties": {
        "OBJECTID": 6,
        "Entity": "LWPolyline",
        "Handle": "18D21",
        "Layer": "DN",
        "LyrFrzn": 0,
        "LyrOn": 1,
        "Color": 4,
        "Linetype": "Continuous",
        "Elevation": 52.32999999999999,
        "LineWt": 25,
        "RefName": "",
        "DocUpdate": 1783359710000,
        "DocId": 1.1061215596273316e+19,
        "t0": null,
        "t00": null,
        "Shape_Length": 22.16236380761292
      }
    },
    {
      "type": "Feature",
      "id": 7,
      "geometry": {
        "type": "LineString",
        "coordinates": [
          [
            80.35542900810101,
            7.063739212520187
          ],
          [
            80.35535962421041,
            7.063765040680532
          ],
          [
            80.35530912153195,
            7.063756260168111
          ],
          [
            80.35522741448622,
            7.063749426493797
          ]
        ]
      },
      "properties": {
        "OBJECTID": 7,
        "Entity": "LWPolyline",
        "Handle": "18D22",
        "Layer": "DN",
        "LyrFrzn": 0,
        "LyrOn": 1,
        "Color": 4,
        "Linetype": "Continuous",
        "Elevation": 52.32999999999999,
        "LineWt": 25,
        "RefName": "",
        "DocUpdate": 1783359710000,
        "DocId": 1.1061215596273316e+19,
        "t0": null,
        "t00": null,
        "Shape_Length": 22.89470219980823
      }
    },
    {
      "type": "Feature",
      "id": 8,
      "geometry": {
        "type": "LineString",
        "coordinates": [
          [
            80.3545332529474,
            7.063619152619041
          ],
          [
            80.3545531773555,
            7.063662191878368
          ],
          [
            80.35454152381209,
            7.063806160100579
          ],
          [
            80.35453458439186,
            7.063880648241152
          ],
          [
            80.3544959399372,
            7.063998166593938
          ],
          [
            80.35447800982682,
            7.064038972617438
          ],
          [
            80.35445640008533,
            7.064075784534104
          ],
          [
            80.35439970827657,
            7.064109716679881
          ],
          [
            80.35438403699749,
            7.064121327341968
          ],
          [
            80.35438021783135,
            7.064146124483957
          ],
          [
            80.35438217148007,
            7.0642325015129845
          ],
          [
            80.35440897249441,
            7.064265291934404
          ],
          [
            80.35442969577551,
            7.0642866044001735
          ],
          [
            80.35443699425275,
            7.064377574835732
          ],
          [
            80.35443931373861,
            7.0644613201658695
          ]
        ]
      },
      "properties": {
        "OBJECTID": 8,
        "Entity": "LWPolyline",
        "Handle": "18D23",
        "Layer": "DN",
        "LyrFrzn": 0,
        "LyrOn": 1,
        "Color": 4,
        "Linetype": "Continuous",
        "Elevation": 32.038999999999994,
        "LineWt": 25,
        "RefName": "",
        "DocUpdate": 1783359710000,
        "DocId": 1.1061215596273316e+19,
        "t0": null,
        "t00": null,
        "Shape_Length": 101.89624220892631
      }
    },
    {
      "type": "Feature",
      "id": 9,
      "geometry": {
        "type": "LineString",
        "coordinates": [
          [
            80.35280933441922,
            7.064907662632306
          ],
          [
            80.35283541047538,
            7.064899805828743
          ],
          [
            80.35291815403485,
            7.064949217961008
          ],
          [
            80.35294932251361,
            7.065025233328259
          ],
          [
            80.35296384168065,
            7.065210602279773
          ],
          [
            80.35299714133915,
            7.065284205487188
          ],
          [
            80.35306063976851,
            7.065349827345925
          ],
          [
            80.35309601216909,
            7.065397925462834
          ],
          [
            80.35315430379332,
            7.065411800533865
          ],
          [
            80.35324071592576,
            7.065434162987152
          ],
          [
            80.35331267235458,
            7.065466455289992
          ],
          [
            80.3534677921904,
            7.065480717882654
          ],
          [
            80.35356784499398,
            7.065499788584393
          ],
          [
            80.35364569427666,
            7.065481127353363
          ],
          [
            80.35382707350941,
            7.065455300934792
          ],
          [
            80.35390327442688,
            7.065417388810893
          ],
          [
            80.3539720907386,
            7.065415819815285
          ],
          [
            80.3539933523155,
            7.065453776543332
          ],
          [
            80.35400975972472,
            7.065603301281207
          ],
          [
            80.35394738419973,
            7.0658113399504066
          ],
          [
            80.35402608748913,
            7.065868896195977
          ],
          [
            80.35415548647019,
            7.065900707150577
          ],
          [
            80.35421653709751,
            7.065955688116826
          ],
          [
            80.3543676406537,
            7.065973807240225
          ],
          [
            80.35440962353336,
            7.066086796925796
          ],
          [
            80.35432683012783,
            7.066438411799588
          ]
        ]
      },
      "properties": {
        "OBJECTID": 9,
        "Entity": "LWPolyline",
        "Handle": "18D24",
        "Layer": "DN",
        "LyrFrzn": 0,
        "LyrOn": 1,
        "Color": 4,
        "Linetype": "Continuous",
        "Elevation": 18.827999999999996,
        "LineWt": 25,
        "RefName": "",
        "DocUpdate": 1783359710000,
        "DocId": 1.1061215596273316e+19,
        "t0": null,
        "t00": null,
        "Shape_Length": 318.7134679258445
      }
    },
    {
      "type": "Feature",
      "id": 10,
      "geometry": {
        "type": "LineString",
        "coordinates": [
          [
            80.3528093881625,
            7.064869019051445
          ],
          [
            80.35283211286831,
            7.064862018716153
          ],
          [
            80.35290362106352,
            7.064871461830083
          ],
          [
            80.35298458845786,
            7.065026141575299
          ],
          [
            80.35307422510706,
            7.065275592701113
          ],
          [
            80.35309925622894,
            7.065311419984304
          ],
          [
            80.35310831086899,
            7.065376441666671
          ],
          [
            80.35314432977174,
            7.065382850537551
          ],
          [
            80.3532424429467,
            7.065416336945527
          ],
          [
            80.35333846334416,
            7.065453948741494
          ],
          [
            80.35348293944146,
            7.065461825003081
          ],
          [
            80.35356964442619,
            7.065481971686279
          ],
          [
            80.35364240666648,
            7.065455651013498
          ],
          [
            80.35380672087355,
            7.065414839890493
          ],
          [
            80.35390084367438,
            7.065394292593236
          ],
          [
            80.35398628280285,
            7.065393605940137
          ],
          [
            80.35401393887321,
            7.065430106175773
          ],
          [
            80.35403359379904,
            7.0656209637444585
          ],
          [
            80.35402164507151,
            7.065709962753087
          ],
          [
            80.35404449815607,
            7.0657559539804735
          ],
          [
            80.35407770517685,
            7.065805125433798
          ],
          [
            80.35413924781837,
            7.06583178601165
          ],
          [
            80.35417734059916,
            7.0658901362405695
          ],
          [
            80.35421791106852,
            7.065898640820415
          ],
          [
            80.35433510678943,
            7.065928879018731
          ],
          [
            80.35456697316519,
            7.066074078087981
          ],
          [
            80.35450710772304,
            7.0663062551983815
          ],
          [
            80.35435000332362,
            7.066449515436481
          ]
        ]
      },
      "properties": {
        "OBJECTID": 10,
        "Entity": "LWPolyline",
        "Handle": "18D25",
        "Layer": "DN",
        "LyrFrzn": 0,
        "LyrOn": 1,
        "Color": 4,
        "Linetype": "Continuous",
        "Elevation": -63.99,
        "LineWt": 25,
        "RefName": "",
        "DocUpdate": 1783359710000,
        "DocId": 1.1061215596273316e+19,
        "t0": null,
        "t00": null,
        "Shape_Length": 333.0072812368061
      }
    },
    {
      "type": "Feature",
      "id": 11,
      "geometry": {
        "type": "LineString",
        "coordinates": [
          [
            80.35592612975151,
            7.064095789878978
          ],
          [
            80.35605987957587,
            7.064608232649631
          ],
          [
            80.35594929595577,
            7.0647399977737635
          ],
          [
            80.35571932696695,
            7.065095516333211
          ],
          [
            80.35551762849889,
            7.065370597069659
          ],
          [
            80.35540319241242,
            7.065524177780487
          ],
          [
            80.35544025870107,
            7.065997479700665
          ],
          [
            80.35540870741416,
            7.066048428505201
          ]
        ]
      },
      "properties": {
        "OBJECTID": 11,
        "Entity": "LWPolyline",
        "Handle": "18D4E",
        "Layer": "DN",
        "LyrFrzn": 0,
        "LyrOn": 1,
        "Color": 4,
        "Linetype": "Continuous",
        "Elevation": -63.99,
        "LineWt": 25,
        "RefName": "",
        "DocUpdate": 1783359710000,
        "DocId": 1.1061215596273316e+19,
        "t0": null,
        "t00": null,
        "Shape_Length": 242.32425361198574
      }
    },
    {
      "type": "Feature",
      "id": 12,
      "geometry": {
        "type": "LineString",
        "coordinates": [
          [
            80.35539725409684,
            7.066066924944613
          ],
          [
            80.35539643645777,
            7.06606824443963
          ],
          [
            80.35535517435778,
            7.0661733218392655
          ]
        ]
      },
      "properties": {
        "OBJECTID": 12,
        "Entity": "LWPolyline",
        "Handle": "18D4F",
        "Layer": "DN",
        "LyrFrzn": 0,
        "LyrOn": 1,
        "Color": 4,
        "Linetype": "Continuous",
        "Elevation": -63.99,
        "LineWt": 25,
        "RefName": "",
        "DocUpdate": 1783359710000,
        "DocId": 1.1061215596273316e+19,
        "t0": null,
        "t00": null,
        "Shape_Length": 12.650137466723205
      }
    },
    {
      "type": "Feature",
      "id": 13,
      "geometry": {
        "type": "LineString",
        "coordinates": [
          [
            80.3559019123932,
            7.0641064571180285
          ],
          [
            80.35601556460433,
            7.064531412342717
          ],
          [
            80.35591872643207,
            7.064741149540956
          ],
          [
            80.35570556968192,
            7.065091517356303
          ],
          [
            80.35551903479616,
            7.065348926281682
          ],
          [
            80.35538207404893,
            7.065520662494188
          ],
          [
            80.355418782738,
            7.065976916996338
          ],
          [
            80.35538952509941,
            7.066035605484249
          ]
        ]
      },
      "properties": {
        "OBJECTID": 13,
        "Entity": "LWPolyline",
        "Handle": "18D50",
        "Layer": "DN",
        "LyrFrzn": 0,
        "LyrOn": 1,
        "Color": 4,
        "Linetype": "Continuous",
        "Elevation": -63.99,
        "LineWt": 25,
        "RefName": "",
        "DocUpdate": 1783359710000,
        "DocId": 1.1061215596273316e+19,
        "t0": null,
        "t00": null,
        "Shape_Length": 236.74909202018068
      }
    },
    {
      "type": "Feature",
      "id": 14,
      "geometry": {
        "type": "LineString",
        "coordinates": [
          [
            80.35537974531448,
            7.066055221341528
          ],
          [
            80.3553340687676,
            7.066146843964456
          ]
        ]
      },
      "properties": {
        "OBJECTID": 14,
        "Entity": "LWPolyline",
        "Handle": "18D51",
        "Layer": "DN",
        "LyrFrzn": 0,
        "LyrOn": 1,
        "Color": 4,
        "Linetype": "Continuous",
        "Elevation": -63.99,
        "LineWt": 25,
        "RefName": "",
        "DocUpdate": 1783359710000,
        "DocId": 1.1061215596273316e+19,
        "t0": null,
        "t00": null,
        "Shape_Length": 11.315895315187088
      }
    },
    {
      "type": "Feature",
      "id": 15,
      "geometry": {
        "type": "LineString",
        "coordinates": [
          [
            80.33182131326986,
            7.061713585011665
          ],
          [
            80.33134745021042,
            7.061695505522755
          ],
          [
            80.33093121628522,
            7.061446369963091
          ],
          [
            80.3305698576451,
            7.06119351377307
          ],
          [
            80.32991891089827,
            7.060514803120853
          ],
          [
            80.32991600016271,
            7.060014410885094
          ],
          [
            80.32987747188145,
            7.059455824062579
          ],
          [
            80.3301213217479,
            7.059047641489232
          ],
          [
            80.33028043854583,
            7.058622178148377
          ],
          [
            80.33038963914456,
            7.058133361915701
          ],
          [
            80.33055175244971,
            7.0577896906712585
          ],
          [
            80.33050353684482,
            7.057671000935491
          ],
          [
            80.33043702584266,
            7.057594101555655
          ],
          [
            80.33035738315289,
            7.0575318729598004
          ],
          [
            80.33030813400829,
            7.057464559252476
          ],
          [
            80.33008818874603,
            7.057520071468471
          ],
          [
            80.33000256088822,
            7.057590285118006
          ],
          [
            80.3296605331133,
            7.0578557541082665
          ],
          [
            80.32913236846134,
            7.058000444276129
          ],
          [
            80.32874317241631,
            7.057841175235134
          ],
          [
            80.32849017520572,
            7.057352625505064
          ],
          [
            80.3281083059791,
            7.057117250045812
          ],
          [
            80.32769611710224,
            7.056908848151645
          ],
          [
            80.32752345104771,
            7.056311065564088
          ],
          [
            80.32745222710909,
            7.0558232882826735
          ],
          [
            80.32758431034058,
            7.055421291289278
          ],
          [
            80.32749182094301,
            7.054963455095456
          ],
          [
            80.32738024426523,
            7.054776137361908
          ],
          [
            80.3273075737723,
            7.054664051434201
          ],
          [
            80.32727175931606,
            7.054604761942304
          ],
          [
            80.32723617058737,
            7.054583546395793
          ]
        ]
      },
      "properties": {
        "OBJECTID": 15,
        "Entity": "LWPolyline",
        "Handle": "1EE2F",
        "Layer": "DN",
        "LyrFrzn": 0,
        "LyrOn": 1,
        "Color": 5,
        "Linetype": "Continuous",
        "Elevation": -1.9030000000000058,
        "LineWt": 25,
        "RefName": "",
        "DocUpdate": 1783359710000,
        "DocId": 1.1061215596273316e+19,
        "t0": null,
        "t00": null,
        "Shape_Length": 1247.988764618803
      }
    },
    {
      "type": "Feature",
      "id": 16,
      "geometry": {
        "type": "LineString",
        "coordinates": [
          [
            80.32720279100377,
            7.054563648316892
          ],
          [
            80.32699131045273,
            7.054437579954932
          ],
          [
            80.32687273915296,
            7.054379157100594
          ],
          [
            80.32678930595878,
            7.0543592999080555
          ],
          [
            80.32673344145084,
            7.05435297808752
          ],
          [
            80.32656260067554,
            7.054482179510105
          ],
          [
            80.32628938453276,
            7.054999051809723
          ],
          [
            80.32614246359788,
            7.055166585491303
          ],
          [
            80.32602010877237,
            7.055370263542754
          ],
          [
            80.32594770933981,
            7.055402722223629
          ],
          [
            80.32583448127731,
            7.0553997185130415
          ],
          [
            80.32560847876742,
            7.0552617131451
          ],
          [
            80.32546035807385,
            7.055031883451912
          ],
          [
            80.32535040928141,
            7.054890228491117
          ],
          [
            80.32518338656253,
            7.054789656332371
          ],
          [
            80.3247090460501,
            7.054669762184324
          ],
          [
            80.32449059732728,
            7.054549224745106
          ],
          [
            80.32426756850846,
            7.05435290786292
          ],
          [
            80.32399946596539,
            7.054083068528786
          ],
          [
            80.32391686226643,
            7.053953419839463
          ],
          [
            80.3238008478211,
            7.053867972511085
          ],
          [
            80.3236386896995,
            7.053816106952274
          ],
          [
            80.3235992259336,
            7.05369512280219
          ],
          [
            80.32346669581419,
            7.053560408714791
          ],
          [
            80.32342566097775,
            7.0534489379642356
          ],
          [
            80.32331392146736,
            7.053337762768251
          ],
          [
            80.32325761728603,
            7.053278949873071
          ],
          [
            80.32302604413772,
            7.053081462310656
          ],
          [
            80.3227675257203,
            7.052828017369179
          ],
          [
            80.32259089940064,
            7.052508298382482
          ],
          [
            80.32248414765479,
            7.052454233404562
          ],
          [
            80.32248604775627,
            7.052374121701596
          ],
          [
            80.32243498307292,
            7.052280057641677
          ],
          [
            80.32224550393519,
            7.0520823594594795
          ],
          [
            80.32225284225817,
            7.052066848326542
          ],
          [
            80.3221918361181,
            7.051916770206713
          ],
          [
            80.32199845294524,
            7.051614556581903
          ],
          [
            80.32198711014712,
            7.051513512871384
          ],
          [
            80.32191398216729,
            7.0514059573023555
          ],
          [
            80.3218596214259,
            7.051243795197917
          ],
          [
            80.3218760337681,
            7.051177272557298
          ],
          [
            80.32186460543568,
            7.051035452391086
          ],
          [
            80.32187526987732,
            7.050899417119442
          ],
          [
            80.32185507244984,
            7.05076081340551
          ],
          [
            80.3215461822633,
            7.050299514650727
          ]
        ]
      },
      "properties": {
        "OBJECTID": 16,
        "Entity": "LWPolyline",
        "Handle": "1EE30",
        "Layer": "DN",
        "LyrFrzn": 0,
        "LyrOn": 1,
        "Color": 5,
        "Linetype": "Continuous",
        "Elevation": -1.9030000000000058,
        "LineWt": 25,
        "RefName": "",
        "DocUpdate": 1783359710000,
        "DocId": 1.1061215596273316e+19,
        "t0": null,
        "t00": null,
        "Shape_Length": 998.8183898871838
      }
    },
    {
      "type": "Feature",
      "id": 17,
      "geometry": {
        "type": "LineString",
        "coordinates": [
          [
            80.32175683786913,
            7.050273245318798
          ],
          [
            80.32179221900763,
            7.050330951586555
          ],
          [
            80.32193708900991,
            7.050508947740836
          ],
          [
            80.32197068906571,
            7.050583584264649
          ],
          [
            80.32202171705528,
            7.0507587577457205
          ],
          [
            80.32200328668927,
            7.0510300727033135
          ],
          [
            80.32197618716178,
            7.051235850729846
          ],
          [
            80.32203409666326,
            7.051392138512485
          ],
          [
            80.32205642122253,
            7.051487608148294
          ],
          [
            80.32210354050886,
            7.051561359754465
          ],
          [
            80.32211404161248,
            7.051593684898558
          ],
          [
            80.32225525773865,
            7.051875136135993
          ],
          [
            80.32238549341514,
            7.051962024528184
          ],
          [
            80.32242309854574,
            7.052040845782231
          ],
          [
            80.32254043394515,
            7.0521887713821405
          ],
          [
            80.32260701782216,
            7.052313774865667
          ],
          [
            80.32260990115216,
            7.052342109011231
          ],
          [
            80.3226748959157,
            7.0524142402466925
          ],
          [
            80.32271665667406,
            7.052462123445454
          ],
          [
            80.32277030531628,
            7.05259121473448
          ],
          [
            80.32291841424828,
            7.052684343057561
          ],
          [
            80.32322309753921,
            7.053045512304747
          ],
          [
            80.32335230257293,
            7.053206543531192
          ],
          [
            80.32340056937159,
            7.053238516328728
          ],
          [
            80.32347703932068,
            7.053352064564145
          ],
          [
            80.32351159483441,
            7.053373796269696
          ],
          [
            80.32359231856174,
            7.053469829850705
          ],
          [
            80.32370314621885,
            7.053585508241792
          ],
          [
            80.32380466216713,
            7.05371645068887
          ],
          [
            80.32389801631733,
            7.053769012573795
          ],
          [
            80.32398869189602,
            7.053876756116455
          ],
          [
            80.32408292204138,
            7.053968376968006
          ],
          [
            80.32432387565319,
            7.054247475571393
          ],
          [
            80.32434350582852,
            7.054309500661846
          ],
          [
            80.32437427202534,
            7.054322027730358
          ],
          [
            80.32456950067692,
            7.054377224345973
          ],
          [
            80.3246049304496,
            7.0544018065250125
          ],
          [
            80.32484422158079,
            7.05446636535825
          ],
          [
            80.32494609933359,
            7.054610414807148
          ],
          [
            80.32522949465725,
            7.054693136921387
          ],
          [
            80.3254088114601,
            7.054794776081477
          ],
          [
            80.32557265388103,
            7.054909463333132
          ],
          [
            80.32566791838161,
            7.055037492862929
          ],
          [
            80.32574094348946,
            7.055085710438099
          ],
          [
            80.32585272381999,
            7.055075487798828
          ],
          [
            80.3259811005713,
            7.055040224474641
          ],
          [
            80.32607227451821,
            7.055004213642504
          ],
          [
            80.32617237517827,
            7.054818437630453
          ],
          [
            80.3263611345427,
            7.054582726292882
          ],
          [
            80.32648267176819,
            7.054418258452517
          ],
          [
            80.32655974573444,
            7.0543024446181475
          ],
          [
            80.32671933601955,
            7.054183023065644
          ],
          [
            80.32686034767971,
            7.054163408022759
          ],
          [
            80.32700778200221,
            7.054229343918512
          ],
          [
            80.32711551311128,
            7.054326962641872
          ],
          [
            80.3272020915241,
            7.054407192871344
          ],
          [
            80.32726202578837,
            7.054448108955292
          ]
        ]
      },
      "properties": {
        "OBJECTID": 17,
        "Entity": "LWPolyline",
        "Handle": "1EE31",
        "Layer": "DN",
        "LyrFrzn": 0,
        "LyrOn": 1,
        "Color": 5,
        "Linetype": "Continuous",
        "Elevation": -20.427,
        "LineWt": 25,
        "RefName": "",
        "DocUpdate": 1783359710000,
        "DocId": 1.1061215596273316e+19,
        "t0": null,
        "t00": null,
        "Shape_Length": 960.336310752067
      }
    },
    {
      "type": "Feature",
      "id": 18,
      "geometry": {
        "type": "LineString",
        "coordinates": [
          [
            80.32729501134557,
            7.054470628704397
          ],
          [
            80.32732593095666,
            7.054491737116799
          ],
          [
            80.32733855940367,
            7.054505811758449
          ],
          [
            80.32742953799497,
            7.054611311910688
          ],
          [
            80.32757802563428,
            7.054913766584951
          ],
          [
            80.327739744719,
            7.055389865485651
          ],
          [
            80.32765312914158,
            7.05584349094758
          ],
          [
            80.32767340765712,
            7.056272278064116
          ],
          [
            80.32785114237383,
            7.0566806052332005
          ],
          [
            80.32824053849423,
            7.057039297706391
          ],
          [
            80.32861222649684,
            7.057283884657431
          ],
          [
            80.3295980561059,
            7.057580550431033
          ],
          [
            80.33010492533536,
            7.05718969640283
          ],
          [
            80.33043209037112,
            7.057286037357473
          ],
          [
            80.33062945423168,
            7.057602210814575
          ],
          [
            80.33069444272384,
            7.057793531532693
          ],
          [
            80.33058998339222,
            7.058253364368984
          ],
          [
            80.33053056843937,
            7.058713623585808
          ],
          [
            80.3304047287064,
            7.059080855661342
          ],
          [
            80.33029748560044,
            7.059599723281628
          ],
          [
            80.3301852700572,
            7.059993604273467
          ],
          [
            80.3300818616321,
            7.060427016938882
          ],
          [
            80.33030150255703,
            7.0607477723855
          ],
          [
            80.3306340712132,
            7.061073854677122
          ],
          [
            80.33099475977835,
            7.06135191921152
          ],
          [
            80.33143859538946,
            7.061459561841473
          ],
          [
            80.33182146434841,
            7.061608317368749
          ]
        ]
      },
      "properties": {
        "OBJECTID": 18,
        "Entity": "LWPolyline",
        "Handle": "1EE32",
        "Layer": "DN",
        "LyrFrzn": 0,
        "LyrOn": 1,
        "Color": 5,
        "Linetype": "Continuous",
        "Elevation": -20.427,
        "LineWt": 25,
        "RefName": "",
        "DocUpdate": 1783359710000,
        "DocId": 1.1061215596273316e+19,
        "t0": null,
        "t00": null,
        "Shape_Length": 1195.4841222121852
      }
    },
    {
      "type": "Feature",
      "id": 19,
      "geometry": {
        "type": "LineString",
        "coordinates": [
          [
            80.32267146799603,
            7.052343202322224
          ],
          [
            80.32269093054424,
            7.052302291392975
          ],
          [
            80.32274143893949,
            7.0522744869293135
          ],
          [
            80.32278007435117,
            7.052223780567985
          ],
          [
            80.32282699722016,
            7.0521960161220045
          ],
          [
            80.32287523653432,
            7.052159542928643
          ]
        ]
      },
      "properties": {
        "OBJECTID": 19,
        "Entity": "LWPolyline",
        "Handle": "1EE33",
        "Layer": "DN",
        "LyrFrzn": 0,
        "LyrOn": 1,
        "Color": 5,
        "Linetype": "Continuous",
        "Elevation": -23.46,
        "LineWt": 25,
        "RefName": "",
        "DocUpdate": 1783359710000,
        "DocId": 1.1061215596273316e+19,
        "t0": null,
        "t00": null,
        "Shape_Length": 31.12710585724971
      }
    },
    {
      "type": "Feature",
      "id": 20,
      "geometry": {
        "type": "LineString",
        "coordinates": [
          [
            80.32293487338173,
            7.052093046716601
          ],
          [
            80.3228892424127,
            7.052066676762043
          ],
          [
            80.32277957329383,
            7.0520513759014545
          ],
          [
            80.32266365413753,
            7.052006750047629
          ],
          [
            80.32260359695934,
            7.05195747447137
          ]
        ]
      },
      "properties": {
        "OBJECTID": 20,
        "Entity": "LWPolyline",
        "Handle": "1EE34",
        "Layer": "DN",
        "LyrFrzn": 0,
        "LyrOn": 1,
        "Color": 5,
        "Linetype": "Continuous",
        "Elevation": -17.671000000000006,
        "LineWt": 25,
        "RefName": "",
        "DocUpdate": 1783359710000,
        "DocId": 1.1061215596273316e+19,
        "t0": null,
        "t00": null,
        "Shape_Length": 40.35628170812043
      }
    },
    {
      "type": "Feature",
      "id": 21,
      "geometry": {
        "type": "LineString",
        "coordinates": [
          [
            80.32295559832015,
            7.052111800584217
          ],
          [
            80.32297030710497,
            7.052127198960142
          ],
          [
            80.32301416920923,
            7.052268080193946
          ],
          [
            80.32300355318675,
            7.052377187641624
          ]
        ]
      },
      "properties": {
        "OBJECTID": 21,
        "Entity": "LWPolyline",
        "Handle": "1EE35",
        "Layer": "DN",
        "LyrFrzn": 0,
        "LyrOn": 1,
        "Color": 5,
        "Linetype": "Continuous",
        "Elevation": -18.555,
        "LineWt": 25,
        "RefName": "",
        "DocUpdate": 1783359710000,
        "DocId": 1.1061215596273316e+19,
        "t0": null,
        "t00": null,
        "Shape_Length": 30.78332267387509
      }
    },
    {
      "type": "Feature",
      "id": 22,
      "geometry": {
        "type": "LineString",
        "coordinates": [
          [
            80.32293487338173,
            7.052093046716601
          ],
          [
            80.32300736070468,
            7.052030983239214
          ],
          [
            80.32302604438034,
            7.051971483013839
          ],
          [
            80.32308882554923,
            7.051890744942431
          ],
          [
            80.32316648187384,
            7.05177939188631
          ],
          [
            80.32317441633867,
            7.051665052342412
          ]
        ]
      },
      "properties": {
        "OBJECTID": 22,
        "Entity": "LWPolyline",
        "Handle": "1EE36",
        "Layer": "DN",
        "LyrFrzn": 0,
        "LyrOn": 1,
        "Color": 5,
        "Linetype": "Continuous",
        "Elevation": -17.671000000000006,
        "LineWt": 25,
        "RefName": "",
        "DocUpdate": 1783359710000,
        "DocId": 1.1061215596273316e+19,
        "t0": null,
        "t00": null,
        "Shape_Length": 56.4156052281195
      }
    },
    {
      "type": "Feature",
      "id": 23,
      "geometry": {
        "type": "LineString",
        "coordinates": [
          [
            80.3221826013664,
            7.051492928989964
          ],
          [
            80.32221249363675,
            7.051502307137837
          ],
          [
            80.3222343522178,
            7.05150727759971
          ]
        ]
      },
      "properties": {
        "OBJECTID": 23,
        "Entity": "LWPolyline",
        "Handle": "1EE37",
        "Layer": "DN",
        "LyrFrzn": 0,
        "LyrOn": 1,
        "Color": 5,
        "Linetype": "Continuous",
        "Elevation": -20.964,
        "LineWt": 25,
        "RefName": "",
        "DocUpdate": 1783359710000,
        "DocId": 1.1061215596273316e+19,
        "t0": null,
        "t00": null,
        "Shape_Length": 5.936419709766385
      }
    },
    {
      "type": "Feature",
      "id": 24,
      "geometry": {
        "type": "LineString",
        "coordinates": [
          [
            80.32218916176475,
            7.051526731848656
          ],
          [
            80.3222148358482,
            7.051516701650707
          ],
          [
            80.32224340497179,
            7.051520704953026
          ]
        ]
      },
      "properties": {
        "OBJECTID": 24,
        "Entity": "LWPolyline",
        "Handle": "1EE38",
        "Layer": "DN",
        "LyrFrzn": 0,
        "LyrOn": 1,
        "Color": 5,
        "Linetype": "Continuous",
        "Elevation": -20.813000000000002,
        "LineWt": 25,
        "RefName": "",
        "DocUpdate": 1783359710000,
        "DocId": 1.1061215596273316e+19,
        "t0": null,
        "t00": null,
        "Shape_Length": 6.230969418958709
      }
    },
    {
      "type": "Feature",
      "id": 25,
      "geometry": {
        "type": "LineString",
        "coordinates": [
          [
            80.32229903988735,
            7.051497801490191
          ],
          [
            80.32230743210255,
            7.051504715248927
          ],
          [
            80.322323468502,
            7.051528618174923
          ],
          [
            80.32235406325402,
            7.051584182772067
          ],
          [
            80.32236621670434,
            7.051607202667709
          ]
        ]
      },
      "properties": {
        "OBJECTID": 25,
        "Entity": "LWPolyline",
        "Handle": "1EE39",
        "Layer": "DN",
        "LyrFrzn": 0,
        "LyrOn": 1,
        "Color": 5,
        "Linetype": "Continuous",
        "Elevation": -18.251000000000005,
        "LineWt": 25,
        "RefName": "",
        "DocUpdate": 1783359710000,
        "DocId": 1.1061215596273316e+19,
        "t0": null,
        "t00": null,
        "Shape_Length": 14.27083792097805
      }
    },
    {
      "type": "Feature",
      "id": 26,
      "geometry": {
        "type": "LineString",
        "coordinates": [
          [
            80.32228227065764,
            7.051454829951632
          ],
          [
            80.3222952993953,
            7.051479886316909
          ],
          [
            80.32229903988735,
            7.051497801490191
          ]
        ]
      },
      "properties": {
        "OBJECTID": 26,
        "Entity": "LWPolyline",
        "Handle": "1EE3A",
        "Layer": "DN",
        "LyrFrzn": 0,
        "LyrOn": 1,
        "Color": 5,
        "Linetype": "Continuous",
        "Elevation": -17.583999999999996,
        "LineWt": 25,
        "RefName": "",
        "DocUpdate": 1783359710000,
        "DocId": 1.1061215596273316e+19,
        "t0": null,
        "t00": null,
        "Shape_Length": 5.144778877141173
      }
    },
    {
      "type": "Feature",
      "id": 27,
      "geometry": {
        "type": "LineString",
        "coordinates": [
          [
            80.32202523567415,
            7.050318979071133
          ],
          [
            80.3220762402289,
            7.050367029491118
          ],
          [
            80.32216084938531,
            7.050455470818019
          ],
          [
            80.32220778242123,
            7.050526499494991
          ],
          [
            80.32221772673942,
            7.050586819115883
          ]
        ]
      },
      "properties": {
        "OBJECTID": 27,
        "Entity": "LWPolyline",
        "Handle": "1EE3B",
        "Layer": "DN",
        "LyrFrzn": 0,
        "LyrOn": 1,
        "Color": 5,
        "Linetype": "Continuous",
        "Elevation": -15.396000000000008,
        "LineWt": 25,
        "RefName": "",
        "DocUpdate": 1783359710000,
        "DocId": 1.1061215596273316e+19,
        "t0": null,
        "t00": null,
        "Shape_Length": 37.43557686912586
      }
    },
    {
      "type": "Feature",
      "id": 28,
      "geometry": {
        "type": "LineString",
        "coordinates": [
          [
            80.32212642150566,
            7.050613949267415
          ],
          [
            80.32210505795923,
            7.050611032811777
          ],
          [
            80.3220865411708,
            7.0506179889371765
          ],
          [
            80.32207927719661,
            7.050632197650912
          ],
          [
            80.32206791641627,
            7.050636929962973
          ],
          [
            80.32203754527472,
            7.050633132082644
          ]
        ]
      },
      "properties": {
        "OBJECTID": 28,
        "Entity": "LWPolyline",
        "Handle": "1EE3C",
        "Layer": "DN",
        "LyrFrzn": 0,
        "LyrOn": 1,
        "Color": 5,
        "Linetype": "Continuous",
        "Elevation": -17.256000000000007,
        "LineWt": 25,
        "RefName": "",
        "DocUpdate": 1783359710000,
        "DocId": 1.1061215596273316e+19,
        "t0": null,
        "t00": null,
        "Shape_Length": 11.070279996814099
      }
    },
    {
      "type": "Feature",
      "id": 29,
      "geometry": {
        "type": "LineString",
        "coordinates": [
          [
            80.32577191824889,
            7.0547225941402605
          ],
          [
            80.32576860935006,
            7.054731688966372
          ],
          [
            80.32575085605515,
            7.054761558153504
          ],
          [
            80.32574451170142,
            7.054778490898937
          ],
          [
            80.3257312039837,
            7.054808393640233
          ]
        ]
      },
      "properties": {
        "OBJECTID": 29,
        "Entity": "LWPolyline",
        "Handle": "1EE3D",
        "Layer": "DN",
        "LyrFrzn": 0,
        "LyrOn": 1,
        "Color": 5,
        "Linetype": "Continuous",
        "Elevation": -12.538000000000004,
        "LineWt": 25,
        "RefName": "",
        "DocUpdate": 1783359710000,
        "DocId": 1.1061215596273316e+19,
        "t0": null,
        "t00": null,
        "Shape_Length": 10.526983141795139
      }
    },
    {
      "type": "Feature",
      "id": 30,
      "geometry": {
        "type": "LineString",
        "coordinates": [
          [
            80.32577624378163,
            7.054724246636273
          ],
          [
            80.32577403007642,
            7.05473359631305
          ],
          [
            80.32576485994204,
            7.054763640709892
          ],
          [
            80.32575508257543,
            7.054781581575642
          ],
          [
            80.32574233937162,
            7.054815564577055
          ]
        ]
      },
      "properties": {
        "OBJECTID": 30,
        "Entity": "LWPolyline",
        "Handle": "1EE3E",
        "Layer": "DN",
        "LyrFrzn": 0,
        "LyrOn": 1,
        "Color": 5,
        "Linetype": "Continuous",
        "Elevation": -12.546999999999997,
        "LineWt": 25,
        "RefName": "",
        "DocUpdate": 1783359710000,
        "DocId": 1.1061215596273316e+19,
        "t0": null,
        "t00": null,
        "Shape_Length": 10.804984489312247
      }
    },
    {
      "type": "Feature",
      "id": 31,
      "geometry": {
        "type": "LineString",
        "coordinates": [
          [
            80.3269585706553,
            7.053308747407562
          ],
          [
            80.32696104670278,
            7.053374781917789
          ]
        ]
      },
      "properties": {
        "OBJECTID": 31,
        "Entity": "LWPolyline",
        "Handle": "1EE3F",
        "Layer": "DN",
        "LyrFrzn": 0,
        "LyrOn": 1,
        "Color": 5,
        "Linetype": "Continuous",
        "Elevation": -17.362000000000002,
        "LineWt": 25,
        "RefName": "",
        "DocUpdate": 1783359710000,
        "DocId": 1.1061215596273316e+19,
        "t0": null,
        "t00": null,
        "Shape_Length": 7.305522295556244
      }
    },
    {
      "type": "Feature",
      "id": 32,
      "geometry": {
        "type": "LineString",
        "coordinates": [
          [
            80.32675096221992,
            7.054145557662618
          ],
          [
            80.3268551362262,
            7.053928836907593
          ],
          [
            80.32695742254188,
            7.053865585585789
          ],
          [
            80.3269703875093,
            7.053703023430475
          ],
          [
            80.32698091239399,
            7.053600003193399
          ],
          [
            80.32697782046806,
            7.053490206467724
          ],
          [
            80.32697356986613,
            7.053405309877911
          ],
          [
            80.32696104670278,
            7.053374781917789
          ]
        ]
      },
      "properties": {
        "OBJECTID": 32,
        "Entity": "LWPolyline",
        "Handle": "1EE46",
        "Layer": "DN",
        "LyrFrzn": 0,
        "LyrOn": 1,
        "Color": 5,
        "Linetype": "Continuous",
        "Elevation": -22.282000000000004,
        "LineWt": 25,
        "RefName": "",
        "DocUpdate": 1783359710000,
        "DocId": 1.1061215596273316e+19,
        "t0": null,
        "t00": null,
        "Shape_Length": 94.53052963461852
      }
    },
    {
      "type": "Feature",
      "id": 33,
      "geometry": {
        "type": "LineString",
        "coordinates": [
          [
            80.32697174311255,
            7.053303456778489
          ],
          [
            80.3269907368935,
            7.053348701776609
          ],
          [
            80.32701760256256,
            7.0535292944134556
          ],
          [
            80.32700050177993,
            7.053627809645186
          ],
          [
            80.32699684766666,
            7.053844657227361
          ],
          [
            80.32696123811255,
            7.053938234164612
          ],
          [
            80.32691420791906,
            7.053958825925906
          ],
          [
            80.32676302609212,
            7.05414616752416
          ]
        ]
      },
      "properties": {
        "OBJECTID": 33,
        "Entity": "LWPolyline",
        "Handle": "1EE47",
        "Layer": "DN",
        "LyrFrzn": 0,
        "LyrOn": 1,
        "Color": 5,
        "Linetype": "Continuous",
        "Elevation": -15.107,
        "LineWt": 25,
        "RefName": "",
        "DocUpdate": 1783359710000,
        "DocId": 1.1061215596273316e+19,
        "t0": null,
        "t00": null,
        "Shape_Length": 103.98221512130672
      }
    },
    {
      "type": "Feature",
      "id": 34,
      "geometry": {
        "type": "LineString",
        "coordinates": [
          [
            80.34225811066447,
            7.056245832006853
          ],
          [
            80.34220383779856,
            7.056262883834356
          ],
          [
            80.34201586869744,
            7.056302762255971
          ],
          [
            80.34184718489648,
            7.056342866785352
          ],
          [
            80.34143993773539,
            7.056415568931705
          ],
          [
            80.34119352580923,
            7.056408681465413
          ],
          [
            80.34114148331746,
            7.056421004684325
          ]
        ]
      },
      "properties": {
        "OBJECTID": 34,
        "Entity": "LWPolyline",
        "Handle": "32DF0",
        "Layer": "DN",
        "LyrFrzn": 0,
        "LyrOn": 1,
        "Color": 5,
        "Linetype": "Continuous",
        "Elevation": -1.9030000000000058,
        "LineWt": 25,
        "RefName": "",
        "DocUpdate": 1783359710000,
        "DocId": 1.1061215596273316e+19,
        "t0": null,
        "t00": null,
        "Shape_Length": 125.48097700027907
      }
    },
    {
      "type": "Feature",
      "id": 35,
      "geometry": {
        "type": "LineString",
        "coordinates": [
          [
            80.34111762424638,
            7.056427479146665
          ],
          [
            80.34110734548383,
            7.056422589191107
          ],
          [
            80.34099183273233,
            7.056472437930632
          ],
          [
            80.34086694003634,
            7.056605255511847
          ],
          [
            80.340793268532,
            7.05668610744102
          ],
          [
            80.3407445445992,
            7.056739243430274
          ],
          [
            80.34065525540792,
            7.05683216692042
          ],
          [
            80.34056102141967,
            7.056938669531597
          ],
          [
            80.34048238359283,
            7.0571058161395275
          ],
          [
            80.34042802849285,
            7.057228810470412
          ],
          [
            80.34034920396527,
            7.0573422997235
          ],
          [
            80.34026048865381,
            7.0575477210313995
          ],
          [
            80.34017409265701,
            7.057752087285467
          ],
          [
            80.34011158622775,
            7.057902251334345
          ],
          [
            80.34010632054472,
            7.057931433254587
          ],
          [
            80.3400098959522,
            7.058158715260738
          ],
          [
            80.33998165352799,
            7.0582751342815895
          ],
          [
            80.33996222328817,
            7.058338786109557
          ],
          [
            80.33991556610819,
            7.058473116020751
          ],
          [
            80.33996536382804,
            7.058550569468674
          ],
          [
            80.3399533120558,
            7.05866589880168
          ],
          [
            80.33981752352504,
            7.058813290756979
          ],
          [
            80.33978819262774,
            7.058911852683511
          ],
          [
            80.33975316034147,
            7.058963687280156
          ],
          [
            80.33971384377787,
            7.059137971830513
          ],
          [
            80.33968096608601,
            7.0591772545145925
          ],
          [
            80.33966041142911,
            7.05929311451865
          ],
          [
            80.33963107414267,
            7.0593386615930465
          ],
          [
            80.33962148129085,
            7.059399161442437
          ],
          [
            80.33962821382205,
            7.059440227835989
          ],
          [
            80.33962728675367,
            7.0595321092391625
          ],
          [
            80.33954721562063,
            7.059815495424836
          ],
          [
            80.33948273584252,
            7.059933011855163
          ],
          [
            80.33944338206369,
            7.059948269930981
          ],
          [
            80.33943459977269,
            7.06018413320343
          ],
          [
            80.33944114080762,
            7.060238912083871
          ],
          [
            80.3393763141591,
            7.0603774855828805
          ],
          [
            80.3393363611019,
            7.060508776598495
          ],
          [
            80.33932065927716,
            7.060573681915393
          ],
          [
            80.3393023955609,
            7.06060632787136
          ],
          [
            80.33928455526619,
            7.06075533385766
          ],
          [
            80.33921331481207,
            7.060781301674822
          ],
          [
            80.33916160211814,
            7.060866462797836
          ],
          [
            80.3390651279665,
            7.061070416446485
          ],
          [
            80.33903178318873,
            7.061208971153852
          ],
          [
            80.33894506955151,
            7.061240724116191
          ],
          [
            80.33876338461016,
            7.061272378643613
          ],
          [
            80.33854738192417,
            7.06159196132155
          ],
          [
            80.33821176069412,
            7.061848282857462
          ],
          [
            80.33787325968115,
            7.062232012838383
          ],
          [
            80.33765513411056,
            7.062649209399305
          ],
          [
            80.33743314224323,
            7.063066156098221
          ],
          [
            80.33699816170916,
            7.063267701522341
          ],
          [
            80.33642025336673,
            7.063230291212917
          ],
          [
            80.33610008821069,
            7.063034799804169
          ]
        ]
      },
      "properties": {
        "OBJECTID": 35,
        "Entity": "LWPolyline",
        "Handle": "32DF1",
        "Layer": "DN",
        "LyrFrzn": 0,
        "LyrOn": 1,
        "Color": 5,
        "Linetype": "Continuous",
        "Elevation": -1.9030000000000058,
        "LineWt": 25,
        "RefName": "",
        "DocUpdate": 1783359710000,
        "DocId": 1.1061215596273316e+19,
        "t0": null,
        "t00": null,
        "Shape_Length": 1042.8533040548991
      }
    },
    {
      "type": "Feature",
      "id": 36,
      "geometry": {
        "type": "LineString",
        "coordinates": [
          [
            80.33607988367994,
            7.063022463040225
          ],
          [
            80.3360313246002,
            7.062992812916959
          ],
          [
            80.33591348400455,
            7.062857724753585
          ],
          [
            80.33583827469512,
            7.062815674392196
          ],
          [
            80.33574349343012,
            7.062790094859638
          ],
          [
            80.33561226705295,
            7.062790685856779
          ],
          [
            80.33547736585211,
            7.062733309002609
          ],
          [
            80.33537156854148,
            7.062711883607693
          ],
          [
            80.33530135077126,
            7.06266809452681
          ],
          [
            80.33517658804548,
            7.062663213135993
          ],
          [
            80.33494892895803,
            7.0625710873818
          ],
          [
            80.33488542128018,
            7.062520460484383
          ],
          [
            80.33444427144227,
            7.0624453880449725
          ],
          [
            80.3340261976733,
            7.062252695360967
          ],
          [
            80.3339399655371,
            7.062236800777096
          ]
        ]
      },
      "properties": {
        "OBJECTID": 36,
        "Entity": "LWPolyline",
        "Handle": "32DF2",
        "Layer": "DN",
        "LyrFrzn": 0,
        "LyrOn": 1,
        "Color": 5,
        "Linetype": "Continuous",
        "Elevation": -1.9030000000000058,
        "LineWt": 25,
        "RefName": "",
        "DocUpdate": 1783359710000,
        "DocId": 1.1061215596273316e+19,
        "t0": null,
        "t00": null,
        "Shape_Length": 258.05872999107703
      }
    },
    {
      "type": "Feature",
      "id": 37,
      "geometry": {
        "type": "LineString",
        "coordinates": [
          [
            80.33393003458043,
            7.062234970291633
          ],
          [
            80.33361683881466,
            7.0621772424298115
          ],
          [
            80.33306251246644,
            7.062018102443753
          ],
          [
            80.33276211877568,
            7.061908097595452
          ],
          [
            80.33227925338105,
            7.061809943129484
          ],
          [
            80.33189225950939,
            7.061740897721817
          ],
          [
            80.3318250878345,
            7.061713728811783
          ],
          [
            80.33182131326986,
            7.061713585011665
          ]
        ]
      },
      "properties": {
        "OBJECTID": 37,
        "Entity": "LWPolyline",
        "Handle": "32DF3",
        "Layer": "DN",
        "LyrFrzn": 0,
        "LyrOn": 1,
        "Color": 5,
        "Linetype": "Continuous",
        "Elevation": -1.9030000000000058,
        "LineWt": 25,
        "RefName": "",
        "DocUpdate": 1783359710000,
        "DocId": 1.1061215596273316e+19,
        "t0": null,
        "t00": null,
        "Shape_Length": 240.47003727121967
      }
    },
    {
      "type": "Feature",
      "id": 38,
      "geometry": {
        "type": "LineString",
        "coordinates": [
          [
            80.33182146434841,
            7.061608317368749
          ],
          [
            80.33185219497616,
            7.061620256910443
          ],
          [
            80.33236776030171,
            7.06168343503213
          ],
          [
            80.33269930177845,
            7.061748547412974
          ],
          [
            80.33319543263411,
            7.061865163862006
          ],
          [
            80.33396100614138,
            7.062110224952694
          ]
        ]
      },
      "properties": {
        "OBJECTID": 38,
        "Entity": "LWPolyline",
        "Handle": "32DF4",
        "Layer": "DN",
        "LyrFrzn": 0,
        "LyrOn": 1,
        "Color": 5,
        "Linetype": "Continuous",
        "Elevation": -20.427,
        "LineWt": 25,
        "RefName": "",
        "DocUpdate": 1783359710000,
        "DocId": 1.1061215596273316e+19,
        "t0": null,
        "t00": null,
        "Shape_Length": 243.40527787463105
      }
    },
    {
      "type": "Feature",
      "id": 39,
      "geometry": {
        "type": "LineString",
        "coordinates": [
          [
            80.33397062655435,
            7.06211330415586
          ],
          [
            80.3340510244287,
            7.062139039877999
          ],
          [
            80.3344456533818,
            7.062264094175624
          ],
          [
            80.3349011801056,
            7.062435158212419
          ],
          [
            80.33497960521467,
            7.062438028860345
          ],
          [
            80.33522236361384,
            7.062526178071578
          ],
          [
            80.33543696759656,
            7.062604708030508
          ],
          [
            80.33564170784916,
            7.06266035721177
          ],
          [
            80.33580300636542,
            7.0626009057271775
          ],
          [
            80.335892292604,
            7.062625762838484
          ],
          [
            80.33606968549573,
            7.062658216810595
          ],
          [
            80.33619814870282,
            7.062773004202407
          ],
          [
            80.33622061814759,
            7.062793940882221
          ]
        ]
      },
      "properties": {
        "OBJECTID": 39,
        "Entity": "LWPolyline",
        "Handle": "32DF5",
        "Layer": "DN",
        "LyrFrzn": 0,
        "LyrOn": 1,
        "Color": 5,
        "Linetype": "Continuous",
        "Elevation": -20.427,
        "LineWt": 25,
        "RefName": "",
        "DocUpdate": 1783359710000,
        "DocId": 1.1061215596273316e+19,
        "t0": null,
        "t00": null,
        "Shape_Length": 266.2378829097031
      }
    },
    {
      "type": "Feature",
      "id": 40,
      "geometry": {
        "type": "LineString",
        "coordinates": [
          [
            80.33623560953421,
            7.062807909237885
          ],
          [
            80.33655648997902,
            7.063106898436477
          ],
          [
            80.33695737471903,
            7.063043002304004
          ],
          [
            80.33714517755759,
            7.062918533878694
          ],
          [
            80.33723419672123,
            7.062781315795609
          ],
          [
            80.3374283763906,
            7.062540442647311
          ],
          [
            80.33782099255068,
            7.062108306791475
          ],
          [
            80.33853811657062,
            7.061224227479838
          ],
          [
            80.33860594009661,
            7.060996769705488
          ],
          [
            80.33871829664515,
            7.060804968497721
          ],
          [
            80.33881781110881,
            7.060608825375543
          ],
          [
            80.33897388427464,
            7.060491927288114
          ],
          [
            80.33900981468754,
            7.06041987767917
          ],
          [
            80.33903855844848,
            7.060307774105632
          ],
          [
            80.33908253067554,
            7.060215483333194
          ],
          [
            80.3391623970682,
            7.060076632683921
          ],
          [
            80.339212858891,
            7.059992365268563
          ],
          [
            80.33929818044429,
            7.059780128308884
          ],
          [
            80.33935243217717,
            7.059762367683295
          ],
          [
            80.33941006499701,
            7.059703618291294
          ],
          [
            80.33942802776482,
            7.059634157307144
          ],
          [
            80.3394939729386,
            7.059421847637588
          ],
          [
            80.33953112503183,
            7.0593245993410765
          ],
          [
            80.33954139626465,
            7.0592071328095845
          ],
          [
            80.33957929216223,
            7.059057829540693
          ],
          [
            80.33962496048598,
            7.058924981719612
          ],
          [
            80.33963377811266,
            7.05881095035919
          ],
          [
            80.33970809901565,
            7.05865562013227
          ],
          [
            80.3398229265216,
            7.058508388509348
          ],
          [
            80.33982247741574,
            7.058314193133373
          ],
          [
            80.33984750040558,
            7.058086439333246
          ],
          [
            80.33988472295411,
            7.057945719105606
          ],
          [
            80.33997494690394,
            7.057794020398344
          ],
          [
            80.33999351974784,
            7.057728395466105
          ],
          [
            80.3400701894188,
            7.057551052071261
          ],
          [
            80.34015856367843,
            7.057394701385045
          ],
          [
            80.34020508569175,
            7.057272555331676
          ],
          [
            80.34031895681878,
            7.05714174854913
          ],
          [
            80.3403814658766,
            7.056983199409822
          ],
          [
            80.34043419408178,
            7.056902924005611
          ],
          [
            80.3404294143845,
            7.056819093925871
          ],
          [
            80.3404701403179,
            7.0567105800411385
          ],
          [
            80.34056805392883,
            7.056646306372319
          ],
          [
            80.34073100069304,
            7.05652075177236
          ],
          [
            80.34084915348285,
            7.056409624526711
          ],
          [
            80.3409647020205,
            7.056347275187451
          ],
          [
            80.34106297211355,
            7.056280523475569
          ]
        ]
      },
      "properties": {
        "OBJECTID": 40,
        "Entity": "LWPolyline",
        "Handle": "32DF6",
        "Layer": "DN",
        "LyrFrzn": 0,
        "LyrOn": 1,
        "Color": 5,
        "Linetype": "Continuous",
        "Elevation": -20.427,
        "LineWt": 25,
        "RefName": "",
        "DocUpdate": 1783359710000,
        "DocId": 1.1061215596273316e+19,
        "t0": null,
        "t00": null,
        "Shape_Length": 999.1206700341709
      }
    },
    {
      "type": "Feature",
      "id": 41,
      "geometry": {
        "type": "LineString",
        "coordinates": [
          [
            80.3372807169127,
            7.0611921410764005
          ],
          [
            80.33728333750304,
            7.06116460984881
          ]
        ]
      },
      "properties": {
        "OBJECTID": 41,
        "Entity": "LWPolyline",
        "Handle": "32E56",
        "Layer": "DN",
        "LyrFrzn": 0,
        "LyrOn": 1,
        "Color": 5,
        "Linetype": "Continuous",
        "Elevation": 10.006000000000007,
        "LineWt": 25,
        "RefName": "",
        "DocUpdate": 1783359710000,
        "DocId": 1.1061215596273316e+19,
        "t0": null,
        "t00": null,
        "Shape_Length": 3.057421596296844
      }
    },
    {
      "type": "Feature",
      "id": 42,
      "geometry": {
        "type": "LineString",
        "coordinates": [
          [
            80.33728304936376,
            7.06113740374002
          ],
          [
            80.33728127669335,
            7.061110561859095
          ],
          [
            80.33728183610857,
            7.060978346770815
          ],
          [
            80.33726610652799,
            7.060865338958211
          ],
          [
            80.33725850901538,
            7.060783268749125
          ],
          [
            80.3372606152736,
            7.060772941951124
          ],
          [
            80.33728543706262,
            7.060623982199753
          ],
          [
            80.33726716104755,
            7.060467960128816
          ],
          [
            80.33728522160827,
            7.060317308335094
          ],
          [
            80.3372937362911,
            7.060238444972865
          ],
          [
            80.33728383851408,
            7.060131243511826
          ],
          [
            80.33731929842601,
            7.060065479903834
          ],
          [
            80.337356297346,
            7.059999872248572
          ],
          [
            80.33737596921303,
            7.059970339978623
          ],
          [
            80.33741722650502,
            7.059896371414501
          ],
          [
            80.33745610618534,
            7.059851624998167
          ],
          [
            80.33749587495062,
            7.059799272699954
          ],
          [
            80.33751492865218,
            7.059746004543495
          ],
          [
            80.33756115832765,
            7.059619996070875
          ],
          [
            80.3375643237096,
            7.059609824544403
          ]
        ]
      },
      "properties": {
        "OBJECTID": 42,
        "Entity": "LWPolyline",
        "Handle": "32E57",
        "Layer": "DN",
        "LyrFrzn": 0,
        "LyrOn": 1,
        "Color": 4,
        "Linetype": "Continuous",
        "Elevation": 10.006000000000007,
        "LineWt": 25,
        "RefName": "",
        "DocUpdate": 1783359710000,
        "DocId": 1.1061215596273316e+19,
        "t0": null,
        "t00": null,
        "Shape_Length": 177.939222044464
      }
    },
    {
      "type": "Feature",
      "id": 43,
      "geometry": {
        "type": "LineString",
        "coordinates": [
          [
            80.33755894440371,
            7.059572351063268
          ],
          [
            80.33755608327195,
            7.059553225129155
          ],
          [
            80.3375598509647,
            7.059463346822766
          ],
          [
            80.33753285630429,
            7.059383166689101
          ]
        ]
      },
      "properties": {
        "OBJECTID": 43,
        "Entity": "LWPolyline",
        "Handle": "32E58",
        "Layer": "DN",
        "LyrFrzn": 0,
        "LyrOn": 1,
        "Color": 4,
        "Linetype": "Continuous",
        "Elevation": 10.006000000000007,
        "LineWt": 25,
        "RefName": "",
        "DocUpdate": 1783359710000,
        "DocId": 1.1061215596273316e+19,
        "t0": null,
        "t00": null,
        "Shape_Length": 21.43526050975361
      }
    },
    {
      "type": "Feature",
      "id": 44,
      "geometry": {
        "type": "LineString",
        "coordinates": [
          [
            80.3372934222674,
            7.061190693777781
          ],
          [
            80.33729466541281,
            7.061162718275778
          ]
        ]
      },
      "properties": {
        "OBJECTID": 44,
        "Entity": "LWPolyline",
        "Handle": "32E59",
        "Layer": "DN",
        "LyrFrzn": 0,
        "LyrOn": 1,
        "Color": 5,
        "Linetype": "Continuous",
        "Elevation": 10.056000000000004,
        "LineWt": 25,
        "RefName": "",
        "DocUpdate": 1783359710000,
        "DocId": 1.1061215596273316e+19,
        "t0": null,
        "t00": null,
        "Shape_Length": 3.095853906802816
      }
    },
    {
      "type": "Feature",
      "id": 45,
      "geometry": {
        "type": "LineString",
        "coordinates": [
          [
            80.33729487528787,
            7.061136767464422
          ],
          [
            80.33729478070542,
            7.061101436192467
          ],
          [
            80.33729611021712,
            7.060975246400869
          ],
          [
            80.33728158475022,
            7.060868680588173
          ],
          [
            80.3372840180729,
            7.06077869185522
          ]
        ]
      },
      "properties": {
        "OBJECTID": 45,
        "Entity": "LWPolyline",
        "Handle": "32E5A",
        "Layer": "DN",
        "LyrFrzn": 0,
        "LyrOn": 1,
        "Color": 4,
        "Linetype": "Continuous",
        "Elevation": 10.056000000000004,
        "LineWt": 25,
        "RefName": "",
        "DocUpdate": 1783359710000,
        "DocId": 1.1061215596273316e+19,
        "t0": null,
        "t00": null,
        "Shape_Length": 39.69988402072172
      }
    },
    {
      "type": "Feature",
      "id": 46,
      "geometry": {
        "type": "LineString",
        "coordinates": [
          [
            80.3372840488577,
            7.060778691898948
          ],
          [
            80.33729898257802,
            7.060625764378412
          ],
          [
            80.33728024151549,
            7.060470131501659
          ],
          [
            80.33730461797059,
            7.060315960990902
          ],
          [
            80.33730552547824,
            7.0602317952937
          ],
          [
            80.3372972988247,
            7.060133081649433
          ],
          [
            80.33736550820565,
            7.06003623859346
          ],
          [
            80.33739083764551,
            7.059982237638261
          ],
          [
            80.33743650351329,
            7.059934353079149
          ],
          [
            80.33747871449631,
            7.059890099840289
          ],
          [
            80.33749085979431,
            7.059874975167062
          ],
          [
            80.33752239884949,
            7.059822131778212
          ],
          [
            80.33754136272651,
            7.059768356953346
          ],
          [
            80.33757170880152,
            7.059612114456766
          ],
          [
            80.33757171388368,
            7.0596085415502445
          ]
        ]
      },
      "properties": {
        "OBJECTID": 46,
        "Entity": "LWPolyline",
        "Handle": "32E5B",
        "Layer": "DN",
        "LyrFrzn": 0,
        "LyrOn": 1,
        "Color": 4,
        "Linetype": "Continuous",
        "Elevation": 13.594999999999992,
        "LineWt": 25,
        "RefName": "",
        "DocUpdate": 1783359710000,
        "DocId": 1.1061215596273316e+19,
        "t0": null,
        "t00": null,
        "Shape_Length": 138.82151307904908
      }
    },
    {
      "type": "Feature",
      "id": 47,
      "geometry": {
        "type": "LineString",
        "coordinates": [
          [
            80.33756769340864,
            7.059570590594534
          ],
          [
            80.33757386366024,
            7.0595548785333015
          ],
          [
            80.33757488880431,
            7.059508911513588
          ],
          [
            80.33756977604212,
            7.0594622827062885
          ],
          [
            80.33754123285524,
            7.059383538585587
          ],
          [
            80.33752383464338,
            7.059356370596681
          ],
          [
            80.33747261571955,
            7.059276391249392
          ]
        ]
      },
      "properties": {
        "OBJECTID": 47,
        "Entity": "LWPolyline",
        "Handle": "32E5C",
        "Layer": "DN",
        "LyrFrzn": 0,
        "LyrOn": 1,
        "Color": 4,
        "Linetype": "Continuous",
        "Elevation": 13.594999999999992,
        "LineWt": 25,
        "RefName": "",
        "DocUpdate": 1783359710000,
        "DocId": 1.1061215596273316e+19,
        "t0": null,
        "t00": null,
        "Shape_Length": 35.45591146792526
      }
    },
    {
      "type": "Feature",
      "id": 48,
      "geometry": {
        "type": "LineString",
        "coordinates": [
          [
            80.34253282180647,
            7.051425797097448
          ],
          [
            80.34267386700282,
            7.051567881146618
          ]
        ]
      },
      "properties": {
        "OBJECTID": 48,
        "Entity": "LWPolyline",
        "Handle": "32E5D",
        "Layer": "DN",
        "LyrFrzn": 0,
        "LyrOn": 1,
        "Color": 8,
        "Linetype": "Continuous",
        "Elevation": -63.99,
        "LineWt": 25,
        "RefName": "",
        "DocUpdate": 1783359710000,
        "DocId": 1.1061215596273316e+19,
        "t0": null,
        "t00": null,
        "Shape_Length": 22.122626335507803
      }
    },
    {
      "type": "Feature",
      "id": 49,
      "geometry": {
        "type": "LineString",
        "coordinates": [
          [
            80.3425155154631,
            7.051434890466922
          ],
          [
            80.34266999751213,
            7.051576676840426
          ]
        ]
      },
      "properties": {
        "OBJECTID": 49,
        "Entity": "LWPolyline",
        "Handle": "32E5E",
        "Layer": "DN",
        "LyrFrzn": 0,
        "LyrOn": 1,
        "Color": 8,
        "Linetype": "Continuous",
        "Elevation": -63.99,
        "LineWt": 25,
        "RefName": "",
        "DocUpdate": 1783359710000,
        "DocId": 1.1061215596273316e+19,
        "t0": null,
        "t00": null,
        "Shape_Length": 23.169308513849053
      }
    },
    {
      "type": "Feature",
      "id": 50,
      "geometry": {
        "type": "LineString",
        "coordinates": [
          [
            80.34254375270058,
            7.0520333714251695
          ],
          [
            80.34255074045585,
            7.052041920082654
          ],
          [
            80.34256470058668,
            7.052062219434195
          ]
        ]
      },
      "properties": {
        "OBJECTID": 50,
        "Entity": "LWPolyline",
        "Handle": "32E5F",
        "Layer": "DN",
        "LyrFrzn": 0,
        "LyrOn": 1,
        "Color": 8,
        "Linetype": "Continuous",
        "Elevation": -63.99,
        "LineWt": 25,
        "RefName": "",
        "DocUpdate": 1783359710000,
        "DocId": 1.1061215596273316e+19,
        "t0": null,
        "t00": null,
        "Shape_Length": 3.942962622101381
      }
    },
    {
      "type": "Feature",
      "id": 51,
      "geometry": {
        "type": "LineString",
        "coordinates": [
          [
            80.34254962938778,
            7.052027877402017
          ],
          [
            80.34255577907724,
            7.052038743206427
          ],
          [
            80.34257021066406,
            7.05205859095322
          ]
        ]
      },
      "properties": {
        "OBJECTID": 51,
        "Entity": "LWPolyline",
        "Handle": "32E60",
        "Layer": "DN",
        "LyrFrzn": 0,
        "LyrOn": 1,
        "Color": 8,
        "Linetype": "Continuous",
        "Elevation": -63.99,
        "LineWt": 25,
        "RefName": "",
        "DocUpdate": 1783359710000,
        "DocId": 1.1061215596273316e+19,
        "t0": null,
        "t00": null,
        "Shape_Length": 4.0920406921807295
      }
    },
    {
      "type": "Feature",
      "id": 52,
      "geometry": {
        "type": "LineString",
        "coordinates": [
          [
            80.34222894329453,
            7.052184130516587
          ],
          [
            80.34221357963793,
            7.052196012578661
          ],
          [
            80.34220437853672,
            7.052216695410496
          ],
          [
            80.34221662988165,
            7.052241659771978
          ],
          [
            80.3422236760345,
            7.052265929355871
          ],
          [
            80.34221951658124,
            7.052294126938063
          ]
        ]
      },
      "properties": {
        "OBJECTID": 52,
        "Entity": "LWPolyline",
        "Handle": "32E61",
        "Layer": "DN",
        "LyrFrzn": 0,
        "LyrOn": 1,
        "Color": 8,
        "Linetype": "Continuous",
        "Elevation": 63.106,
        "LineWt": 25,
        "RefName": "",
        "DocUpdate": 1783359710000,
        "DocId": 1.1061215596273316e+19,
        "t0": null,
        "t00": null,
        "Shape_Length": 13.66658577967522
      }
    },
    {
      "type": "Feature",
      "id": 53,
      "geometry": {
        "type": "LineString",
        "coordinates": [
          [
            80.3422764089828,
            7.052354283633358
          ],
          [
            80.34234953919717,
            7.0523810912249125
          ],
          [
            80.34236735791485,
            7.052393915500093
          ]
        ]
      },
      "properties": {
        "OBJECTID": 53,
        "Entity": "LWPolyline",
        "Handle": "32E62",
        "Layer": "DN",
        "LyrFrzn": 0,
        "LyrOn": 1,
        "Color": 8,
        "Linetype": "Continuous",
        "Elevation": 61.82200000000001,
        "LineWt": 25,
        "RefName": "",
        "DocUpdate": 1783359710000,
        "DocId": 1.1061215596273316e+19,
        "t0": null,
        "t00": null,
        "Shape_Length": 11.029017748408593
      }
    },
    {
      "type": "Feature",
      "id": 54,
      "geometry": {
        "type": "LineString",
        "coordinates": [
          [
            80.34227729771214,
            7.052350712871185
          ],
          [
            80.34235502489909,
            7.052375490823685
          ],
          [
            80.34237135276693,
            7.052379701814609
          ]
        ]
      },
      "properties": {
        "OBJECTID": 54,
        "Entity": "LWPolyline",
        "Handle": "32E63",
        "Layer": "DN",
        "LyrFrzn": 0,
        "LyrOn": 1,
        "Color": 8,
        "Linetype": "Continuous",
        "Elevation": 61.788999999999994,
        "LineWt": 25,
        "RefName": "",
        "DocUpdate": 1783359710000,
        "DocId": 1.1061215596273316e+19,
        "t0": null,
        "t00": null,
        "Shape_Length": 10.873569051691309
      }
    },
    {
      "type": "Feature",
      "id": 55,
      "geometry": {
        "type": "LineString",
        "coordinates": [
          [
            80.34215796932799,
            7.052644683723895
          ],
          [
            80.34213364517113,
            7.052699211088436
          ],
          [
            80.34212619937047,
            7.052720746653366
          ]
        ]
      },
      "properties": {
        "OBJECTID": 55,
        "Entity": "LWPolyline",
        "Handle": "32E76",
        "Layer": "DN",
        "LyrFrzn": 0,
        "LyrOn": 1,
        "Color": 8,
        "Linetype": "Continuous",
        "Elevation": 62.79399999999999,
        "LineWt": 25,
        "RefName": "",
        "DocUpdate": 1783359710000,
        "DocId": 1.1061215596273316e+19,
        "t0": null,
        "t00": null,
        "Shape_Length": 9.118616418105816
      }
    },
    {
      "type": "Feature",
      "id": 56,
      "geometry": {
        "type": "LineString",
        "coordinates": [
          [
            80.34211568191876,
            7.052763136496148
          ],
          [
            80.34210782384523,
            7.052800925995102
          ],
          [
            80.34209007173864,
            7.052856376194287
          ]
        ]
      },
      "properties": {
        "OBJECTID": 56,
        "Entity": "LWPolyline",
        "Handle": "32E77",
        "Layer": "DN",
        "LyrFrzn": 0,
        "LyrOn": 1,
        "Color": 8,
        "Linetype": "Continuous",
        "Elevation": 62.924,
        "LineWt": 25,
        "RefName": "",
        "DocUpdate": 1783359710000,
        "DocId": 1.1061215596273316e+19,
        "t0": null,
        "t00": null,
        "Shape_Length": 10.703123468625126
      }
    },
    {
      "type": "Feature",
      "id": 57,
      "geometry": {
        "type": "LineString",
        "coordinates": [
          [
            80.34161789962742,
            7.053736918955404
          ],
          [
            80.34159458544767,
            7.0537686172121505
          ],
          [
            80.34158289764935,
            7.053793385022172
          ],
          [
            80.34156431007875,
            7.053837690127874
          ]
        ]
      },
      "properties": {
        "OBJECTID": 57,
        "Entity": "LWPolyline",
        "Handle": "32E78",
        "Layer": "DN",
        "LyrFrzn": 0,
        "LyrOn": 1,
        "Color": 8,
        "Linetype": "Continuous",
        "Elevation": 66.184,
        "LineWt": 25,
        "RefName": "",
        "DocUpdate": 1783359710000,
        "DocId": 1.1061215596273316e+19,
        "t0": null,
        "t00": null,
        "Shape_Length": 12.686802944968921
      }
    },
    {
      "type": "Feature",
      "id": 58,
      "geometry": {
        "type": "LineString",
        "coordinates": [
          [
            80.34155647670907,
            7.053832306139389
          ],
          [
            80.34155294086014,
            7.053906129386221
          ]
        ]
      },
      "properties": {
        "OBJECTID": 58,
        "Entity": "LWPolyline",
        "Handle": "32E79",
        "Layer": "DN",
        "LyrFrzn": 0,
        "LyrOn": 1,
        "Color": 8,
        "Linetype": "Continuous",
        "Elevation": 66.577,
        "LineWt": 25,
        "RefName": "",
        "DocUpdate": 1783359710000,
        "DocId": 1.1061215596273316e+19,
        "t0": null,
        "t00": null,
        "Shape_Length": 8.170794637461826
      }
    },
    {
      "type": "Feature",
      "id": 59,
      "geometry": {
        "type": "LineString",
        "coordinates": [
          [
            80.34170908545897,
            7.053864740855291
          ],
          [
            80.34161431058308,
            7.053835589734493
          ]
        ]
      },
      "properties": {
        "OBJECTID": 59,
        "Entity": "LWPolyline",
        "Handle": "32E7A",
        "Layer": "DN",
        "LyrFrzn": 0,
        "LyrOn": 1,
        "Color": 8,
        "Linetype": "Continuous",
        "Elevation": 53.458999999999996,
        "LineWt": 25,
        "RefName": "",
        "DocUpdate": 1783359710000,
        "DocId": 1.1061215596273316e+19,
        "t0": null,
        "t00": null,
        "Shape_Length": 10.95235353671012
      }
    },
    {
      "type": "Feature",
      "id": 60,
      "geometry": {
        "type": "LineString",
        "coordinates": [
          [
            80.34171501374625,
            7.05383427539137
          ],
          [
            80.3416299202325,
            7.05380344643828
          ]
        ]
      },
      "properties": {
        "OBJECTID": 60,
        "Entity": "LWPolyline",
        "Handle": "32E7B",
        "Layer": "DN",
        "LyrFrzn": 0,
        "LyrOn": 1,
        "Color": 8,
        "Linetype": "Continuous",
        "Elevation": 53.651,
        "LineWt": 25,
        "RefName": "",
        "DocUpdate": 1783359710000,
        "DocId": 1.1061215596273316e+19,
        "t0": null,
        "t00": null,
        "Shape_Length": 9.997121285435302
      }
    },
    {
      "type": "Feature",
      "id": 61,
      "geometry": {
        "type": "LineString",
        "coordinates": [
          [
            80.34148067926688,
            7.053752084508287
          ],
          [
            80.3413270390167,
            7.053693579539691
          ]
        ]
      },
      "properties": {
        "OBJECTID": 61,
        "Entity": "LWPolyline",
        "Handle": "32E7C",
        "Layer": "DN",
        "LyrFrzn": 0,
        "LyrOn": 1,
        "Color": 8,
        "Linetype": "Continuous",
        "Elevation": 65.06,
        "LineWt": 25,
        "RefName": "",
        "DocUpdate": 1783359710000,
        "DocId": 1.1061215596273316e+19,
        "t0": null,
        "t00": null,
        "Shape_Length": 18.159780285173504
      }
    },
    {
      "type": "Feature",
      "id": 62,
      "geometry": {
        "type": "LineString",
        "coordinates": [
          [
            80.34131948838228,
            7.053712374194021
          ],
          [
            80.34146407951768,
            7.053773661421777
          ]
        ]
      },
      "properties": {
        "OBJECTID": 62,
        "Entity": "LWPolyline",
        "Handle": "32E7D",
        "Layer": "DN",
        "LyrFrzn": 0,
        "LyrOn": 1,
        "Color": 8,
        "Linetype": "Continuous",
        "Elevation": 71.22299999999998,
        "LineWt": 25,
        "RefName": "",
        "DocUpdate": 1783359710000,
        "DocId": 1.1061215596273316e+19,
        "t0": null,
        "t00": null,
        "Shape_Length": 17.347375882700227
      }
    },
    {
      "type": "Feature",
      "id": 63,
      "geometry": {
        "type": "LineString",
        "coordinates": [
          [
            80.34154292661714,
            7.054707387652456
          ],
          [
            80.34154232743832,
            7.054586759693691
          ],
          [
            80.34154187008792,
            7.0545330069959045
          ]
        ]
      },
      "properties": {
        "OBJECTID": 63,
        "Entity": "LWPolyline",
        "Handle": "32E80",
        "Layer": "DN",
        "LyrFrzn": 0,
        "LyrOn": 1,
        "Color": 8,
        "Linetype": "Continuous",
        "Elevation": 64.201,
        "LineWt": 25,
        "RefName": "",
        "DocUpdate": 1783359710000,
        "DocId": 1.1061215596273316e+19,
        "t0": null,
        "t00": null,
        "Shape_Length": 19.27886277600729
      }
    },
    {
      "type": "Feature",
      "id": 64,
      "geometry": {
        "type": "LineString",
        "coordinates": [
          [
            80.34155995951181,
            7.054706092857036
          ],
          [
            80.34155441842155,
            7.0545906572025014
          ],
          [
            80.34155481655523,
            7.054506243748837
          ]
        ]
      },
      "properties": {
        "OBJECTID": 64,
        "Entity": "LWPolyline",
        "Handle": "32E81",
        "Layer": "DN",
        "LyrFrzn": 0,
        "LyrOn": 1,
        "Color": 8,
        "Linetype": "Continuous",
        "Elevation": 64.201,
        "LineWt": 25,
        "RefName": "",
        "DocUpdate": 1783359710000,
        "DocId": 1.1061215596273316e+19,
        "t0": null,
        "t00": null,
        "Shape_Length": 22.10889265008204
      }
    },
    {
      "type": "Feature",
      "id": 65,
      "geometry": {
        "type": "LineString",
        "coordinates": [
          [
            80.340820215171,
            7.0549892995710515
          ],
          [
            80.3407957981705,
            7.054968433639312
          ]
        ]
      },
      "properties": {
        "OBJECTID": 65,
        "Entity": "LWPolyline",
        "Handle": "32E82",
        "Layer": "DN",
        "LyrFrzn": 0,
        "LyrOn": 1,
        "Color": 8,
        "Linetype": "Continuous",
        "Elevation": 68.75799999999998,
        "LineWt": 25,
        "RefName": "",
        "DocUpdate": 1783359710000,
        "DocId": 1.1061215596273316e+19,
        "t0": null,
        "t00": null,
        "Shape_Length": 3.5487757053246565
      }
    },
    {
      "type": "Feature",
      "id": 66,
      "geometry": {
        "type": "LineString",
        "coordinates": [
          [
            80.34077909332329,
            7.054974642307747
          ],
          [
            80.34078931968338,
            7.054978148253734
          ],
          [
            80.34080265489571,
            7.054985765181319
          ],
          [
            80.34081725533612,
            7.054995057286091
          ]
        ]
      },
      "properties": {
        "OBJECTID": 66,
        "Entity": "LWPolyline",
        "Handle": "32E83",
        "Layer": "DN",
        "LyrFrzn": 0,
        "LyrOn": 1,
        "Color": 8,
        "Linetype": "Continuous",
        "Elevation": 71.311,
        "LineWt": 25,
        "RefName": "",
        "DocUpdate": 1783359710000,
        "DocId": 1.1061215596273316e+19,
        "t0": null,
        "t00": null,
        "Shape_Length": 4.802624967240295
      }
    },
    {
      "type": "Feature",
      "id": 67,
      "geometry": {
        "type": "LineString",
        "coordinates": [
          [
            80.33743674643283,
            7.058096039566529
          ],
          [
            80.33743531727791,
            7.058101401431188
          ],
          [
            80.3374200722494,
            7.058150604592166
          ],
          [
            80.33742739587339,
            7.058164264424328
          ],
          [
            80.33745294165202,
            7.058282722430833
          ],
          [
            80.33740094852233,
            7.058348625412421
          ],
          [
            80.33728925991788,
            7.058592917448269
          ],
          [
            80.33733693504166,
            7.058774606749672
          ],
          [
            80.33735112167835,
            7.058858395890081
          ],
          [
            80.33735901601278,
            7.058948227435629
          ],
          [
            80.33735947595734,
            7.058962239337509
          ]
        ]
      },
      "properties": {
        "OBJECTID": 67,
        "Entity": "LWPolyline",
        "Handle": "32E8B",
        "Layer": "DN",
        "LyrFrzn": 0,
        "LyrOn": 1,
        "Color": 4,
        "Linetype": "Continuous",
        "Elevation": 76.87799999999999,
        "LineWt": 25,
        "RefName": "",
        "DocUpdate": 1783359710000,
        "DocId": 1.1061215596273316e+19,
        "t0": null,
        "t00": null,
        "Shape_Length": 102.06458746667926
      }
    },
    {
      "type": "Feature",
      "id": 68,
      "geometry": {
        "type": "LineString",
        "coordinates": [
          [
            80.33744196119584,
            7.058096408783346
          ],
          [
            80.33744056053372,
            7.058164491155964
          ],
          [
            80.33746552128218,
            7.058286855923428
          ],
          [
            80.33741737913863,
            7.058376182788471
          ],
          [
            80.33730229920658,
            7.058592176154321
          ],
          [
            80.33734581401683,
            7.058776944012342
          ],
          [
            80.33735674537385,
            7.058857725473886
          ],
          [
            80.33737149251539,
            7.058948489375505
          ],
          [
            80.337372922585,
            7.058961580029083
          ]
        ]
      },
      "properties": {
        "OBJECTID": 68,
        "Entity": "LWPolyline",
        "Handle": "32E8C",
        "Layer": "DN",
        "LyrFrzn": 0,
        "LyrOn": 1,
        "Color": 4,
        "Linetype": "Continuous",
        "Elevation": 76.87799999999999,
        "LineWt": 25,
        "RefName": "",
        "DocUpdate": 1783359710000,
        "DocId": 1.1061215596273316e+19,
        "t0": null,
        "t00": null,
        "Shape_Length": 101.21907398138183
      }
    },
    {
      "type": "Feature",
      "id": 69,
      "geometry": {
        "type": "LineString",
        "coordinates": [
          [
            80.33736145410954,
            7.059003760307698
          ],
          [
            80.33736627555709,
            7.059051481380568
          ],
          [
            80.33736922449975,
            7.059110705481084
          ],
          [
            80.33738428250984,
            7.059220987882131
          ]
        ]
      },
      "properties": {
        "OBJECTID": 69,
        "Entity": "LWPolyline",
        "Handle": "32E8D",
        "Layer": "DN",
        "LyrFrzn": 0,
        "LyrOn": 1,
        "Color": 4,
        "Linetype": "Continuous",
        "Elevation": 60.422000000000004,
        "LineWt": 25,
        "RefName": "",
        "DocUpdate": 1783359710000,
        "DocId": 1.1061215596273316e+19,
        "t0": null,
        "t00": null,
        "Shape_Length": 24.16321185091352
      }
    },
    {
      "type": "Feature",
      "id": 70,
      "geometry": {
        "type": "LineString",
        "coordinates": [
          [
            80.3373756337779,
            7.059003355309985
          ],
          [
            80.33737077751742,
            7.059011923407424
          ],
          [
            80.33742950760119,
            7.0592053855476
          ]
        ]
      },
      "properties": {
        "OBJECTID": 70,
        "Entity": "LWPolyline",
        "Handle": "32E8E",
        "Layer": "DN",
        "LyrFrzn": 0,
        "LyrOn": 1,
        "Color": 4,
        "Linetype": "Continuous",
        "Elevation": 60.232000000000006,
        "LineWt": 25,
        "RefName": "",
        "DocUpdate": 1783359710000,
        "DocId": 1.1061215596273316e+19,
        "t0": null,
        "t00": null,
        "Shape_Length": 23.438528147495415
      }
    },
    {
      "type": "Feature",
      "id": 71,
      "geometry": {
        "type": "LineString",
        "coordinates": [
          [
            80.33743623406,
            7.058061594140499
          ],
          [
            80.3374430594172,
            7.057992696341276
          ],
          [
            80.33744936216046,
            7.057941110602697
          ],
          [
            80.33742527608737,
            7.057802185037494
          ],
          [
            80.33740857921559,
            7.057688108496626
          ],
          [
            80.33739764165036,
            7.057598960074904
          ],
          [
            80.33739525988676,
            7.0574910818297685
          ],
          [
            80.3373956595716,
            7.057471074079191
          ],
          [
            80.33739939885776,
            7.057458443030925
          ],
          [
            80.33734433614421,
            7.057295385718261
          ],
          [
            80.33733684357597,
            7.057260469069504
          ],
          [
            80.33732466087983,
            7.05692637979938
          ]
        ]
      },
      "properties": {
        "OBJECTID": 71,
        "Entity": "LWPolyline",
        "Handle": "32E8F",
        "Layer": "DN",
        "LyrFrzn": 0,
        "LyrOn": 1,
        "Color": 4,
        "Linetype": "Continuous",
        "Elevation": 77.69999999999999,
        "LineWt": 25,
        "RefName": "",
        "DocUpdate": 1783359710000,
        "DocId": 1.1061215596273316e+19,
        "t0": null,
        "t00": null,
        "Shape_Length": 127.19220172048352
      }
    },
    {
      "type": "Feature",
      "id": 72,
      "geometry": {
        "type": "LineString",
        "coordinates": [
          [
            80.3374386332504,
            7.059302918243508
          ],
          [
            80.3374610313084,
            7.059304596297956
          ],
          [
            80.33753285630429,
            7.059383166689101
          ]
        ]
      },
      "properties": {
        "OBJECTID": 72,
        "Entity": "LWPolyline",
        "Handle": "32E9C",
        "Layer": "DN",
        "LyrFrzn": 0,
        "LyrOn": 1,
        "Color": 4,
        "Linetype": "Continuous",
        "Elevation": 46.877,
        "LineWt": 25,
        "RefName": "",
        "DocUpdate": 1783359710000,
        "DocId": 1.1061215596273316e+19,
        "t0": null,
        "t00": null,
        "Shape_Length": 14.244130888341724
      }
    },
    {
      "type": "Feature",
      "id": 73,
      "geometry": {
        "type": "LineString",
        "coordinates": [
          [
            80.33675340065813,
            7.060459921452562
          ],
          [
            80.33673549050813,
            7.060530277856208
          ],
          [
            80.33671285666735,
            7.060700442972352
          ],
          [
            80.33667595128766,
            7.060833755132545
          ],
          [
            80.33662721840022,
            7.06083534114286
          ],
          [
            80.33657759354095,
            7.060846541085653
          ],
          [
            80.33660428991787,
            7.060926286661443
          ],
          [
            80.33661040898849,
            7.060940179972933
          ]
        ]
      },
      "properties": {
        "OBJECTID": 73,
        "Entity": "LWPolyline",
        "Handle": "32E9E",
        "Layer": "DN",
        "LyrFrzn": 0,
        "LyrOn": 1,
        "Color": 4,
        "Linetype": "Continuous",
        "Elevation": 14.103999999999992,
        "LineWt": 25,
        "RefName": "",
        "DocUpdate": 1783359710000,
        "DocId": 1.1061215596273316e+19,
        "t0": null,
        "t00": null,
        "Shape_Length": 64.27329115858201
      }
    },
    {
      "type": "Feature",
      "id": 74,
      "geometry": {
        "type": "LineString",
        "coordinates": [
          [
            80.33659339503467,
            7.0609788608283806
          ],
          [
            80.336591196954,
            7.060990073935471
          ]
        ]
      },
      "properties": {
        "OBJECTID": 74,
        "Entity": "LWPolyline",
        "Handle": "32E9F",
        "Layer": "DN",
        "LyrFrzn": 0,
        "LyrOn": 1,
        "Color": 4,
        "Linetype": "Continuous",
        "Elevation": 9.774999999999999,
        "LineWt": 25,
        "RefName": "",
        "DocUpdate": 1783359710000,
        "DocId": 1.1061215596273316e+19,
        "t0": null,
        "t00": null,
        "Shape_Length": 1.2632026760346355
      }
    },
    {
      "type": "Feature",
      "id": 75,
      "geometry": {
        "type": "LineString",
        "coordinates": [
          [
            80.34111902614526,
            7.056236470284427
          ],
          [
            80.34116554400494,
            7.056225844319784
          ],
          [
            80.3412315884751,
            7.056198475808765
          ],
          [
            80.3413041835789,
            7.0562000254978825
          ],
          [
            80.34145691881228,
            7.056201145506396
          ],
          [
            80.34158359649139,
            7.056144112280423
          ],
          [
            80.341826097949,
            7.056056638246393
          ]
        ]
      },
      "properties": {
        "OBJECTID": 75,
        "Entity": "LWPolyline",
        "Handle": "33130",
        "Layer": "DN",
        "LyrFrzn": 0,
        "LyrOn": 1,
        "Color": 5,
        "Linetype": "Continuous",
        "Elevation": -20.427,
        "LineWt": 25,
        "RefName": "",
        "DocUpdate": 1783359710000,
        "DocId": 1.1061215596273316e+19,
        "t0": null,
        "t00": null,
        "Shape_Length": 81.87764150943357
      }
    },
    {
      "type": "Feature",
      "id": 76,
      "geometry": {
        "type": "LineString",
        "coordinates": [
          [
            80.35077828605135,
            7.064381631344141
          ],
          [
            80.35088417992948,
            7.064419217556498
          ],
          [
            80.35094963876351,
            7.064474711579049
          ],
          [
            80.35101469682805,
            7.0645124399232735
          ],
          [
            80.35106590619961,
            7.064533858270375
          ],
          [
            80.35117069529629,
            7.064552103877062
          ],
          [
            80.35130028912423,
            7.064560605919239
          ],
          [
            80.35132775896601,
            7.064560975192981
          ]
        ]
      },
      "properties": {
        "OBJECTID": 76,
        "Entity": "LWPolyline",
        "Handle": "3C9CF",
        "Layer": "DN",
        "LyrFrzn": 0,
        "LyrOn": 1,
        "Color": 4,
        "Linetype": "Continuous",
        "Elevation": 18.827999999999996,
        "LineWt": 25,
        "RefName": "",
        "DocUpdate": 1783359710000,
        "DocId": 1.1061215596273316e+19,
        "t0": null,
        "t00": null,
        "Shape_Length": 65.45806594288025
      }
    },
    {
      "type": "Feature",
      "id": 77,
      "geometry": {
        "type": "LineString",
        "coordinates": [
          [
            80.35129976946637,
            7.064569650569852
          ],
          [
            80.3514147018417,
            7.064560294707735
          ],
          [
            80.35152903661162,
            7.064537948828871
          ],
          [
            80.3516847955391,
            7.064548124362325
          ],
          [
            80.35170522355274,
            7.064612311602174
          ],
          [
            80.3517797058047,
            7.064690196319946
          ],
          [
            80.35188176384811,
            7.064829582675929
          ],
          [
            80.35216006434823,
            7.064893106126857
          ],
          [
            80.35224488705722,
            7.064918867605068
          ],
          [
            80.35240582461164,
            7.064955571144633
          ],
          [
            80.35257188502825,
            7.064961174697256
          ],
          [
            80.35270479919755,
            7.064939161873561
          ],
          [
            80.35280933441922,
            7.064907662632306
          ]
        ]
      },
      "properties": {
        "OBJECTID": 77,
        "Entity": "LWPolyline",
        "Handle": "3C9D0",
        "Layer": "DN",
        "LyrFrzn": 0,
        "LyrOn": 1,
        "Color": 4,
        "Linetype": "Continuous",
        "Elevation": 18.827999999999996,
        "LineWt": 25,
        "RefName": "",
        "DocUpdate": 1783359710000,
        "DocId": 1.1061215596273316e+19,
        "t0": null,
        "t00": null,
        "Shape_Length": 186.1287838846817
      }
    },
    {
      "type": "Feature",
      "id": 78,
      "geometry": {
        "type": "LineString",
        "coordinates": [
          [
            80.35130117775768,
            7.064553180903769
          ],
          [
            80.3514106433229,
            7.064548819528956
          ],
          [
            80.3515265404753,
            7.064509877562368
          ],
          [
            80.35169730757619,
            7.064542515534812
          ],
          [
            80.35171794969781,
            7.064609000596979
          ],
          [
            80.35178688026433,
            7.06468131469027
          ],
          [
            80.3518875101006,
            7.064812476814302
          ],
          [
            80.352168194923,
            7.064860834479863
          ],
          [
            80.35227755339139,
            7.064894445243207
          ],
          [
            80.35241574393064,
            7.064932700121188
          ],
          [
            80.35257151888611,
            7.06492497459576
          ],
          [
            80.35274275215083,
            7.064889546398551
          ],
          [
            80.3528093881625,
            7.064869019051445
          ]
        ]
      },
      "properties": {
        "OBJECTID": 78,
        "Entity": "LWPolyline",
        "Handle": "3C9D1",
        "Layer": "DN",
        "LyrFrzn": 0,
        "LyrOn": 1,
        "Color": 4,
        "Linetype": "Continuous",
        "Elevation": -63.99,
        "LineWt": 25,
        "RefName": "",
        "DocUpdate": 1783359710000,
        "DocId": 1.1061215596273316e+19,
        "t0": null,
        "t00": null,
        "Shape_Length": 185.9813110757408
      }
    },
    {
      "type": "Feature",
      "id": 79,
      "geometry": {
        "type": "LineString",
        "coordinates": [
          [
            80.34341737220502,
            7.050866165203106
          ],
          [
            80.34338198192432,
            7.05088364538296
          ],
          [
            80.34334891531263,
            7.050909866648168
          ],
          [
            80.34331483762038,
            7.050940392083119
          ],
          [
            80.34328268715058,
            7.050971851896707
          ],
          [
            80.34325312415731,
            7.051004744512569
          ]
        ]
      },
      "properties": {
        "OBJECTID": 79,
        "Entity": "LWPolyline",
        "Handle": "3C9D4",
        "Layer": "DN",
        "LyrFrzn": 0,
        "LyrOn": 1,
        "Color": 8,
        "Linetype": "Continuous",
        "Elevation": -63.99,
        "LineWt": 25,
        "RefName": "",
        "DocUpdate": 1783359710000,
        "DocId": 1.1061215596273316e+19,
        "t0": null,
        "t00": null,
        "Shape_Length": 23.93586295825063
      }
    },
    {
      "type": "Feature",
      "id": 80,
      "geometry": {
        "type": "LineString",
        "coordinates": [
          [
            80.34305826891763,
            7.0511718097950045
          ],
          [
            80.3430304326916,
            7.051187238223969
          ],
          [
            80.34300363709526,
            7.05120309324667
          ],
          [
            80.34297739659338,
            7.051216968113587
          ],
          [
            80.34295868507887,
            7.051220903667428
          ],
          [
            80.34294650745578,
            7.051227136887074
          ]
        ]
      },
      "properties": {
        "OBJECTID": 80,
        "Entity": "LWPolyline",
        "Handle": "3C9D5",
        "Layer": "DN",
        "LyrFrzn": 0,
        "LyrOn": 1,
        "Color": 8,
        "Linetype": "Continuous",
        "Elevation": -63.99,
        "LineWt": 25,
        "RefName": "",
        "DocUpdate": 1783359710000,
        "DocId": 1.1061215596273316e+19,
        "t0": null,
        "t00": null,
        "Shape_Length": 13.85768175993411
      }
    },
    {
      "type": "Feature",
      "id": 81,
      "geometry": {
        "type": "LineString",
        "coordinates": [
          [
            80.35970274203721,
            7.04818454720507
          ],
          [
            80.35969753663865,
            7.048183343368057
          ],
          [
            80.35959054069666,
            7.048160366197157
          ],
          [
            80.35952006877822,
            7.048145000100238
          ],
          [
            80.3593947764314,
            7.0481146032035085
          ],
          [
            80.35925524835363,
            7.048086761982308
          ],
          [
            80.35907108535247,
            7.048102877112058
          ],
          [
            80.35893733489563,
            7.048117766921309
          ],
          [
            80.35879950764848,
            7.048106745998104
          ],
          [
            80.35861935987138,
            7.048128339823177
          ]
        ]
      },
      "properties": {
        "OBJECTID": 81,
        "Entity": "LWPolyline",
        "Handle": "D6093",
        "Layer": "DN",
        "LyrFrzn": 0,
        "LyrOn": 1,
        "Color": 5,
        "Linetype": "Continuous",
        "Elevation": -1.9030000000000058,
        "LineWt": 25,
        "RefName": "",
        "DocUpdate": 1783359710000,
        "DocId": 1.1061215596273316e+19,
        "t0": null,
        "t00": null,
        "Shape_Length": 121.19142254983115
      }
    },
    {
      "type": "Feature",
      "id": 82,
      "geometry": {
        "type": "LineString",
        "coordinates": [
          [
            80.35859473036274,
            7.0479692572695205
          ],
          [
            80.35865832879814,
            7.0479684508573675
          ],
          [
            80.35878740873562,
            7.047947222942407
          ],
          [
            80.35895783840634,
            7.047979804858159
          ],
          [
            80.35912645407537,
            7.0479540830477445
          ],
          [
            80.35922242196953,
            7.0479592637651285
          ],
          [
            80.35929255748322,
            7.047912994129701
          ],
          [
            80.35940692727718,
            7.047893613748503
          ],
          [
            80.35951176428532,
            7.047945860701398
          ],
          [
            80.35970232029796,
            7.0480234644352695
          ],
          [
            80.3597429125877,
            7.048035513331575
          ]
        ]
      },
      "properties": {
        "OBJECTID": 82,
        "Entity": "LWPolyline",
        "Handle": "D6094",
        "Layer": "DN",
        "LyrFrzn": 0,
        "LyrOn": 1,
        "Color": 5,
        "Linetype": "Continuous",
        "Elevation": -20.427,
        "LineWt": 25,
        "RefName": "",
        "DocUpdate": 1783359710000,
        "DocId": 1.1061215596273316e+19,
        "t0": null,
        "t00": null,
        "Shape_Length": 132.53098406133853
      }
    }
  ]
}